VarID,varName_DF8,varName_DF9,varName_DF10,varName_DF9b,dbTable_DF8,dbTable_DF9,dbTable_DF9b,codesTable_DF9b,varMacroCategory,varCategory,varSubCategory,codedNAValue,CodedVar,DataType,VarType,CovertToFactorVar,FactorType,varCodesValues,accdbMetadata_VarDescription_Short,accdbMetadata_VarDescription_Long,accdbMetadata_PriorChangesToVar,accdbMetadata_Comments,DF8Metadata_Text,DF9Metadata_VarText,DF9Metadata_VarGroupText,DF10Metadata_Text,DF10_Removed,DF10_Aggregated,DF10_Renamed,DF10_Changed,DF10_NewVar,RC_VarDesignProblem,RC_VarDesignProblem_Comments
0,SSN,SSN,SSN,SSN,,,,,Metadata,Primary Key,Primary Key,,FALSE,Integer,Nominal,TRUE,Unordered,,SSN Primary Key,,,,,,,,FALSE,FALSE,FALSE,FALSE,FALSE,FALSE,
1,SITE,site,site,site,V301,location,Data_location,,Metadata,Locational Metadata,Spatial Provenience,,FALSE,Character,Nominal,TRUE,Unordered,,Site number,"The site number is a sequence of characters that identifies a single site, a unit of analysis that corresponds to various kinds of structural and spatial entities. Most site numbers used in this database correspond to designations used to label sites in the Millon et al. (1973) mapsheets.","Small numbers of sites have been subjected to post-fieldwork merging, and/or redesignation. This is much more common with subsite, rather than site designations, however.","Most sites correspond to single tracts of land ('collection tracts') that were used as the minimal unit of description, collection and analysis by the TMP. Some sites subsume one or more 'subsites', and in such cases, the subsites usually constitute the collection tracts that were defined and used by fieldworkers.Most sites were defined on the basis of visible architectural remains; a minority are based on spatial units that relate to recent or modern land-use practices. Site numbers are mostly integers, but some sites have the prefix ""L"". This indicates that the site was judged to lack significant evidence for occupation during the Teotihuacan Period, although there was evidence of earlier and/or later occupation; these determinations were sometimes later revised. Published references to TMP sites and subsites may use colons and subscripts that are not part of this database. A site designation such as 1B':N1E1 is composed of three parts: site 1; subsite B1; and square N1E1.","Site Number. A sequence of three characters, including blanks, corresponding to the identification in Millon, Drewitt, and Cowgill (1973). Usually, the only non-blank characters are numbers (right-justified), but sometimes the first character is ""L.""","Site Number Within Sector. Within each 500 by 500 meter sector of the TMP map grid, sites were numbered, starting from 1 (often for a site judged unusually interesting or well known) to some maximum number. Rarely, for various reasons, a number was skipped. Because sites were defined without regard for the edges of the arbitrary map grid sectors, some sites extend spatially into two or even three sectors. These were generally numbered as part of the sequence within the sector in which they mainly occur, but in a few cases a site that is mostly within one sector is numbered as part of the sequence for a neighboring sector. For example, site 37:N5W1 is actually within sector N5E1. As explained in Chapter One, site numbers were generally assigned in the order in which sites were surveyed, but, for various reasons, survey sometimes jumped from one part of a sector to some distant part, so sites with numerically close IDs are not necessarily spatially close to one another, although they often are. Tracts that were initially judged to have significant amounts of pre- and/or post-Teotihuacan period materials were prefixed with the letter L, in a second numerical series – L1, L2, etc. In some cases, these initial interpretations were changed, and a few sites with the ""L"" designation were judged to have had significant Teotihuacan Period occupation, while a few other sites lacking the ""L"" were judged to have not been occupied or utilized during the Teotihuacan period. Users of this file should never rely on presence or absence of an ""L"" in this field as a secure indicator of Teotihuacan Period occupation. It is better to rely on other data fields and the ""interpretations"" sheets of Millon et al. (1973). Even so, there are some ambiguous cases, hopefully to be resolved eventually by excavations or other additional data.  ",,,FALSE,FALSE,FALSE,FALSE,FALSE,FALSE,
2,SUBSITE,subsite,subsite,subsite,V401,location,Data_location,,Metadata,Locational Metadata,Spatial Provenience,NONE,FALSE,Character,Nominal,TRUE,Unordered,,Subsite,"Alphanumeric code for identifying parts of a single site that were recorded individually, as well as related collections and code sheets.","A fair number of subsites have been subjected to post-fieldwork merging, and/or redesignation. This may sometimes be a cause of discrepency between the current database and its various predecessors.","NEED TO REMOVE SPACES!!; NEED TO MOVE SECONDARY SITES FROM SUBSITE COLUMN (alongside ""+"" and ""&"") TO SITE COLUMN;; Subsite designations were used to identify survey tracts, collections and records thought to relate to a single 'site', but which (for one of several possible reasons [Millon 1973:22]) were treated as individual collection tracts. The subsite field is blank for most cases, since many collections from sites and subsites shown as single structures in Millon et al. (1973) were merged. The field is still relevant for subsites that were interpreted as distinct structures and left unmerged.  Published references to TMP sites and subsites may use colons and subscripts that are not part of this database. A site designation such as 1B':N1E1 is composed of three parts: site 1; subsite B1; and square N1E1.","Subsite. Var. 2 is blank for most cases in DF8. It was originally used mainly for identifying separate code sheets for collections from multiple tracts of a single site and/or multiple collections from a given site. In DF8, most collections from sites and subsites shown as single structures in Millon, Drewitt, and Cowgill (1973) have been merged. However, subsite ID is still relevant for subsites interpreted as distinct structures and not merged in DF8. This variable is also sometimes used to indicate or at least suggest what was done when two or more sites that were given separate site IDs on the published map are merged (for reasons discussed on p. 2) in DF8. Occasionally, an otherwise mysterious digit in the rightmost space of var.2 is a survival from an indicator of a repeat collection on the original code sheets.","Subsite ID. This data field is blank for most DF9 cases. Sometimes, however, different tracts that share the same site number (data field 1) have been interpreted as representing different structures and appear as separate cases in DF9, distinguished only by having distinct subsite IDs. Sometimes the subsite ID has a fairly obvious interpretation, such as NW for the northwest part of the site, but often the subsite ID will be a seemingly arbitrary string of up to four characters. Many of these are the result of trying to suggest some complex merging of units originally described as separate during the field survey, within the limits of a 4-character fixed field. In a few cases an otherwise mysterious digit in the rightmost space of this data field is a survivor, not edited out, of an indicator on the original code sheet of a second collection from the same tract.",,,FALSE,FALSE,FALSE,FALSE,FALSE,FALSE,
3,UNIT,unit,unit,unit,V401,location,Data_location,,Metadata,Locational Metadata,Spatial Provenience,,FALSE,Character,Nominal,TRUE,Unordered,,Map square designation,"A four character designation for a 500m square containing the site or subsite. These squares were based on a grid system established near the beginning of the TMP survey, with its origin near the southwest corner of the Ciudadela. The first two characters indicate the square's position north or south of the origin; the second two characters indicate its position east or west of the origin (eg. N5W4, S2E6).",,Published references to TMP sites and subsites may use colons and subscripts that are not part of this database. A site designation such as 1B':N1E1 is composed of three parts: site 1; subsite B1; and square N1E1.,"Map square designation. N2W8, S3E7, etc., as on the published map.","Map Sector ID. These are the 500 by 500 meter (25 ha) sectors of the TMP map – N2W8, S3E7, etc. ",,,FALSE,FALSE,FALSE,FALSE,FALSE,FALSE,
4,NORTHING,northing,northing,northing,V401,location,Data_location,,Metadata,Locational Metadata,Spatial Provenience,-999,FALSE,Integer,Interval,FALSE,,,North-south location of site,"This is the distance from the center of the site north or south of the center of the Teotihuacan map grid (the SW corner of N1E1), in multiples of 10 meters. Negative numbers are south, positive are north: 467 means ca. 4670m north, -211 means ca. 2100m south.",,NEEDS TO BE MULTIPLIED BY 10!!!!,"North-south location of site. Distance of the center of the site north or south from the center of the Teotihuacan map grid (SW corner of N1E1), in multiples of 10 meters. Negative numbers are south, positive are north. Thus, 467 means ca. 4670 m north, and -211 means ca. 2110 m south.Very useful for spatial analysis. Using the Pythagorean theorem, the geometric distance between any two sites is readily computed:  
\[ D = \sqrt{(10 \times \text{var.4})^2 + (10 \times \text{var.5})^2} \]. They are also quite helpful for locating sites since, within a 500-meter square, there is often no obvious relation between site number and spatial location. -999 = missing data ","North-South Location. This gives distance of the unit's midpoint from the center of the TMP map grid, which is at the southwest corner of sector N1E1, in multiples of 10 meters. For rectangular collection tracts, the midpoint is the center, which is also the centroid. Centroids of highly irregular tracts were probably estimated, but there was rarely any difficulty in doing this to the nearest ten meters. Negative numbers are south, positive numbers are north. Thus, 467 means ca. 4670 m north, and –211 means ca. 2110 m south.","North-South and East-West Location of Site: These two data fields are essentially the Cartesian coordinates of site midpoints, expressed in multiples of 10 m (change to actual meters?). Using the Pythagorean theorem, the straight-line distance between the midpoints of any two sites, i and j, Dij, is the square root of [(var.4i - var.4j)2 + (var.5i – var.5j)2]. This is very useful for many spatial analyses. Also, because site ID numbers (data field 1) often have no simple relation to their position with a sector, data fields 4 and 5 can be useful in locating specific sites, although this can be done more easily by a query that highlights the specific site on the map display. (Ian, is this right? Is there a better way to say it?)",,FALSE,FALSE,FALSE,FALSE,FALSE,FALSE,
5,EASTING,easting,easting,easting,V401,location,Data_location,,Metadata,Locational Metadata,Spatial Provenience,-999,FALSE,Integer,Interval,FALSE,,,East-west location of site,"This is the distance from the center of the site east or west of the center of the Teotihuacan map grid (the SW corner of N1E1), in multiples of 10 meters. Negative numbers are west, positive are east: 250 means ca. 2500m east, -420 means ca. 4200m west.",,NEEDS TO BE MULTIPLIED BY 10!!!!,"East-west location of site. Same as for N-S location. West is negative, east is positive. Very useful for spatial analysis. Using the Pythagorean theorem, the geometric distance between any two sites is readily computed:  
\[ D = \sqrt{(10 \times \text{var.4})^2 + (10 \times \text{var.5})^2} \]. They are also quite helpful for locating sites since, within a 500-meter square, there is often no obvious relation between site number and spatial location.  -999 = missing data ","East-West Location. Defined the same way as north-south location. West is negative, east is positive.","North-South and East-West Location of Site: These two data fields are essentially the Cartesian coordinates of site midpoints, expressed in multiples of 10 m (change to actual meters?). Using the Pythagorean theorem, the straight-line distance between the midpoints of any two sites, i and j, Dij, is the square root of [(var.4i - var.4j)2 + (var.5i – var.5j)2]. This is very useful for many spatial analyses. Also, because site ID numbers (data field 1) often have no simple relation to their position with a sector, data fields 4 and 5 can be useful in locating specific sites, although this can be done more easily by a query that highlights the specific site on the map display. (Ian, is this right? Is there a better way to say it?)",,FALSE,FALSE,FALSE,FALSE,FALSE,FALSE,
6,FLDWRK1,fieldWorkers,workFie1,fieldWorker1,V201,fieldWorkers,Data_fieldWorkers,Codes_personnel,Metadata,Survey Methods Metadata,Personnel Involved,-1,TRUE,Integer,Nominal,TRUE,Unordered,1=René Millon; 2=Bruce Drewitt; 3=James A. Bennyhoff; 4=Pedro Baños; 5=George L. Cowgill; 6=Michael W. Spence; 7=Matthew Wallrath; 8=Joseph D. Marino; 9=Warren T. D. Barbour; 10=Arnulfo de Lucio; 11=José de Lucio; 12=Darlena K. Blucher; 13=Daniel W. Hungerford; 14=Donald R. Sutherland; 15=S. Jeffrey K. Wilkerson; 16=Steve M. Sharnoff; 17=Silvestre Sánchez; 18=Charles K. Fletcher; 19=Charles C. Kolb; 20=Clara Millon; 21=Wendy Drewitt; 22=James W. Dow; 23=Mario de Lucio; 24=Paul Shankman; 25=Chris D. Dodds; 26=G. Raymond Krotser; 27=A. Jane Quisenberry; 28=Michael S. West; 29=Dan B. Bruhns; 30=Karen O. Bruhns; 31=Silvia G. Duran; 32=Erica West,Field workers,,,,"Field workers. Five variables. Up to 5 field workers are listed, almost always in ascending order according to the list below. That is, if R. Millon is listed at all on the site survey record, he should always be listed for var.6. Bruce Drewitt would be listed for var.7 if Millon is listed for var.6. Otherwise, Drewitt would be listed for var.6. To find out, for example, which sites Michael Spence helped survey, one must check which sites have any of vars.6-10 coded ""6."" Numbers in parentheses are the number of sites for which the worker in question is coded present for any of vars.6-10. If the site record lists fewer than 5 fieldworkers, surplus variables are coded ""-1.""",,"Field Workers. DF8 was set up in such a way that it is not made explicit who had what role [also true of DF9?], and this is also not always entirely clear on the Site Survey Records (SSRs). Persons who were typically or always crew chiefs include Matthew Wallrath (1,050 cases), Bruce Drewitt (752 cases), Michael Spence (596 cases), James Bennyhoff (565 cases), René Millon (254 cases), Joseph Marino (251 cases), Charles Kolb (226 cases), and George Cowgill (150 cases). Beginning in 1965, Pedro Baños (3,326 cases, including those where he was a crew member) was usually a crew chief, but not before. Persons who never or almost never were crew chiefs include Arnulfo de Lucio (2,654 cases), Silvestre Sánchez (1,440 cases), José de Lucio (1,348 cases), Daniel Hungerford (212 cases), Clara Millon (102 cases), Dan Bruhns (75 cases), Silvia Duran (57 cases), Mario de Lucio (44 cases), James Dow (35 cases), Jane Quisenberry (31 cases), Karen Bruhns (12 cases), Paul Shankman (6 cases), and Michael West (3 cases). Cowgill is uncertain about the number of sites for which Steve Sharnoff (472 cases), Donald Sutherland (334 cases), Warren Barbour (256 cases), Darlena Blucher (215 cases), Jeffrey Wilkerson (139 cases), and Charles Fletcher (133 cases) served as crew chief rather than student assistant. A good indicator that one of them was likely crew chief is the absence on the SSR of any of those listed above as often a crew chief. Sometimes the order in which initials are listed on the SSR can be a clue, as is handwriting, although the SSR was often filled out by a student assistant rather than the crew chief.",,FALSE,FALSE,TRUE,FALSE,FALSE,TRUE,Change to Presence/Absence for each person;; This would mean converting these 5 variables into 32 boolean variables (one for each field worker) -- or 29 boolean variables if excluding the 3 of 32 personnel that are not present in any row
7,FLDWRK2,fieldWorkers,workFie2,fieldWorker2,V201,fieldWorkers,Data_fieldWorkers,Codes_personnel,Metadata,Survey Methods Metadata,Personnel Involved,-1,TRUE,Integer,Nominal,TRUE,Unordered,1=René Millon; 2=Bruce Drewitt; 3=James A. Bennyhoff; 4=Pedro Baños; 5=George L. Cowgill; 6=Michael W. Spence; 7=Matthew Wallrath; 8=Joseph D. Marino; 9=Warren T. D. Barbour; 10=Arnulfo de Lucio; 11=José de Lucio; 12=Darlena K. Blucher; 13=Daniel W. Hungerford; 14=Donald R. Sutherland; 15=S. Jeffrey K. Wilkerson; 16=Steve M. Sharnoff; 17=Silvestre Sánchez; 18=Charles K. Fletcher; 19=Charles C. Kolb; 20=Clara Millon; 21=Wendy Drewitt; 22=James W. Dow; 23=Mario de Lucio; 24=Paul Shankman; 25=Chris D. Dodds; 26=G. Raymond Krotser; 27=A. Jane Quisenberry; 28=Michael S. West; 29=Dan B. Bruhns; 30=Karen O. Bruhns; 31=Silvia G. Duran; 32=Erica West,Field workers,,,,"Field workers. Five variables. Up to 5 field workers are listed, almost always in ascending order according to the list below. That is, if R. Millon is listed at all on the site survey record, he should always be listed for var.6. Bruce Drewitt would be listed for var.7 if Millon is listed for var.6. Otherwise, Drewitt would be listed for var.6. To find out, for example, which sites Michael Spence helped survey, one must check which sites have any of vars.6-10 coded ""6."" Numbers in parentheses are the number of sites for which the worker in question is coded present for any of vars.6-10. If the site record lists fewer than 5 fieldworkers, surplus variables are coded ""-1.""",,"Field Workers. DF8 was set up in such a way that it is not made explicit who had what role [also true of DF9?], and this is also not always entirely clear on the Site Survey Records (SSRs). Persons who were typically or always crew chiefs include Matthew Wallrath (1,050 cases), Bruce Drewitt (752 cases), Michael Spence (596 cases), James Bennyhoff (565 cases), René Millon (254 cases), Joseph Marino (251 cases), Charles Kolb (226 cases), and George Cowgill (150 cases). Beginning in 1965, Pedro Baños (3,326 cases, including those where he was a crew member) was usually a crew chief, but not before. Persons who never or almost never were crew chiefs include Arnulfo de Lucio (2,654 cases), Silvestre Sánchez (1,440 cases), José de Lucio (1,348 cases), Daniel Hungerford (212 cases), Clara Millon (102 cases), Dan Bruhns (75 cases), Silvia Duran (57 cases), Mario de Lucio (44 cases), James Dow (35 cases), Jane Quisenberry (31 cases), Karen Bruhns (12 cases), Paul Shankman (6 cases), and Michael West (3 cases). Cowgill is uncertain about the number of sites for which Steve Sharnoff (472 cases), Donald Sutherland (334 cases), Warren Barbour (256 cases), Darlena Blucher (215 cases), Jeffrey Wilkerson (139 cases), and Charles Fletcher (133 cases) served as crew chief rather than student assistant. A good indicator that one of them was likely crew chief is the absence on the SSR of any of those listed above as often a crew chief. Sometimes the order in which initials are listed on the SSR can be a clue, as is handwriting, although the SSR was often filled out by a student assistant rather than the crew chief.",,FALSE,FALSE,TRUE,FALSE,FALSE,TRUE,Change to Presence/Absence for each person;; This would mean converting these 5 variables into 32 boolean variables (one for each field worker) -- or 29 boolean variables if excluding the 3 of 32 personnel that are not present in any row
8,FLDWRK3,fieldWorkers,workFie3,fieldWorker3,V201,fieldWorkers,Data_fieldWorkers,Codes_personnel,Metadata,Survey Methods Metadata,Personnel Involved,-1,TRUE,Integer,Nominal,TRUE,Unordered,1=René Millon; 2=Bruce Drewitt; 3=James A. Bennyhoff; 4=Pedro Baños; 5=George L. Cowgill; 6=Michael W. Spence; 7=Matthew Wallrath; 8=Joseph D. Marino; 9=Warren T. D. Barbour; 10=Arnulfo de Lucio; 11=José de Lucio; 12=Darlena K. Blucher; 13=Daniel W. Hungerford; 14=Donald R. Sutherland; 15=S. Jeffrey K. Wilkerson; 16=Steve M. Sharnoff; 17=Silvestre Sánchez; 18=Charles K. Fletcher; 19=Charles C. Kolb; 20=Clara Millon; 21=Wendy Drewitt; 22=James W. Dow; 23=Mario de Lucio; 24=Paul Shankman; 25=Chris D. Dodds; 26=G. Raymond Krotser; 27=A. Jane Quisenberry; 28=Michael S. West; 29=Dan B. Bruhns; 30=Karen O. Bruhns; 31=Silvia G. Duran; 32=Erica West,Field workers,,,,"Field workers. Five variables. Up to 5 field workers are listed, almost always in ascending order according to the list below. That is, if R. Millon is listed at all on the site survey record, he should always be listed for var.6. Bruce Drewitt would be listed for var.7 if Millon is listed for var.6. Otherwise, Drewitt would be listed for var.6. To find out, for example, which sites Michael Spence helped survey, one must check which sites have any of vars.6-10 coded ""6."" Numbers in parentheses are the number of sites for which the worker in question is coded present for any of vars.6-10. If the site record lists fewer than 5 fieldworkers, surplus variables are coded ""-1.""",,"Field Workers. DF8 was set up in such a way that it is not made explicit who had what role [also true of DF9?], and this is also not always entirely clear on the Site Survey Records (SSRs). Persons who were typically or always crew chiefs include Matthew Wallrath (1,050 cases), Bruce Drewitt (752 cases), Michael Spence (596 cases), James Bennyhoff (565 cases), René Millon (254 cases), Joseph Marino (251 cases), Charles Kolb (226 cases), and George Cowgill (150 cases). Beginning in 1965, Pedro Baños (3,326 cases, including those where he was a crew member) was usually a crew chief, but not before. Persons who never or almost never were crew chiefs include Arnulfo de Lucio (2,654 cases), Silvestre Sánchez (1,440 cases), José de Lucio (1,348 cases), Daniel Hungerford (212 cases), Clara Millon (102 cases), Dan Bruhns (75 cases), Silvia Duran (57 cases), Mario de Lucio (44 cases), James Dow (35 cases), Jane Quisenberry (31 cases), Karen Bruhns (12 cases), Paul Shankman (6 cases), and Michael West (3 cases). Cowgill is uncertain about the number of sites for which Steve Sharnoff (472 cases), Donald Sutherland (334 cases), Warren Barbour (256 cases), Darlena Blucher (215 cases), Jeffrey Wilkerson (139 cases), and Charles Fletcher (133 cases) served as crew chief rather than student assistant. A good indicator that one of them was likely crew chief is the absence on the SSR of any of those listed above as often a crew chief. Sometimes the order in which initials are listed on the SSR can be a clue, as is handwriting, although the SSR was often filled out by a student assistant rather than the crew chief.",,FALSE,FALSE,TRUE,FALSE,FALSE,TRUE,Change to Presence/Absence for each person;; This would mean converting these 5 variables into 32 boolean variables (one for each field worker) -- or 29 boolean variables if excluding the 3 of 32 personnel that are not present in any row
9,FLDWRK4,fieldWorkers,workFie4,fieldWorker4,V201,fieldWorkers,Data_fieldWorkers,Codes_personnel,Metadata,Survey Methods Metadata,Personnel Involved,-1,TRUE,Integer,Nominal,TRUE,Unordered,1=René Millon; 2=Bruce Drewitt; 3=James A. Bennyhoff; 4=Pedro Baños; 5=George L. Cowgill; 6=Michael W. Spence; 7=Matthew Wallrath; 8=Joseph D. Marino; 9=Warren T. D. Barbour; 10=Arnulfo de Lucio; 11=José de Lucio; 12=Darlena K. Blucher; 13=Daniel W. Hungerford; 14=Donald R. Sutherland; 15=S. Jeffrey K. Wilkerson; 16=Steve M. Sharnoff; 17=Silvestre Sánchez; 18=Charles K. Fletcher; 19=Charles C. Kolb; 20=Clara Millon; 21=Wendy Drewitt; 22=James W. Dow; 23=Mario de Lucio; 24=Paul Shankman; 25=Chris D. Dodds; 26=G. Raymond Krotser; 27=A. Jane Quisenberry; 28=Michael S. West; 29=Dan B. Bruhns; 30=Karen O. Bruhns; 31=Silvia G. Duran; 32=Erica West,Field workers,,,,"Field workers. Five variables. Up to 5 field workers are listed, almost always in ascending order according to the list below. That is, if R. Millon is listed at all on the site survey record, he should always be listed for var.6. Bruce Drewitt would be listed for var.7 if Millon is listed for var.6. Otherwise, Drewitt would be listed for var.6. To find out, for example, which sites Michael Spence helped survey, one must check which sites have any of vars.6-10 coded ""6."" Numbers in parentheses are the number of sites for which the worker in question is coded present for any of vars.6-10. If the site record lists fewer than 5 fieldworkers, surplus variables are coded ""-1.""",,"Field Workers. DF8 was set up in such a way that it is not made explicit who had what role [also true of DF9?], and this is also not always entirely clear on the Site Survey Records (SSRs). Persons who were typically or always crew chiefs include Matthew Wallrath (1,050 cases), Bruce Drewitt (752 cases), Michael Spence (596 cases), James Bennyhoff (565 cases), René Millon (254 cases), Joseph Marino (251 cases), Charles Kolb (226 cases), and George Cowgill (150 cases). Beginning in 1965, Pedro Baños (3,326 cases, including those where he was a crew member) was usually a crew chief, but not before. Persons who never or almost never were crew chiefs include Arnulfo de Lucio (2,654 cases), Silvestre Sánchez (1,440 cases), José de Lucio (1,348 cases), Daniel Hungerford (212 cases), Clara Millon (102 cases), Dan Bruhns (75 cases), Silvia Duran (57 cases), Mario de Lucio (44 cases), James Dow (35 cases), Jane Quisenberry (31 cases), Karen Bruhns (12 cases), Paul Shankman (6 cases), and Michael West (3 cases). Cowgill is uncertain about the number of sites for which Steve Sharnoff (472 cases), Donald Sutherland (334 cases), Warren Barbour (256 cases), Darlena Blucher (215 cases), Jeffrey Wilkerson (139 cases), and Charles Fletcher (133 cases) served as crew chief rather than student assistant. A good indicator that one of them was likely crew chief is the absence on the SSR of any of those listed above as often a crew chief. Sometimes the order in which initials are listed on the SSR can be a clue, as is handwriting, although the SSR was often filled out by a student assistant rather than the crew chief.",,FALSE,FALSE,TRUE,FALSE,FALSE,TRUE,Change to Presence/Absence for each person;; This would mean converting these 5 variables into 32 boolean variables (one for each field worker) -- or 29 boolean variables if excluding the 3 of 32 personnel that are not present in any row
10,FLDWRK5,fieldWorkers,workFie5,fieldWorker5,V201,fieldWorkers,Data_fieldWorkers,Codes_personnel,Metadata,Survey Methods Metadata,Personnel Involved,-1,TRUE,Integer,Nominal,TRUE,Unordered,1=René Millon; 2=Bruce Drewitt; 3=James A. Bennyhoff; 4=Pedro Baños; 5=George L. Cowgill; 6=Michael W. Spence; 7=Matthew Wallrath; 8=Joseph D. Marino; 9=Warren T. D. Barbour; 10=Arnulfo de Lucio; 11=José de Lucio; 12=Darlena K. Blucher; 13=Daniel W. Hungerford; 14=Donald R. Sutherland; 15=S. Jeffrey K. Wilkerson; 16=Steve M. Sharnoff; 17=Silvestre Sánchez; 18=Charles K. Fletcher; 19=Charles C. Kolb; 20=Clara Millon; 21=Wendy Drewitt; 22=James W. Dow; 23=Mario de Lucio; 24=Paul Shankman; 25=Chris D. Dodds; 26=G. Raymond Krotser; 27=A. Jane Quisenberry; 28=Michael S. West; 29=Dan B. Bruhns; 30=Karen O. Bruhns; 31=Silvia G. Duran; 32=Erica West,Field workers,,,,"Field workers. Five variables. Up to 5 field workers are listed, almost always in ascending order according to the list below. That is, if R. Millon is listed at all on the site survey record, he should always be listed for var.6. Bruce Drewitt would be listed for var.7 if Millon is listed for var.6. Otherwise, Drewitt would be listed for var.6. To find out, for example, which sites Michael Spence helped survey, one must check which sites have any of vars.6-10 coded ""6."" Numbers in parentheses are the number of sites for which the worker in question is coded present for any of vars.6-10. If the site record lists fewer than 5 fieldworkers, surplus variables are coded ""-1.""",,"Field Workers. DF8 was set up in such a way that it is not made explicit who had what role [also true of DF9?], and this is also not always entirely clear on the Site Survey Records (SSRs). Persons who were typically or always crew chiefs include Matthew Wallrath (1,050 cases), Bruce Drewitt (752 cases), Michael Spence (596 cases), James Bennyhoff (565 cases), René Millon (254 cases), Joseph Marino (251 cases), Charles Kolb (226 cases), and George Cowgill (150 cases). Beginning in 1965, Pedro Baños (3,326 cases, including those where he was a crew member) was usually a crew chief, but not before. Persons who never or almost never were crew chiefs include Arnulfo de Lucio (2,654 cases), Silvestre Sánchez (1,440 cases), José de Lucio (1,348 cases), Daniel Hungerford (212 cases), Clara Millon (102 cases), Dan Bruhns (75 cases), Silvia Duran (57 cases), Mario de Lucio (44 cases), James Dow (35 cases), Jane Quisenberry (31 cases), Karen Bruhns (12 cases), Paul Shankman (6 cases), and Michael West (3 cases). Cowgill is uncertain about the number of sites for which Steve Sharnoff (472 cases), Donald Sutherland (334 cases), Warren Barbour (256 cases), Darlena Blucher (215 cases), Jeffrey Wilkerson (139 cases), and Charles Fletcher (133 cases) served as crew chief rather than student assistant. A good indicator that one of them was likely crew chief is the absence on the SSR of any of those listed above as often a crew chief. Sometimes the order in which initials are listed on the SSR can be a clue, as is handwriting, although the SSR was often filled out by a student assistant rather than the crew chief.",,FALSE,FALSE,TRUE,FALSE,FALSE,TRUE,Change to Presence/Absence for each person;; This would mean converting these 5 variables into 32 boolean variables (one for each field worker) -- or 29 boolean variables if excluding the 3 of 32 personnel that are not present in any row
11,COLLYEAR,collectionYear,collectionYear,collectionYear,V201,admin,Data_admin,,Metadata,Survey Methods Metadata,Temporal Provenience,-1,FALSE,Integer,Interval,FALSE,,,Collection year,The last two digits of the year within which the collection was made.,,Collections made in December are coded for the following year.,"Last two digits of year collection made. December of each year gets assigned to the next year. Thus, a collection made in December 1964 is coded ""65.""",,"Year and Quarter of Collection. Most collections were made between 1962 and 1967, with 311 in 1962, 286 in 1963, 836 in 1964, 1,406 in 1965, 1,216 in 1966, 888 in 1967, 66 in 1968, 1 in 1969, and 4 in 1970). Data field 11 gives the last two digits of the year, with December of each year assigned to the next year. Thus, a collection made in December 1964 is coded ""65."" Data field 12 gives the quarter of the year in which the collection was made. Those coded ""1"" were made in December through February (915), ""2"" means March through May (803), ""3"" means June through August (1,972), and ""4"" means September through November (1,319). Joint use of these two data fields makes it easy to pin down the date of the collection by 3-month period. In cases where two collections made at different times were merged, we have to look up how this was handled. SSRs give the exact day(s) of the survey and collection.",,FALSE,FALSE,FALSE,FALSE,FALSE,FALSE,
12,COLLQURT,collectionQuarter,collectionQuarter,collectionQuarter,V201,admin,Data_admin,Codes_quarter,Metadata,Survey Methods Metadata,Temporal Provenience,-1,TRUE,Integer,Ordinal,TRUE,Ordered,1=December-February; ; 2=March-May ; 3=June-August ; 4=September-November,Collection quarter,Quarter within which the collection was made.,,,Quarter in which the collection was made. 1. December - February (915); 2. March - May (803); 3. June - August (1972); 4. September - November (1319),,"Year and Quarter of Collection. Most collections were made between 1962 and 1967, with 311 in 1962, 286 in 1963, 836 in 1964, 1,406 in 1965, 1,216 in 1966, 888 in 1967, 66 in 1968, 1 in 1969, and 4 in 1970). Data field 11 gives the last two digits of the year, with December of each year assigned to the next year. Thus, a collection made in December 1964 is coded ""65."" Data field 12 gives the quarter of the year in which the collection was made. Those coded ""1"" were made in December through February (915), ""2"" means March through May (803), ""3"" means June through August (1,972), and ""4"" means September through November (1,319). Joint use of these two data fields makes it easy to pin down the date of the collection by 3-month period. In cases where two collections made at different times were merged, we have to look up how this was handled. SSRs give the exact day(s) of the survey and collection.",,FALSE,FALSE,FALSE,FALSE,FALSE,FALSE,
13,LSTBUILD,lastBuildPhase,,lastBuildPhase,V201,description,Data_description,Codes_lastBuildPhase,Archaeology,Interpretations,Chronology,-1,TRUE,Integer,Nominal,TRUE,Unordered,"0=insufficient basis for judgement, or Patlachique; 1=Tzacualli; 2=Miccaotli; 3=Tlamimilolpa; 4=Xolalpan; 5=Metepec; 6=Oxtoticpac",Last major Teotihuacan building phase,This field records the last Teotihuacan occupation phase (Patlachique to Oxtoticpac) for which there was major evidence of building.,"A programming error in creating DF8 changed all ""-1""s for this field to ""0""s, thus mixing sites judged to have no Teotihuacan building phase later than Patlachique with those designated ""insufficient basis for judgement"".",DO NOT RELY ON VAR.13!!,"Last major Teotihuacan building phase. **DO NOT RELY ON VAR.13!** Var.13 was supposed to have been based on a sensitive reading of site records. However, few site records discussed this question explicitly, and in practice, coders relied almost entirely on a very mechanical interpretation of sherd counts, which one could do as well or better by looking at vars.205-217. Still better would be to look at the ""interpretations"" maps in Millon, Drewitt, and Cowgill (1973). In addition, a programming error in creating DF8 changed all the ""-1""s for var.13 to ""0,"" thereby losing the few (if any) sites judged to have no Teo. building phase later than Patl among the many sites originally coded ""insufficient basis for judgment.""","Last major Teotihuacan building phase.  DO NOT RELY ON THIS DATA FIELD! (Possibly omit it from the version for distribution.)  It was supposed to have been based on a sensitive reading of the SSRs. However, few SSRs discussed this question explicitly, and in practice coders relied almost entirely on a very mechanical interpretation of sherd counts, which could have been done as well or better by looking at data fields 205-217, and still better by looking at the ""interpretations"" maps of Millon et al. (1973). In addition, a programming error in creating DF8 (the predecessor to DF9) changed all the ""missing data"" values for data field 13 to zeros, thereby losing the few (if any) sites judged to have no major Teotihuacan building phase later than Patlachique. Note that the latest building phase is not necessarily the latest phase of significant occupation. Millon (1973:___) thinks that many substantial structures may have continued to be occupied somewhat later than the last phase well represented by surface debris because collapse of walls and roofs would have buried the material actually in use during the latest occupation of the site, but left re-used construction fill exposed. Cowgill is doubtful that material from the last significant Teotihuacan-period or later occupation phase of substantial structures is often absent on the surface, if any material at all is visible. Both Millon and Cowgill think that materials from the latest occupations of sites without substantial structures are likely to appear on the surface. In spite of all these reservations, data field 13 may be of some use in identifying sites that perhaps were not occupied in later parts of the Teotihuacan period. The relatively low number of sites considered to have definitely undergone construction during the Metepec phase is notable, but bear in mind that nearly half of all DF9 units were coded ""insufficient evidence for judgment"" on this data field.",,"Variable 13, last major Teotihuacan building phase (lastBuildPhase) was removed from DF10. According to Robertson and Cowgill 2012, this field was supposed to have been based on a sensitive reading of the SSRs. However, few SSRs discussed this question explicitly, and in practice coders relied almost entirely on a very mechanical interpretation of sherd counts, which could have been done as well or better by looking at data fields 205-217, and still better by looking at the “interpretations” maps of Millon et al. (1973). In addition, a programming error in creating DF8 (the predecessor to DF9) changed all the “missing data” values for data field 13 to zeros, thereby losing the few (if any) sites judged to have no major Teotihuacan building phase later than Patlachique.",TRUE,FALSE,FALSE,FALSE,FALSE,FALSE,
14,BURIALS,burials,burials,burials,V201,description,Data_description,Codes_burials,Archaeology,Interpretations,Burials,-1,TRUE,Integer,Nominal? Ordinal?,TRUE,UNK-TBD,"0=none observed; 1=possibly present; evidence destroyed by looting; 2=present, looted; collection not mainly grave material; 3=present, not looted; collection not mainly grave material; 4=present, looted; collection mainly grave material; 5=present, not looted; collection mainly grave material; 6=present, looted; collection entirely grave material; 7=present, not looted; collection entirely grave material; 8=burials possibly present; 9=other",Burials,"Combined observations bearing simultaneously on evidence for burials, looting, and the nature of collected artifacts.",,Needs to be checked by referring to original site records.,"Burials. This is an example of bad variable design. It tries to capture three things at once: evidence of burials, evidence of looted burials, and whether the collection is mainly burial material. The result is too complex to have been used much by the coders. We can be certain that burials would be found in a very high proportion of the sites coded ""0,"" if they were excavated. Var.107 is a better indicator of looting. Perhaps the main value of var.14 is that it identifies 7 sites from which the collections may be mostly or entirely remnants of burial offerings. However, this needs to be checked by referring to the original site records!","Burials. The main value of this data field is to identify 21 cases where remains indicative of burials were visible on the surface (Figure 3.x), sometimes as a result of recent looting, including 7 cases where the collection may consist mostly or entirely of burial offerings (but the SSRs must be checked to see if this is really the case) and another 84 cases where burials were judged possibly present.  However, the vast majority of substantial Teotihuacan Period structures have proven to include burials when excavated. ",,,FALSE,FALSE,FALSE,FALSE,FALSE,TRUE,SPLIT;; Separate: burial presence/absence ordinal scale ;; burial looting presence/absence ;; burial collection characteristics
15,MIDDEN,midden,midden,midden,V201,description,Data_description,Codes_midden,Archaeology,Interpretations,Middens,-1,TRUE,Integer,Ordinal,TRUE,Ordered,0=not observed; 1=possibly; 2=probably; 3=definitely,Midden deposits on site,Evidence for the existence of midden deposits on the site.,,"Very limited utility for analysis. This field is not very useful for judging where middens might be encountered upon excavation. Almost all cases were recorded as ""middens not observed"", indicating that surface evidence for middens is very rare at Teotihuacan.",Midden deposits on site. Var.15 is nearly useless for judging where middens might be found upon excavation. It does reflect the fact that obvious surface evidence of large middens is very rare at Teo.,"Midden deposits on site. At the outset of the TMP it was hoped that stratified middens could be found that would be strategic for excavations that could help refine the ceramic chronology. Disappointingly, very little evidence of such middens was visible on the surface and only 11 possible or definite middens are coded in DF9 (Figure 3.x). It seems likely that most midden material was recycled for use in later structures. There were a few exceptions, such as a midden deposit in site 39:N6W3 into which TMP excavation E12 was dug. The excavation spot is actually in the part of 39:N6W3 that is in sector N6W4 (Millon et al. 1973:6). Some other TMP excavations encountered deep layers of refuse, such as E23, in the Tepantitla apartment compound, 1:N4E2 (Millon 1992:346-47, Fig. 2).",,,FALSE,FALSE,FALSE,FALSE,FALSE,FALSE,
16,QNTSTONE,stoneQuant,stoneQuant,stoneQuant,V201,archMaterial,Data_archMaterial,Codes_stoneQuant,Archaeology,Architectural Observations,Materials,-1,TRUE,Integer,Ordinal,TRUE,Ordered,0=absent; 1=very sparse; 2=sparse to very sparse; 3=sparse; 4=sparse to moderate; 5=moderate; 6=moderate to abundant; 7=abundant; 8=abundant to very abundant; 9=very abundant,Quantity of stone on site,Quantity of stone observed on site.,,Much of this stone is likely to be the remains of ancient buildings.,Quantity of stone on site. Much of this stone is apt to be remains of ancient buildings.,"Quantity of stone on site.  As discussed in Chapter One, loose rocks are a common indicator of disintegrated elements of ancient structures, especially in combination with cascajo and other materials. DF9 case counts are absent (169), very sparse (485), sparse to very sparse (119), sparse (860), sparse to moderate (363), moderate (1,012), moderate to abundant (433), abundant (1,050), abundant to very abundant (108), and very abundant (298).  Figure 3.x shows sites where stone was judged abundant or very abundant. It is not clear how well standardized among field crews these judgments were. The SSR forms provide only the categories absent, very sparse, sparse, moderate, abundant, and very abundant, and intermediate judgments could only be indicated by drawing a line to connect two boxes. This undoubtedly accounts for the lower frequencies of the intermediate categories.",,,FALSE,FALSE,FALSE,FALSE,FALSE,FALSE,
17,DSTSTONE,stoneDist,stoneDist,stoneDist,V201,archMaterial,Data_archMaterial,Codes_stoneDist,Archaeology,Architectural Observations,Materials,-1,TRUE,Integer,Nominal,TRUE,Unordered,1=relatively uniform; 2=localized; 3=variable; 4=heavily modified due to clearing,Distribution of stone,Distributional patterns observed in stone on site.,,,Distribution of stone.,"Distribution of stone.  Relatively uniform stone distributions versus concentrations were probably among the data used in judging whether it was likely that ancient structures occupied most of a site or only a specific part. This data field also records whether stone clearing was thought likely to have altered the original situation. Many agricultural fields in the urban zone of ancient Teotihuacan are bordered by rows of piled stones from such clearing. Sometimes, at least, these modern stone rows are atop ancient Teotihuacan walls. DF9 codings are ""relatively uniform"" (3,151), ""localized"" (389), ""data field"" (575), and ""heavily modified due to clearing"" (263).",,,FALSE,FALSE,FALSE,FALSE,FALSE,TRUE,NEEDS HELP;; WOULD BE ORDINAL BUT FOR 4=heavily modified due to clearing 
18,CUTSTONE,stoneCut,,stoneCut,V202,archMaterial,Data_archMaterial,Codes_materials,Archaeology,Architectural Observations,Materials,-1,TRUE,Integer,Ordinal,TRUE,Ordered,0=none observed; 1=very sparse; 2=sparse; 3=present in unspecified quantity; 4=moderate; 5=abundant; 6=very abundant,Cut stone,Quantity of cut stone observed.,,,Materials indicative of ancient building activity,"Cut stone. Cut stone is another indicator of ancient structures. It was reported present to at least some extent in 2,911 DF9 cases (Figure 3.x). Abundance of cut stone may prove to have some value as an indicator of the wealth or status of the occupants of apartment compounds.",,"Variable 18, (stoneCut) was removed. This variable contained no artifacts or additional information as all values for this variable were 0.",TRUE,FALSE,FALSE,FALSE,FALSE,FALSE,
19,LAJAS,lajas,lajas,lajas,V202,archMaterial,Data_archMaterial,Codes_materials,Archaeology,Architectural Observations,Materials,-1,TRUE,Integer,Ordinal,TRUE,Ordered,0=none observed; 1=very sparse; 2=sparse; 3=present in unspecified quantity; 4=moderate; 5=abundant; 6=very abundant,Lajas,"Quantity of ""lajas"" observed. Lajas are tabular building stones used for a variety of purposes at Teotihuacan, including the construction of talud-tablero facades.",,,Materials indicative of ancient building activity,"Lajas. These naturally tabular stone fragments (probably from some not far distant source) are readily distinguished from ordinary rocks, and should be good indicators of the former present of talud-tablero platform or pyramid facings, since they were used extensively to support the overhanging parts of tableros. A few were used for other purposes, such as flagstones or bases or covers for cysts (e.g., Cache 1 at Tlamimilolpa [Linné 1942:121, 142]). They were present in varying quantities on the surface of 3,726 cases (Figure 3.x), supporting our impression that talud-tablero features were very common in Teotihuacan-period substantial structures of all kinds. Lajas reworked by crude flaking along one edge to serve as choppers are counted separately, as data field 142. ",,,FALSE,FALSE,FALSE,FALSE,FALSE,FALSE,
20,TEPETATE,tepetate,tepetate,tepetate,V202,archMaterial,Data_archMaterial,Codes_materials,Archaeology,Architectural Observations,Materials,-1,TRUE,Integer,Ordinal,TRUE,Ordered,0=none observed; 1=very sparse; 2=sparse; 3=present in unspecified quantity; 4=moderate; 5=abundant; 6=very abundant,Tepetate,"Quantity of ""tepetate"" observed. Tepetate is the sterile volcanic bedrock that characteristically underlies surface sediments at Teotihuacan, but is also exposed on the surface in many areas. Tepetate was often used as a building material by the prehispanic peoples of this area.",,,Materials indicative of ancient building activity,"Tepetate.  Tepetate is the local name for indurated volcanic ash subsoil. Chunks of tepetate were often used as part of the rubble cores of Teotihuacan-period walls. In places the subsoil has been exposed by erosion, but this data field refers to loose fragments of tepetate blocks, often quite small and irregular, which are another good surface indicator of ancient substantial construction. They were observed in varying amounts in 2,560 DF9 cases (Figure 3.x).",,,FALSE,FALSE,FALSE,FALSE,FALSE,FALSE,
21,ADOBE,adobe,adobe,adobe,V202,archMaterial,Data_archMaterial,Codes_materials,Archaeology,Architectural Observations,Materials,-1,TRUE,Integer,Ordinal,TRUE,Ordered,0=none observed; 1=very sparse; 2=sparse; 3=present in unspecified quantity; 4=moderate; 5=abundant; 6=very abundant,Adobe,"Quantity of ""adobe"" observed. Adobe is unfired mud and/or clay used as a building material.",,,Materials indicative of ancient building activity,"Adobe. Traces of adobes were observed in only 58 cases (Figure 3.x), probably because adobes disintegrate so readily when exposed to rain. Although structures composed mainly of adobes were probably rare at Teotihuacan, adobes are among the materials used for wall cores in apartment compounds and they are often one of the components in the fill of large pyramids and platforms, such as the Moon Pyramid (Cabrera and Sugiyama 1999) and the great surrounding platforms of the Ciudadela (Cabrera et al. 1982:17-18).",,,FALSE,FALSE,FALSE,FALSE,FALSE,FALSE,
22,XALNENE,xalnene,xalnene,xalnene,V202,archMaterial,Data_archMaterial,Codes_materials,Archaeology,Architectural Observations,Materials,-1,TRUE,Integer,Ordinal,TRUE,Ordered,0=none observed; 1=very sparse; 2=sparse; 3=present in unspecified quantity; 4=moderate; 5=abundant; 6=very abundant,Xalnene,"Quantity of ""xalnene"" observed. [I don't know what xalnene is… (a type of sand??) George?]",,,Materials indicative of ancient building activity,"Xalnene. This is sand, often added to Teotihuacan concrete and another indicator of ancient building activity. It was identified in only 111 cases in the TMP survey (Figure 3.x), probably because sand from decomposed concrete would tend to dissipate.",,,FALSE,FALSE,FALSE,FALSE,FALSE,FALSE,
23,CASCAJO,cascajo,cascajo,cascajo,V202,archMaterial,Data_archMaterial,Codes_materials,Archaeology,Architectural Observations,Materials,-1,TRUE,Integer,Ordinal,TRUE,Ordered,0=none observed; 1=very sparse; 2=sparse; 3=present in unspecified quantity; 4=moderate; 5=abundant; 6=very abundant,Cascajo,"Quantity of ""cascajo"" observed. [I don't know what cascajo/crushed tezontli is; George?]",,Crushed Tezontli,Materials indicative of ancient building activity,"Cascajo. This refers to gravel-sized chunks of the porous volcanic scoriae called tezontle. It was used extensively in Teotihuacan-period ""concrete,"" and is another excellent surface indicator of ancient building activity. It was seen in varying quantities in 2,664 DF9 cases (Figure 3.x). ",,,FALSE,FALSE,FALSE,FALSE,FALSE,FALSE,
24,CONCRETE,concrete,concrete,concrete,V202,archMaterial,Data_archMaterial,Codes_materials,Archaeology,Architectural Observations,Materials,-1,TRUE,Integer,Ordinal,TRUE,Ordered,0=none observed; 1=very sparse; 2=sparse; 3=present in unspecified quantity; 4=moderate; 5=abundant; 6=very abundant,Concrete fragments,"Quantity of concrete fragments observed. ""Teotihuacan concrete"" (quicklime) was a common building material at Teotihuacan.",,,Materials indicative of ancient building activity,"Concrete fragments. In the process of decay, Teotihuacan concrete facings of walls and floors often break up into loose chunks, before disintegrating altogether into cascajo and more ephemeral components (usually calcareous but sometimes mud or sand). Loose concrete fragments were observed in 1,355 DF9 cases (Figure 3.x).",,,FALSE,FALSE,FALSE,FALSE,FALSE,FALSE,
25,PLSTRUNP,plasterUnpaint,plasterUnpaint,plasterUnpaint,V202,archMaterial,Data_archMaterial,Codes_materials,Archaeology,Architectural Observations,Materials,-1,TRUE,Integer,Ordinal,TRUE,Ordered,0=none observed; 1=very sparse; 2=sparse; 3=present in unspecified quantity; 4=moderate; 5=abundant; 6=very abundant,Unpainted plaster fragments,Quantity of unpainted plaster fragments observed.,,,Materials indicative of ancient building activity,"Unpainted plaster fragments. Teotihuacan walls and floors usually had a layer of whitish calcareous plaster a few millimeters thick applied over their concrete facings. Unpainted plaster fragments were identified in 789 DF9 cases (Figure 3.x). This is a conservative estimate, since often the plaster breaks up into fragments too small to be easily seen.",,,FALSE,FALSE,FALSE,FALSE,FALSE,FALSE,
26,PLSTRPNT,plasterPaint,plasterPaint,plasterPaint,V202,archMaterial,Data_archMaterial,Codes_materials,Archaeology,Architectural Observations,Materials,-1,TRUE,Integer,Ordinal,TRUE,Ordered,0=none observed; 1=very sparse; 2=sparse; 3=present in unspecified quantity; 4=moderate; 5=abundant; 6=very abundant,Painted plaster fragments,Quantity of painted plaster observed.,,,Materials indicative of ancient building activity,"Painted plaster fragments. Sometimes the plaster facings of Teotihuacan walls or floors were painted, at least in part (Figure 3.x). Although the color is not recorded in DF9, it is likely that the vast majority of the 422 cases were red, since this is by far the most common color in excavated structures. Sites with traces of painted plaster suggest the possible presence of mural paintings. However, there are numerous excavated cases in which simple red borders were added to otherwise plain white plaster surfaces. Data field 34 records evidence of murals in situ.",,,FALSE,FALSE,FALSE,FALSE,FALSE,FALSE,
27,BURNCLAY,burntClay,burntClay,burntClay,V202,archMaterial,Data_archMaterial,Codes_materials,Archaeology,Architectural Observations,Materials,-1,TRUE,Integer,Ordinal,TRUE,Ordered,0=none observed; 1=very sparse; 2=sparse; 3=present in unspecified quantity; 4=moderate; 5=abundant; 6=very abundant,Burnt clay,Quantity of burnt clay observed.,,,Materials indicative of ancient building activity,"Burnt clay. Evidence of burnt clay (including bajareque) was reported from only 329 TMP cases (Figure 3.x). However, judging from the fact that many subsequently noted signs of burning were overlooked in the 1963-70 survey, it is likely that burnt clay was under-reported.",,,FALSE,FALSE,FALSE,FALSE,FALSE,FALSE,
28,ALMENA,almena,almena,almena,V202,archMaterial,Data_archMaterial,,Archaeology,Architectural Observations,Materials,-1,FALSE,Integer,Count,FALSE,,,Number of almena fragments collected,"Counts of ""almena"" fragments collected. Almenas are a type of roof decoration, typically made of stone, but also made of pottery, particularly granular ware.",,,Number of almena fragments collected. Var.28 belongs logically with vars.127-284 — counts of items collected. DF8 shows 661 almena fragments from 384 different sites.,"Number of almena fragments collected. Almenas are ornaments that border roofs of many Teotihuacan structures (Figure 3.x). Some of the larger ones are of stone, but most are ceramic. Macroscopically they appear to be made of Granular Ware, a fabric used for large jars or amphoras, shown clearly by instrumental neutron activation studies to be foreign to Teotihuacan, perhaps from a source in Guerrero (Cowgill and Neff 2001). I do not know whether any compositional studies have confirmed that almenas are actually made of the same ware, although macroscopic examination suggests it. A total of 661 almena fragments from 384 sites were collected by the TMP (Figure 3.x). Highest numbers were collected from sites 38:N3W1 (22), 16S:N2W1 (19), and 62:N5W3 (13). Unusual numbers of almena fragments were collected from sites in sector N3W1, totaling more than 137 (21% of the total of 661). In general almenas were fairly numerous elsewhere west of the Avenue of the Dead, in the W1 to W3 columns and rows N1 to N6. Only a few were collected from further west and surprisingly few were found more than 500 m east of the Avenue of the Dead. Most were associated with apartment compounds, and presumably their abundance has some relationship to socioeconomic statuses of neighborhoods. (We should try to figure out how much of the pattern might be due to different propensities of field crews to collect almenas).",,,FALSE,FALSE,FALSE,FALSE,FALSE,FALSE,
29,BRNDSTRC,burnedStruct,burnedStruct,burnedStruct,V202,archMaterial,Data_archMaterial,Codes_burnedStruct,Archaeology,Architectural Observations,Materials,-1,TRUE,Integer,Ordinal,TRUE,Ordered,0=absent; 1=present; 2=strong; 3=possible,Evidence of burned ancient structure,Assessment of evidence for burning of ancient architectural features.,,"The intent of this field was to gather information pertaining to the deliberate destruction by fire of much of Teotihuacan late in its Classic Period history; presumably, an attempt was made to record evidence for burning at a scale compatible with such an event, and not related to cooking, pottery firing, or similarly mundane activities.","Evidence of burned ancient structure. In 1979, a total of 212 sites were coded 1, 2, or 3. However, this does not include much of the additional evidence for burning that was collected in surveys by Pedro Baños addressed to this particular point in the late 70s or early 80s. Much of this new evidence has probably never been added to DF8, hence this variable **MISSES A LOT OF CASES!**","Evidence of burned ancient structure. This data field is of particular interest because excavated Teotihuacan-period structures sometimes show evidence of destruction by fire, and the extent of fiery destruction has implications for the circumstances surrounding the end of the city. In DF9, evidence of burning was noted for only 212 cases (Figure 3.x). However, at Millon's direction, Baños resurveyed large parts of the city in the late 70s or early 80s, and found much additional evidence of burning, much of which has not been added to DF9. It appears that burning was widespread among the temples and palaces in the central part of the city, but much less prevalent elsewhere, where it seems more likely that Teotihuacan Period structures were often abandoned and left to decay (e.g., Techinantitla) or briefly abandoned and then reoccupied by people making ceramics in the Coyotlatelco tradition (e.g., site __:N1E7 in the Metepec Hacienda area [Rattray 1983, 1987]). (We need to look up more data from the Baños survey. Copies of his records should be in GC's possession at ASU. Also, ask Rubén Cabrera or Sergio Gómez about evidence for burning in La Ventilla 92-94 – or read about it! 20 June 03: I believe that in Sept 02 René was vehemently of the opinion that there was good evidence of burning at Techinantitla, but I’m not sure of this. Check  publications & any of my own notes I can find.)",,,FALSE,FALSE,FALSE,FALSE,FALSE,TRUE,REORDER;; possible between present and absent
30,FLOORS,floors,floors,floors,V203,archMaterial,Data_archMaterial,Codes_archFeatures,Archaeology,Architectural Observations,In-Situ Features,-1,TRUE,Integer,Nominal? Ordinal?,TRUE,UNK-TBD,"0=problematic object that could be part of floor; 2=possible floor, evidence indirect or ambiguous; 3=one floor; 4=two or three floors; 5=four or more floors; 6=floor present, count unspecified; 9=other",Floors,Evidence for in situ floor remains.,,,Ancient architectural features in place,"Floors. Traces of in situ floors were observed in 942 DF9 cases (Figure 3.x). Nearly all were of concrete. Data field 38 gives more information about floor materials. [[Data fields 30-37:  Ancient architectural features found in situ. Note that one crew chief, Matthew Wallrath, tended to use SSR continuation sheets to make sketches of architectural features that look very nice but are almost wholly imaginary – what he thought ought to be there rather than what could actually be seen. These are not included in the counts below. The category ""staircase"" appears on the SSR but not in DF9 because no evidence of a staircase was ever reported during the survey. Staircases are, of course, present on all pyramids and at least most platforms but there is no known evidence that any residential structure at Teotihuacan had an architecturally substantial staircase except for the short ones leading from streets or courtyards up to surrounding platforms, which implies that residences did not have architecturally substantial second stories, although they generally had flat roofs and it is possible that ladders were used to gain access to roofs for some activities and possibly certain kinds of storage.]]",,,FALSE,FALSE,FALSE,FALSE,FALSE,TRUE,"SPLIT;; Separate: floors presence/absence ordinal scale ;; number of floors observed ;; WHAT TO DO WITH ""Other"""
31,WALLS,walls,walls,walls,V203,archMaterial,Data_archMaterial,Codes_archFeatures,Archaeology,Architectural Observations,In-Situ Features,-1,TRUE,Integer,Nominal? Ordinal?,TRUE,UNK-TBD,"0=problematic object that could be part of floor; 2=possible floor, evidence indirect or ambiguous; 3=one floor; 4=two or three floors; 5=four or more floors; 6=floor present, count unspecified; 9=other",Walls,Evidence for in situ walls.,,,Ancient architectural features in place,"Walls. In situ traces of walls, mostly of concrete, were observed in 932 DF9 cases (Figure 3.x). Often these were extremely short segments of walls, barely protruding above the ground surface or even level with the surface, but identifiable because of their distinctive materials. Figure 3.x (Millon 1973: Fig. 53c? Look thru prints in lab?) shows an example. In many cases traces of both walls and floors were present. Millon (1973:27) says that traces of walls and/or floors were detected in over 1200 sites. Data fields 39-41 give more information about in situ walls. [[Data fields 30-37:  Ancient architectural features found in situ. Note that one crew chief, Matthew Wallrath, tended to use SSR continuation sheets to make sketches of architectural features that look very nice but are almost wholly imaginary – what he thought ought to be there rather than what could actually be seen. These are not included in the counts below. The category ""staircase"" appears on the SSR but not in DF9 because no evidence of a staircase was ever reported during the survey. Staircases are, of course, present on all pyramids and at least most platforms but there is no known evidence that any residential structure at Teotihuacan had an architecturally substantial staircase except for the short ones leading from streets or courtyards up to surrounding platforms, which implies that residences did not have architecturally substantial second stories, although they generally had flat roofs and it is possible that ladders were used to gain access to roofs for some activities and possibly certain kinds of storage.]]",,,FALSE,FALSE,FALSE,FALSE,FALSE,TRUE,"SPLIT;; Separate: walls presence/absence ordinal scale ;; number of walls observed ;; WHAT TO DO WITH ""Other"""
32,DRAINS,drains,drainSitu,drainSitu,V203,archMaterial,Data_archMaterial,Codes_archFeatures,Archaeology,Architectural Observations,In-Situ Features,-1,TRUE,Integer,Nominal? Ordinal?,TRUE,UNK-TBD,"0=problematic object that could be part of floor; 2=possible floor, evidence indirect or ambiguous; 3=one floor; 4=two or three floors; 5=four or more floors; 6=floor present, count unspecified; 9=other",Drains,Evidence for in situ drain features.,,,Ancient architectural features in place,"Drains. Teotihuacan apartment compounds were well-supplied with sub-floor drains, which lead out to surrounding streets and would have been vital for removing rainwater accumulations from roofless but floored patios and courtyards. Data fields 144 and 145 refer to actual elements of stone drains, drain covers, and drain cover stoppers collected during the TMP survey. Data field 32 apparently refers to 55 cases in which in situ evidence of drains was seen (Figure 3.x). [[Data fields 30-37:  Ancient architectural features found in situ. Note that one crew chief, Matthew Wallrath, tended to use SSR continuation sheets to make sketches of architectural features that look very nice but are almost wholly imaginary – what he thought ought to be there rather than what could actually be seen. These are not included in the counts below. The category ""staircase"" appears on the SSR but not in DF9 because no evidence of a staircase was ever reported during the survey. Staircases are, of course, present on all pyramids and at least most platforms but there is no known evidence that any residential structure at Teotihuacan had an architecturally substantial staircase except for the short ones leading from streets or courtyards up to surrounding platforms, which implies that residences did not have architecturally substantial second stories, although they generally had flat roofs and it is possible that ladders were used to gain access to roofs for some activities and possibly certain kinds of storage.]]",,Some variable names were changed in order to avoid duplicate variable names. The variable ‘drains’ was found in two of the DF9 crosstab tables: archMaterials and lithicGround. The variable ‘drains’ in the archMaterials table was changed to drainSitu to represent that this variable represents drains identified in situ during survey. The variable ‘drains’ in the lithicGround table was changed to drainSurface to represent that this variable represents drain remnants found on the surface during survey.,FALSE,FALSE,TRUE,FALSE,FALSE,TRUE,"SPLIT;; Separate: drains presence/absence ordinal scale ;; number of drains observed ;; WHAT TO DO WITH ""Other"""
33,WALLFIXT,wallFixtures,wallFixSitu,wallFixSitu,V203,archMaterial,Data_archMaterial,Codes_archFeatures,Archaeology,Architectural Observations,In-Situ Features,-1,TRUE,Integer,Nominal? Ordinal?,TRUE,UNK-TBD,"0=problematic object that could be part of floor; 2=possible floor, evidence indirect or ambiguous; 3=one floor; 4=two or three floors; 5=four or more floors; 6=floor present, count unspecified; 9=other",Wall fixtures,Evidence for in situ wall fixtures.,,,Ancient architectural features in place,"Wall fixtures. These are stones with loops, embedded in doorways of a number of excavated structures, evidently used for tying back curtains (Figure 3.x). Data field 133 records 140 wall fixtures collected in survey, but data field 33 indicates that they were seen in situ in only 3 cases (Figure 3.x). [[Data fields 30-37:  Ancient architectural features found in situ. Note that one crew chief, Matthew Wallrath, tended to use SSR continuation sheets to make sketches of architectural features that look very nice but are almost wholly imaginary – what he thought ought to be there rather than what could actually be seen. These are not included in the counts below. The category ""staircase"" appears on the SSR but not in DF9 because no evidence of a staircase was ever reported during the survey. Staircases are, of course, present on all pyramids and at least most platforms but there is no known evidence that any residential structure at Teotihuacan had an architecturally substantial staircase except for the short ones leading from streets or courtyards up to surrounding platforms, which implies that residences did not have architecturally substantial second stories, although they generally had flat roofs and it is possible that ladders were used to gain access to roofs for some activities and possibly certain kinds of storage.]]",,Some variable names were changed in order to avoid duplicate variable names. The variable ‘wallFixtures’ was found in both archMaterial and lithicGround. The ‘wallFixtures’ in archMaterial was changed to ‘wallFixSitu’ and the ‘wallFixtures’ in lithicGround was changed to ‘wallFixSurf.’,FALSE,FALSE,TRUE,FALSE,FALSE,TRUE,"SPLIT;; Separate: wall fixtures presence/absence ordinal scale ;; number of wall fixtures observed ;; WHAT TO DO WITH ""Other"""
34,MURALS,murals,murals,murals,V203,archMaterial,Data_archMaterial,Codes_archFeatures,Archaeology,Architectural Observations,In-Situ Features,-1,TRUE,Integer,Nominal? Ordinal?,TRUE,UNK-TBD,"0=problematic object that could be part of floor; 2=possible floor, evidence indirect or ambiguous; 3=one floor; 4=two or three floors; 5=four or more floors; 6=floor present, count unspecified; 9=other",Murals,Evidence for in situ murals.,,,Ancient architectural features in place,"Murals. Traces of in situ murals were recorded in 45 cases (Figure 3.x). Many of these may be from excavated structures. Excavations would surely reveal more murals in sites where no traces were visible on the surface, but the prevalence of murals in Teotihuacan apartment compounds is still a matter of debate. It seems unlikely that there were many in residences occupied by people of low status or little wealth. Most surviving murals are on interior walls, because they were more protected there. A few murals in good condition survive on exterior walls, such as on the Avenue of the Dead in the ""Puma"" Group (Millon 1973: Fig. 10b). [Also shown in Miller 1973 and/or de la Fuente 1995?] Very faded but unmistakable murals are visible on some pyramid exteriors, such as the ""Adosada"" platform attached to the Feathered Serpent Pyramid in the Ciudadela. There is little doubt that at least the central parts of Teotihuacan were very colorful. [[Data fields 30-37:  Ancient architectural features found in situ. Note that one crew chief, Matthew Wallrath, tended to use SSR continuation sheets to make sketches of architectural features that look very nice but are almost wholly imaginary – what he thought ought to be there rather than what could actually be seen. These are not included in the counts below. The category ""staircase"" appears on the SSR but not in DF9 because no evidence of a staircase was ever reported during the survey. Staircases are, of course, present on all pyramids and at least most platforms but there is no known evidence that any residential structure at Teotihuacan had an architecturally substantial staircase except for the short ones leading from streets or courtyards up to surrounding platforms, which implies that residences did not have architecturally substantial second stories, although they generally had flat roofs and it is possible that ladders were used to gain access to roofs for some activities and possibly certain kinds of storage.]]",,,FALSE,FALSE,FALSE,FALSE,FALSE,TRUE,"SPLIT;; Separate: murals presence/absence ordinal scale ;; number of murals observed ;; WHAT TO DO WITH ""Other"""
35,COLUMNS,columns,columns,columns,V203,archMaterial,Data_archMaterial,Codes_archFeatures,Archaeology,Architectural Observations,In-Situ Features,-1,TRUE,Integer,Nominal? Ordinal?,TRUE,UNK-TBD,"0=problematic object that could be part of floor; 2=possible floor, evidence indirect or ambiguous; 3=one floor; 4=two or three floors; 5=four or more floors; 6=floor present, count unspecified; 9=other",Columns,Evidence for in situ columns.,,,Ancient architectural features in place,"Columns. All or most of these are rectangular in section. They are suggestive of high status occupants. Forty-four were observed in situ (Figure 3.x). There is no evidence for colonnades at Teotihuacan. [[Data fields 30-37:  Ancient architectural features found in situ. Note that one crew chief, Matthew Wallrath, tended to use SSR continuation sheets to make sketches of architectural features that look very nice but are almost wholly imaginary – what he thought ought to be there rather than what could actually be seen. These are not included in the counts below. The category ""staircase"" appears on the SSR but not in DF9 because no evidence of a staircase was ever reported during the survey. Staircases are, of course, present on all pyramids and at least most platforms but there is no known evidence that any residential structure at Teotihuacan had an architecturally substantial staircase except for the short ones leading from streets or courtyards up to surrounding platforms, which implies that residences did not have architecturally substantial second stories, although they generally had flat roofs and it is possible that ladders were used to gain access to roofs for some activities and possibly certain kinds of storage.]]",,,FALSE,FALSE,FALSE,FALSE,FALSE,TRUE,"SPLIT;; Separate: columns presence/absence ordinal scale ;; number of columns observed ;; WHAT TO DO WITH ""Other"""
36,TALUDES,taludes,taludes,taludes,V203,archMaterial,Data_archMaterial,Codes_archFeatures,Archaeology,Architectural Observations,In-Situ Features,-1,TRUE,Integer,Nominal? Ordinal?,TRUE,UNK-TBD,"0=problematic object that could be part of floor; 2=possible floor, evidence indirect or ambiguous; 3=one floor; 4=two or three floors; 5=four or more floors; 6=floor present, count unspecified; 9=other",Taludes,Evidence for in situ taludes.,,,Ancient architectural features in place,"Taludes. Major Teotihuacan walls, such as exterior walls of apartment compounds (and some interior walls) and free-standing walls, frequently are thickened near the base by sloping aprons (taludes) about a meter high (Figure 3.x). Some of the 192 TMP cases with taludes present (Figure 3.x) may be from such walls, while others may be parts of talud-tablero features. Many of the walls reported in the survey might prove to have taludes at their bases if they were excavated. [[Data fields 30-37:  Ancient architectural features found in situ. Note that one crew chief, Matthew Wallrath, tended to use SSR continuation sheets to make sketches of architectural features that look very nice but are almost wholly imaginary – what he thought ought to be there rather than what could actually be seen. These are not included in the counts below. The category ""staircase"" appears on the SSR but not in DF9 because no evidence of a staircase was ever reported during the survey. Staircases are, of course, present on all pyramids and at least most platforms but there is no known evidence that any residential structure at Teotihuacan had an architecturally substantial staircase except for the short ones leading from streets or courtyards up to surrounding platforms, which implies that residences did not have architecturally substantial second stories, although they generally had flat roofs and it is possible that ladders were used to gain access to roofs for some activities and possibly certain kinds of storage.]]",,,FALSE,FALSE,FALSE,FALSE,FALSE,TRUE,"SPLIT;; Separate: taludes presence/absence ordinal scale ;; number of taludes observed ;; WHAT TO DO WITH ""Other"""
37,TABLEROS,tableros,tableros,tableros,V203,archMaterial,Data_archMaterial,Codes_archFeatures,Archaeology,Architectural Observations,In-Situ Features,-1,TRUE,Integer,Nominal? Ordinal?,TRUE,UNK-TBD,"0=problematic object that could be part of floor; 2=possible floor, evidence indirect or ambiguous; 3=one floor; 4=two or three floors; 5=four or more floors; 6=floor present, count unspecified; 9=other",Tableros,Evidence for in situ tableros.,,,Ancient architectural features in place,"Tableros. These are the recessed vertical panels so typically set above taludes in Teotihuacan platforms and pyramids (Figure 3.x). The TMP survey reported 79 cases where surface evidence of tableros was present (Figure 3.x). Since tableros are present in virtually all excavated Teotihuacan structures, it is certain that a great many more cases would be found upon excavation. [[Data fields 30-37:  Ancient architectural features found in situ. Note that one crew chief, Matthew Wallrath, tended to use SSR continuation sheets to make sketches of architectural features that look very nice but are almost wholly imaginary – what he thought ought to be there rather than what could actually be seen. These are not included in the counts below. The category ""staircase"" appears on the SSR but not in DF9 because no evidence of a staircase was ever reported during the survey. Staircases are, of course, present on all pyramids and at least most platforms but there is no known evidence that any residential structure at Teotihuacan had an architecturally substantial staircase except for the short ones leading from streets or courtyards up to surrounding platforms, which implies that residences did not have architecturally substantial second stories, although they generally had flat roofs and it is possible that ladders were used to gain access to roofs for some activities and possibly certain kinds of storage.]]",,,FALSE,FALSE,FALSE,FALSE,FALSE,TRUE,"SPLIT;; Separate: tableros presence/absence ordinal scale ;; number of tableros observed ;; WHAT TO DO WITH ""Other"""
38,SITUFLRS,floorMaterial,floorMaterial,floorMaterial,V203,archMaterial,Data_archMaterial,Codes_FloorMat,Archaeology,Architectural Observations,Materials,-1,TRUE,Integer,Nominal,TRUE,Unordered,"1=floors present, materials unspecified; 2=earth only; 3=concrete only; 4=concrete, plastered at least in part; 5=some floors of earth and some of unplastered concrete; 6=some of earth, some of concrete with plaster; 7=crushed tezontli; 8=cobble paving; 9=other, including floors with red plaster",In situ floor materials,Materials recorded for in situ floors.,,,"Materials recorded for in situ floors. Cobble pavings do not seem to have ever been observed (or at least recorded) in survey, but excavations reveal them in parts of quite a few apartment compounds, at least in non-central parts of the city.","Materials recorded for in situ floors. Most observed floors were concrete. Very few earth floors were observed during survey, and no cobble floors. However, excavations reveal some cobble floors in apartment compounds (e.g., Tlajinga 33 [Storey 1992]), as well as earth floors.",,,FALSE,FALSE,FALSE,FALSE,FALSE,FALSE,
39,TALUDSTN,wallCoreStone,wallCoreStone,wallCoreStone,V203,archMaterial,Data_archMaterial,Codes_wallCoreStone,Archaeology,Architectural Observations,Materials,-1,TRUE,Integer,Nominal? Ordinal?,TRUE,UNK-TBD,"0=walls present, but no stone observed in them; 1=small stones; 2=medium stones; 3=stones present, unspecified size; 4=stones of mixed sizes; 5=large stones",Stone in wall cores,Stone (including tezontli) in cores of walls or taludes.,,,"Stone (including tezontli) in cores of walls or taludes. Var.39 is probably of little value. Site records only sporadically record information about stones in walls. The dominant coding is ""-1.""","Stone (including tezontle) in cores of walls or taludes. Data field 39 is probably of little value. SSRs only sporadically recorded information about stones in walls. The dominant coding is ""missing data.""",,,FALSE,FALSE,FALSE,FALSE,FALSE,TRUE,NEEDS HELP;; NEEDS HELP
40,WALLMATR,wallCoreOthMat,wallCoreOthMat,wallCoreOthMat,V203,archMaterial,Data_archMaterial,Codes_wallCoreOther,Archaeology,Architectural Observations,Materials,,TRUE,Integer,Nominal? Ordinal?,TRUE,UNK-TBD," -1=no walls, or walls but no data on materials present in wall core; 0=walls present but nothing except stone and/or tezontli observed; 1=tepetate is the only recorded additional material; 2=adobes present, plus possibly other materials; 3=other, including xalnene or tepetate and xalnene, but not adobes",Other wall core materials,"Materials in cores of walls, instead of or in addition to stone.",,,Other materials in cores of walls. Var.40 refers to materials that may be present in walls instead of or in addition to stone (var.39).,"Other materials in cores of walls. Occasionally other materials, such as tepetate or adobes, were recorded, but the dominant coding is ""missing data"" and this data field is of little value.",,,FALSE,FALSE,FALSE,FALSE,FALSE,TRUE,NEEDS HELP;; NEEDS HELP
41,WALLFACE,wallFacing,wallFacing,wallFacing,V203,archMaterial,Data_archMaterial,Codes_wallFacing,Archaeology,Architectural Observations,Materials,-1,TRUE,Integer,Nominal,TRUE,Unordered,0=apparently had no facing; 1=concrete; 2=concrete plus plaster; 3=mud; 4=plaster on mud; 5=facing material lost or uncertain; 6=concrete plus painted plaster; 9=other,Wall facing materials,Facing materials of walls or taludes.,,,Facing materials of walls or taludes,"Facing materials of walls or taludes. Most DF9 cases had walls faced with concrete or concrete plus plaster, but mud facings were reported for 121 cases (Figure 3.x), including five with plaster over mud. These may be a suggestion of low status occupants.",,,FALSE,FALSE,FALSE,FALSE,FALSE,FALSE,
42,INTRUSHD,intrusiveSherd,intrusiveSherd,intrusiveSherd,V204,description,Data_description,Codes_intrusiveSherd,Archaeology,Interpretations,Chronology,-1,TRUE,Integer,Nominal? Ordinal?,TRUE,UNK-TBD,0=isolated site; 1=average; 2=probably considerable; 3=probably primarily intrusive material; 9=other,Intrusive sherds,Judgment on intrusion of sherds from other sites/phases.This data field was intended to help identify cases where there was reason to think that the ceramic collection was unlikely to be representative of what would be found upon excavation. ,,This data field was intended to help identify cases where there was reason to think that the ceramic collection was unlikely to be representative of what would be found upon excavation. ,Judgment on intrusion of sherds from other sites,"Judgment on intrusion of sherds from other sites. This data field was intended to help identify cases where there was reason to think that the ceramic collection was unlikely to be representative of what would be found upon excavation. Some 183 DF9 cases are listed where intrusion is likely to be serious (Figure 3.x) but 4,556 are listed as ""average,"" which probably means that nothing special regarding intrusion or its absence was noted on the SSR. The SSR does not provide a specific place to record this phenomenon so if it was mentioned at all it would probably have been under ""comments.""",,,FALSE,FALSE,FALSE,FALSE,FALSE,TRUE,"NEEDS HELP;; Variable is ordinal from isolated to mainly intrusive, but what to do with ""Other"" = 9 category?? "
43,HEIGHT,height,height,height,V204,description,Data_description,,Archaeology,Architectural Observations,In-Situ Features,-1,FALSE,Integer,Ratio,FALSE,,0-98=height to nearest multiple of 10cm; 99=over 9.85m high,Height of site,Height of site to nearest decametre.,,"Multiply by 10 to get an estimate of the height of the site, plus or minus 5cm. Ex. ""5"" indicates a height estimate between 45 and 55 cm.","Height of site. For example, ""5"" means 50 plus or minus 5 cm (i.e., 45 to 55 cm).","Height of site. This refers to average height above surrounding terrain, and was generally estimated somewhat subjectively, especially where the terrain was sloping. Many height estimates were probably rounded to the nearest half meter or so. This data field is rather useful for distinguishing cases with no appreciable mounding, low mounding, moderate mounding, or considerable mounding such as is typical of pyramids. It can be used in conjunction with the 1-meter contours shown in Millon et al. (1973) [and an electronic layer showing contours?]. Height ranges reported include “flat” (1,997), 0.1-0.95 m (1,102), 1.0-1.95m (770), 2.0-2.95 m (250), 3.0-9.85 m (289), and 10 over 9.5 m. Figure 3.x show sites more than a meter high [four categories].",,,FALSE,FALSE,FALSE,FALSE,FALSE,TRUE,"NEEDS HELP;; How to handle a ratio variable with an overflow bin, such that all heights over 9.85m high =""99""??"
44,PMICARC1,arch1PMic,arch1PMic,arch1PMic,V204,archInterp,Data_archInterp,Codes_ArchInterpPrim,Archaeology,Interpretations,Architecture,-1,TRUE,Integer,Nominal,TRUE,Unordered,"1=room group; 2=room group; 3=casa humilde; 4=apartment compound; 5=temple base (incl. platforms & multi-tiered platforms); 6=pyramid (more than ca. 10m high); 7=simple platform; 8=platform with other structures on it; 9=platform with other structures on it; 10=platform with other structures on it; 11=platform in plaza (momoztli); 12=plaza; 13=free-standing wall or segment of wall; 14=access-way (alley, street, avenue, etc.); 15=avenue divider or possible avenue divider; 16=avenue divider or possible avenue divider; 17=cemetery; 18=dam; 19=occupation without durable structures; 20=probably not occupied or utilized in this period; 21=cave; 99=other",Pre-Miccaotli primary architectural interpretation,Primary architectural interpretation for Pre-Miccaotli occupation.,,Not reliable.,"Primary architectural interpretation of site. Interpretations are very similar for Mic-Tla, except for sites judged occupied in one of these periods but not the other. Interpretations for sites judged occupied before Micca and/or in Oxto are mainly based on the assumptions that temples stayed temples and residences stayed residences, except that it is assumed that there are no pre-Micca or Oxto apartment compounds. Var.44 is not at all trustworthy, and var.47 should not be used at all.",Primary architectural interpretation of site during the Patlachique-Tzacualli phase,"Primary architectural interpretation of site. We felt that trying to code the type of structure and what we thought it was used for tended to conflate two different things, so we set up data fields 44-47 to refer strictly to what kind of a structure it was thought to have been, and data fields 53-56 to refer to what we thought it was used for. [Refer to Hopkins 1987 ""network"" paper in McClung & Rattray 1987]  Because of frequent ambiguities in interpretations, we set up data fields 48-51 to refer to alternative architectural interpretations and data fields 57-60 to refer to alternative functional interpretations. We did not feel that our chronological control was often sufficient to make distinctions among specific ceramic phases, so we lumped them into time spans covering two or more phases. There is a great deal of ceramic evidence for pre-Miccaotli (i.e., Patlachique and/or Tzacualli, very rarely also Cuanalan phase) occupation at or near the sites of later structures but virtually no evidence about pre-Miccaotli structures in terms of their architectural features or likely uses. Any inferences about Miccaotli-Tlamimilolpa phase structures or uses simply assume that they were the same as in the Xolalpan-Metepec phases, except in rare cases where there did not seem to have been a post-Tlamimilolpa occupation. Very few, if any, structures were judged to date to the Oxtoticpac phase and, as of 2002, the very existence of an identifiable Oxtoticpac phase within the city of Teotihuacan was in question. For these reasons, DATA FIELDS 44, 45, 47, 48, 49, 51, 53, 54, 56, 57, 58, and 60 ARE OF EXTREMELY LIMITED OR NO VALUE. [Just get rid of them in the version for distribution, and simplify the discussion?]",,FALSE,FALSE,FALSE,FALSE,FALSE,TRUE,INTRODUCE HIERARCHY;; 
45,MCTLARC1,arch1McTl,arch1McTl,arch1McTl,V204,archInterp,Data_archInterp,Codes_ArchInterpPrim,Archaeology,Interpretations,Architecture,-1,TRUE,Integer,Nominal,TRUE,Unordered,"1=room group; 2=room group; 3=casa humilde; 4=apartment compound; 5=temple base (incl. platforms & multi-tiered platforms); 6=pyramid (more than ca. 10m high); 7=simple platform; 8=platform with other structures on it; 9=platform with other structures on it; 10=platform with other structures on it; 11=platform in plaza (momoztli); 12=plaza; 13=free-standing wall or segment of wall; 14=access-way (alley, street, avenue, etc.); 15=avenue divider or possible avenue divider; 16=avenue divider or possible avenue divider; 17=cemetery; 18=dam; 19=occupation without durable structures; 20=probably not occupied or utilized in this period; 21=cave; 99=other",Miccaotli-Tlamimilolpa primary architectural interpretation,Primary architectural interpretation for Miccaotli-Tlamimilolpa occupation.,,,"Primary architectural interpretation of site. Interpretations are very similar for Mic-Tla, except for sites judged occupied in one of these periods but not the other. Interpretations for sites judged occupied before Micca and/or in Oxto are mainly based on the assumptions that temples stayed temples and residences stayed residences, except that it is assumed that there are no pre-Micca or Oxto apartment compounds. Var.44 is not at all trustworthy, and var.47 should not be used at all.",Primary architectural interpretation of site during the Miccaotli-Tlamimilolpa phase,"Primary architectural interpretation of site. We felt that trying to code the type of structure and what we thought it was used for tended to conflate two different things, so we set up data fields 44-47 to refer strictly to what kind of a structure it was thought to have been, and data fields 53-56 to refer to what we thought it was used for. [Refer to Hopkins 1987 ""network"" paper in McClung & Rattray 1987]  Because of frequent ambiguities in interpretations, we set up data fields 48-51 to refer to alternative architectural interpretations and data fields 57-60 to refer to alternative functional interpretations. We did not feel that our chronological control was often sufficient to make distinctions among specific ceramic phases, so we lumped them into time spans covering two or more phases. There is a great deal of ceramic evidence for pre-Miccaotli (i.e., Patlachique and/or Tzacualli, very rarely also Cuanalan phase) occupation at or near the sites of later structures but virtually no evidence about pre-Miccaotli structures in terms of their architectural features or likely uses. Any inferences about Miccaotli-Tlamimilolpa phase structures or uses simply assume that they were the same as in the Xolalpan-Metepec phases, except in rare cases where there did not seem to have been a post-Tlamimilolpa occupation. Very few, if any, structures were judged to date to the Oxtoticpac phase and, as of 2002, the very existence of an identifiable Oxtoticpac phase within the city of Teotihuacan was in question. For these reasons, DATA FIELDS 44, 45, 47, 48, 49, 51, 53, 54, 56, 57, 58, and 60 ARE OF EXTREMELY LIMITED OR NO VALUE. [Just get rid of them in the version for distribution, and simplify the discussion?]",,FALSE,FALSE,FALSE,FALSE,FALSE,TRUE,INTRODUCE HIERARCHY;; 
46,XLMEARC1,arch1XlMe,arch1XlMe,arch1XlMe,V204,archInterp,Data_archInterp,Codes_ArchInterpPrim,Archaeology,Interpretations,Architecture,-1,TRUE,Integer,Nominal,TRUE,Unordered,"1=room group; 2=room group; 3=casa humilde; 4=apartment compound; 5=temple base (incl. platforms & multi-tiered platforms); 6=pyramid (more than ca. 10m high); 7=simple platform; 8=platform with other structures on it; 9=platform with other structures on it; 10=platform with other structures on it; 11=platform in plaza (momoztli); 12=plaza; 13=free-standing wall or segment of wall; 14=access-way (alley, street, avenue, etc.); 15=avenue divider or possible avenue divider; 16=avenue divider or possible avenue divider; 17=cemetery; 18=dam; 19=occupation without durable structures; 20=probably not occupied or utilized in this period; 21=cave; 99=other",Xolalpan-Metepec primary architectural interpretation,Primary architectural interpretation for Xolalpan-Metepec occupation.,,,"Primary architectural interpretation of site. Interpretations are very similar for Mic-Tla, except for sites judged occupied in one of these periods but not the other. Interpretations for sites judged occupied before Micca and/or in Oxto are mainly based on the assumptions that temples stayed temples and residences stayed residences, except that it is assumed that there are no pre-Micca or Oxto apartment compounds. Var.44 is not at all trustworthy, and var.47 should not be used at all.","Primary architectural interpretation during the Xolalpan-Metepec interval. Many of these interpretations seem quite clear. Others are less certain. The numbers of cases are: apartment compound (2,298); room group (76); insubstantial residences (""casas humildes"") (544); occupied but without durable structures (289); pyramid more than about 10 m high (12); temple base, including multi-tiered platforms (234); simple platform (153); platform with other structures on it (142); altar or platform in plaza (momoztli) (7); plaza (384); segment of an access way – avenue, street, alley, etc. (68); segment of a free-standing wall (41); cemetery (12); avenue divider or possible avenue divider (7); cave (7); ""other"" (35); and probably not occupied or utilized in this period (717). Figures 3.x to 3.x show the spatial distributions of these categories. The number judged to be primarily residential is 3,207. Platforms and pyramids total 548. However, some of the lower platforms are probably residential rather than civic-ceremonial structures. For example, site 15B:N6W3 was interpreted as a small, low platform, but subsequent excavations (Manzanilla 1993) revealed that it was residential.","Primary architectural interpretation of site. We felt that trying to code the type of structure and what we thought it was used for tended to conflate two different things, so we set up data fields 44-47 to refer strictly to what kind of a structure it was thought to have been, and data fields 53-56 to refer to what we thought it was used for. [Refer to Hopkins 1987 ""network"" paper in McClung & Rattray 1987]  Because of frequent ambiguities in interpretations, we set up data fields 48-51 to refer to alternative architectural interpretations and data fields 57-60 to refer to alternative functional interpretations. We did not feel that our chronological control was often sufficient to make distinctions among specific ceramic phases, so we lumped them into time spans covering two or more phases. There is a great deal of ceramic evidence for pre-Miccaotli (i.e., Patlachique and/or Tzacualli, very rarely also Cuanalan phase) occupation at or near the sites of later structures but virtually no evidence about pre-Miccaotli structures in terms of their architectural features or likely uses. Any inferences about Miccaotli-Tlamimilolpa phase structures or uses simply assume that they were the same as in the Xolalpan-Metepec phases, except in rare cases where there did not seem to have been a post-Tlamimilolpa occupation. Very few, if any, structures were judged to date to the Oxtoticpac phase and, as of 2002, the very existence of an identifiable Oxtoticpac phase within the city of Teotihuacan was in question. For these reasons, DATA FIELDS 44, 45, 47, 48, 49, 51, 53, 54, 56, 57, 58, and 60 ARE OF EXTREMELY LIMITED OR NO VALUE. [Just get rid of them in the version for distribution, and simplify the discussion?]",,FALSE,FALSE,FALSE,FALSE,FALSE,TRUE,INTRODUCE HIERARCHY;; 
47,OXTOARC1,arch1Oxto,arch1Oxto,arch1Oxto,V204,archInterp,Data_archInterp,Codes_ArchInterpPrim,Archaeology,Interpretations,Architecture,-1,TRUE,Integer,Nominal,TRUE,Unordered,"1=room group; 2=room group; 3=casa humilde; 4=apartment compound; 5=temple base (incl. platforms & multi-tiered platforms); 6=pyramid (more than ca. 10m high); 7=simple platform; 8=platform with other structures on it; 9=platform with other structures on it; 10=platform with other structures on it; 11=platform in plaza (momoztli); 12=plaza; 13=free-standing wall or segment of wall; 14=access-way (alley, street, avenue, etc.); 15=avenue divider or possible avenue divider; 16=avenue divider or possible avenue divider; 17=cemetery; 18=dam; 19=occupation without durable structures; 20=probably not occupied or utilized in this period; 21=cave; 99=other",Oxtoticpac primary architectural interpretation,Primary architectural interpretation for Oxtoticpac occupation.,,Should not be used at all.,"Primary architectural interpretation of site. Interpretations are very similar for Mic-Tla, except for sites judged occupied in one of these periods but not the other. Interpretations for sites judged occupied before Micca and/or in Oxto are mainly based on the assumptions that temples stayed temples and residences stayed residences, except that it is assumed that there are no pre-Micca or Oxto apartment compounds. Var.44 is not at all trustworthy, and var.47 should not be used at all.",Primary architectural interpretation of site during the Oxtoticpac phase,"Primary architectural interpretation of site. We felt that trying to code the type of structure and what we thought it was used for tended to conflate two different things, so we set up data fields 44-47 to refer strictly to what kind of a structure it was thought to have been, and data fields 53-56 to refer to what we thought it was used for. [Refer to Hopkins 1987 ""network"" paper in McClung & Rattray 1987]  Because of frequent ambiguities in interpretations, we set up data fields 48-51 to refer to alternative architectural interpretations and data fields 57-60 to refer to alternative functional interpretations. We did not feel that our chronological control was often sufficient to make distinctions among specific ceramic phases, so we lumped them into time spans covering two or more phases. There is a great deal of ceramic evidence for pre-Miccaotli (i.e., Patlachique and/or Tzacualli, very rarely also Cuanalan phase) occupation at or near the sites of later structures but virtually no evidence about pre-Miccaotli structures in terms of their architectural features or likely uses. Any inferences about Miccaotli-Tlamimilolpa phase structures or uses simply assume that they were the same as in the Xolalpan-Metepec phases, except in rare cases where there did not seem to have been a post-Tlamimilolpa occupation. Very few, if any, structures were judged to date to the Oxtoticpac phase and, as of 2002, the very existence of an identifiable Oxtoticpac phase within the city of Teotihuacan was in question. For these reasons, DATA FIELDS 44, 45, 47, 48, 49, 51, 53, 54, 56, 57, 58, and 60 ARE OF EXTREMELY LIMITED OR NO VALUE. [Just get rid of them in the version for distribution, and simplify the discussion?]",,FALSE,FALSE,FALSE,FALSE,FALSE,TRUE,INTRODUCE HIERARCHY;; 
48,PMICARC2,arch2PMic,arch2PMic,arch2PMic,V204,archInterp,Data_archInterp,Codes_ArchInterpAltern,Archaeology,Interpretations,Architecture,,TRUE,Integer,Nominal,TRUE,Unordered," -1=primary interpretation is the best assessment of a very ambiguous situation; 1=room group; 2=room group; 3=casa humilde; 4=apartment compound; 5=temple base (incl. platforms & multi-tiered platforms); 6=pyramid (more than ca. 10m high); 7=simple platform; 8=platform with other structures on it; 9=platform with other structures on it; 10=platform with other structures on it; 11=platform in plaza (momoztli); 12=plaza; 13=free-standing wall or segment of wall; 14=access-way (alley, street, avenue, etc.); 15=avenue divider or possible avenue divider; 16=avenue divider or possible avenue divider; 17=cemetery; 18=dam; 19=occupation without durable structures; 20=probably not occupied or utilized in this period; 21=cave; 77=no plausible alternative to the primary interpretation; 88=primary interpretation is the best assessment of a very ambiguous situation; 99=other",Pre-Miccaotli alternative architectural interpretation,Alternative architectural interpretation for Pre-Miccaotli occupation.,,"Code 77 is used when the primary interpretation appears quite certain. Codes 1-21 and 99 are used when there is a plausible alternative to the primary interpretation. Code -1 is used when the primary interpretation is uncertain, and there is no specific alternative interpretation that appears more probable than others.","Alternative architectural interpretation. Code 77 is used when the primary interpretation looks quite certain. Codes 1-21 and 99 are used when there is some definite alternative that is plausible, in addition to the primary interpretation. Code -1 is used when the primary interpretation is uncertain and there is no specific alternative interpretation that looks more probable than others. Use var.48 with caution and don't use var.51; our ideas of what is Oxto have changed greatly.",Alternative architectural interpretation during the Patlachique-Tzacualli phase,,,FALSE,FALSE,FALSE,FALSE,FALSE,TRUE,INTRODUCE HIERARCHY;; 
49,MCTLARC2,arch2McTl,arch2McTl,arch2McTl,V204,archInterp,Data_archInterp,Codes_ArchInterpAltern,Archaeology,Interpretations,Architecture,,TRUE,Integer,Nominal,TRUE,Unordered," -1=primary interpretation is the best assessment of a very ambiguous situation; 1=room group; 2=room group; 3=casa humilde; 4=apartment compound; 5=temple base (incl. platforms & multi-tiered platforms); 6=pyramid (more than ca. 10m high); 7=simple platform; 8=platform with other structures on it; 9=platform with other structures on it; 10=platform with other structures on it; 11=platform in plaza (momoztli); 12=plaza; 13=free-standing wall or segment of wall; 14=access-way (alley, street, avenue, etc.); 15=avenue divider or possible avenue divider; 16=avenue divider or possible avenue divider; 17=cemetery; 18=dam; 19=occupation without durable structures; 20=probably not occupied or utilized in this period; 21=cave; 77=no plausible alternative to the primary interpretation; 88=primary interpretation is the best assessment of a very ambiguous situation; 99=other",Miccaotli-Tlamimilolpa alternative architectural interpretation,Alternative architectural interpretation for Miccaotli-Tlamimilolpa occupation.,,,"Alternative architectural interpretation. Code 77 is used when the primary interpretation looks quite certain. Codes 1-21 and 99 are used when there is some definite alternative that is plausible, in addition to the primary interpretation. Code -1 is used when the primary interpretation is uncertain and there is no specific alternative interpretation that looks more probable than others. Use var.48 with caution and don't use var.51; our ideas of what is Oxto have changed greatly.",Alternative architectural interpretation during the Miccaotli-Tlamimilolpa phase,,,FALSE,FALSE,FALSE,FALSE,FALSE,TRUE,INTRODUCE HIERARCHY;; 
50,XLMEARC2,arch2XlMe,arch2XlMe,arch2XlMe,V204,archInterp,Data_archInterp,Codes_ArchInterpAltern,Archaeology,Interpretations,Architecture,,TRUE,Integer,Nominal,TRUE,Unordered," -1=primary interpretation is the best assessment of a very ambiguous situation; 1=room group; 2=room group; 3=casa humilde; 4=apartment compound; 5=temple base (incl. platforms & multi-tiered platforms); 6=pyramid (more than ca. 10m high); 7=simple platform; 8=platform with other structures on it; 9=platform with other structures on it; 10=platform with other structures on it; 11=platform in plaza (momoztli); 12=plaza; 13=free-standing wall or segment of wall; 14=access-way (alley, street, avenue, etc.); 15=avenue divider or possible avenue divider; 16=avenue divider or possible avenue divider; 17=cemetery; 18=dam; 19=occupation without durable structures; 20=probably not occupied or utilized in this period; 21=cave; 77=no plausible alternative to the primary interpretation; 88=primary interpretation is the best assessment of a very ambiguous situation; 99=other",Xolalpan-Metepec alternative architectural interpretation,Alternative architectural interpretation for Xolalpan-Metepec occupation.,,,"Alternative architectural interpretation. Code 77 is used when the primary interpretation looks quite certain. Codes 1-21 and 99 are used when there is some definite alternative that is plausible, in addition to the primary interpretation. Code -1 is used when the primary interpretation is uncertain and there is no specific alternative interpretation that looks more probable than others. Use var.48 with caution and don't use var.51; our ideas of what is Oxto have changed greatly.","Alternative architectural interpretation during the Xolalpan-Metepec interval. In some 3,710 TMP cases the primary architectural interpretation seems quite clear. In another 1,014 the primary interpretation is uncertain but there is no clear alternative. In 311 cases a definite ""second best guess"" could be suggested, using the same categories as for data field 46.",,,FALSE,FALSE,FALSE,FALSE,FALSE,TRUE,INTRODUCE HIERARCHY;; 
51,OXTOARC2,arch2Oxto,arch2Oxto,arch2Oxto,V204,archInterp,Data_archInterp,Codes_ArchInterpAltern,Archaeology,Interpretations,Architecture,,TRUE,Integer,Nominal,TRUE,Unordered," -1=primary interpretation is the best assessment of a very ambiguous situation; 1=room group; 2=room group; 3=casa humilde; 4=apartment compound; 5=temple base (incl. platforms & multi-tiered platforms); 6=pyramid (more than ca. 10m high); 7=simple platform; 8=platform with other structures on it; 9=platform with other structures on it; 10=platform with other structures on it; 11=platform in plaza (momoztli); 12=plaza; 13=free-standing wall or segment of wall; 14=access-way (alley, street, avenue, etc.); 15=avenue divider or possible avenue divider; 16=avenue divider or possible avenue divider; 17=cemetery; 18=dam; 19=occupation without durable structures; 20=probably not occupied or utilized in this period; 21=cave; 77=no plausible alternative to the primary interpretation; 88=primary interpretation is the best assessment of a very ambiguous situation; 99=other",Oxtoticpac alternative architectural interpretation,Alternative architectural interpretation for Oxtoticpac occupation.,,,"Alternative architectural interpretation. Code 77 is used when the primary interpretation looks quite certain. Codes 1-21 and 99 are used when there is some definite alternative that is plausible, in addition to the primary interpretation. Code -1 is used when the primary interpretation is uncertain and there is no specific alternative interpretation that looks more probable than others. Use var.48 with caution and don't use var.51; our ideas of what is Oxto have changed greatly.",Alternative architectural interpretation during the Oxtoticpac phase,,,FALSE,FALSE,FALSE,FALSE,FALSE,TRUE,INTRODUCE HIERARCHY;; 
52,QUALCNST,constructQual,constructQual,constructQual,V204,archInterp,Data_archInterp,Codes_ConstructQual,Archaeology,Interpretations,Architecture,-1,TRUE,Integer,Nominal? Ordinal?,TRUE,UNK-TBD," 0=probably only perishable materials; 1=very simple or below average; 2=ordinary, nothing special noted; 3=elaborate or very fine; 4=""both perishable and ""permanent"" architecture, perhaps pertaining to different periods""",Construction quality,Construction quality associated with the latest Teotihuacan Period occupation.,,,Construction quality. Var.52 generally applies to the latest Teo. occupation. Different field workers probably varied considerably in their sensitivity to this variable and their tendency to record comments about architectural quality on site records. Categories 1 and 3 are probably under-recorded.,"Construction quality. This data field generally applies to the latest Teotihuacan-period construction phase or occupation. The intent was to record evidence that might have a bearing on the status or wealth of the occupants or users, especially of apartment compounds. However, this data field does not correspond to any specific category on the SSR, and different field crews probably varied considerably in their tendency to record any comments about overall construction quality. Most of the 978 cases coded as ""very simple or below average"" or ""probably only perishable materials"" are probably among the 544 coded ""casas humildes"" for data field 46, but some are probably apartment compounds, while the 92 cases coded ""elaborate or very fine"" are probably all apartment compounds, room groups, or temples of some kind. [It should be easy to check this.]  Figure 3.x shows the spatial distribution of these coded above or below average. There is no doubt that among the 3,190 cases coded ""ordinary, nothing special noted,"" which are mostly apartment compounds, there actually lurks an immense range of variation, and many of these cases (but we don't know which ones!) ought to have been coded ""very simple"" or ""very fine.""",,,FALSE,FALSE,FALSE,FALSE,FALSE,TRUE,"SPLIT;; Separate: perishable T/F, permanent T/F, quality ordinal"
53,PMICFNC1,func1PMic,func1PMic,func1PMic,V204,archInterp,Data_archInterp,Codes_FuncInterpPrim,Archaeology,Interpretations,Architecture,-1,TRUE,Integer,Nominal,TRUE,Unordered,"1=low status residential, no obvious occupational specialization; 2=intermediate status residence; 3=residence of uncertain status; 4=high status residence; 5=high status residence; 6=altar; 7=temple platform; 8=temple in residential unit; 9=temple; 10=temple; 11=temple; 12=temple; 13=temple; 14=pyramid temple (over 10 m high); 15=possible temple for foreign gods; 16=probably temple, hard to fit into any of the above categories; 17=""civic"" structure, but not a temple; 18=""civic"" structure, but not a temple; 19=""civic"" structure, but not a temple; 20=""civic"" structure, but not a temple; 21=""civic"" structure, but not a temple; 22=market or part of a market; 23=puesto; 24=obsidian workshop; 25=pottery workshop; 26=other type of workshop or craft production area; 27=momoztli (platform in plaza); 28=plaza; 29=ball court; 30=possible ball court; 31=street or avenue; 32=street or avenue; 33=street or avenue; 34=street or avenue; 35=avenue divider; 36=dam; 37=wall or segment of a wall; 38=cemetery; 39=cultivated field; 40=uncultivated open area; 41=unoccupied, not clear if cultivated or not; 42=residential workshop; 43=platform of probable religious significance; 99=other",Pre-Miccaotli primary functional interpretation,Primary functional interpretation for Pre-Miccaotli occupation.,,,"Primary functional interpretation of the site. Note that an investigation involving temples might want to combine categories 6, 7, 8, 12, 14, 15, 16, 43, and perhaps 27. However, it is pretty clear that there are at least two or three levels or categories of free-standing temples, in addition to the Sun, Moon, and Feathered Serpent Pyramids and platforms called temples commonly found in excavated apartment compounds. Rather than trying to tease these levels out of the DF8 codings, it would be better to work with lists prepared by Cowgill and Millon in early 1981. Also, the effort to capture workshops in vars.53-56 was not very successful. It would be better to identify workshops through specific variables for each type of material, and then try to decide which are residential workshops by ascertaining the coding for vars.44-47, and/or examining the site records (or the sites, if still feasiblel). As of 1993, the job of trying to securely identify workshops is still in process, and NO DF8 CODINGS FOR WORKSHOPS ARE HIGHLY RELIABL!!",Primary functional interpretation of site during the Patlachique-Tzacualli phase,,,FALSE,FALSE,FALSE,FALSE,FALSE,TRUE,INTRODUCE HIERARCHY;; 
54,MCTLFNC1,func1McTl,func1McTl,func1McTl,V205,archInterp,Data_archInterp,Codes_FuncInterpPrim,Archaeology,Interpretations,Architecture,-1,TRUE,Integer,Nominal,TRUE,Unordered,"1=low status residential, no obvious occupational specialization; 2=intermediate status residence; 3=residence of uncertain status; 4=high status residence; 5=high status residence; 6=altar; 7=temple platform; 8=temple in residential unit; 9=temple; 10=temple; 11=temple; 12=temple; 13=temple; 14=pyramid temple (over 10 m high); 15=possible temple for foreign gods; 16=probably temple, hard to fit into any of the above categories; 17=""civic"" structure, but not a temple; 18=""civic"" structure, but not a temple; 19=""civic"" structure, but not a temple; 20=""civic"" structure, but not a temple; 21=""civic"" structure, but not a temple; 22=market or part of a market; 23=puesto; 24=obsidian workshop; 25=pottery workshop; 26=other type of workshop or craft production area; 27=momoztli (platform in plaza); 28=plaza; 29=ball court; 30=possible ball court; 31=street or avenue; 32=street or avenue; 33=street or avenue; 34=street or avenue; 35=avenue divider; 36=dam; 37=wall or segment of a wall; 38=cemetery; 39=cultivated field; 40=uncultivated open area; 41=unoccupied, not clear if cultivated or not; 42=residential workshop; 43=platform of probable religious significance; 99=other",Miccaotli-Tlamimilolpa primary functional interpretation,Primary functional interpretation for Miccaotli-Tlamimilolpa occupation.,,,"Primary functional interpretation of the site. Note that an investigation involving temples might want to combine categories 6, 7, 8, 12, 14, 15, 16, 43, and perhaps 27. However, it is pretty clear that there are at least two or three levels or categories of free-standing temples, in addition to the Sun, Moon, and Feathered Serpent Pyramids and platforms called temples commonly found in excavated apartment compounds. Rather than trying to tease these levels out of the DF8 codings, it would be better to work with lists prepared by Cowgill and Millon in early 1981. Also, the effort to capture workshops in vars.53-56 was not very successful. It would be better to identify workshops through specific variables for each type of material, and then try to decide which are residential workshops by ascertaining the coding for vars.44-47, and/or examining the site records (or the sites, if still feasiblel). As of 1993, the job of trying to securely identify workshops is still in process, and NO DF8 CODINGS FOR WORKSHOPS ARE HIGHLY RELIABL!!",Primary functional interpretation of site during the Miccaotli-Tlamimilolpa phase,,,FALSE,FALSE,FALSE,FALSE,FALSE,TRUE,INTRODUCE HIERARCHY;; 
55,XLMEFNC1,func1XlMe,func1XlMe,func1XlMe,V205,archInterp,Data_archInterp,Codes_FuncInterpPrim,Archaeology,Interpretations,Architecture,-1,TRUE,Integer,Nominal,TRUE,Unordered,"1=low status residential, no obvious occupational specialization; 2=intermediate status residence; 3=residence of uncertain status; 4=high status residence; 5=high status residence; 6=altar; 7=temple platform; 8=temple in residential unit; 9=temple; 10=temple; 11=temple; 12=temple; 13=temple; 14=pyramid temple (over 10 m high); 15=possible temple for foreign gods; 16=probably temple, hard to fit into any of the above categories; 17=""civic"" structure, but not a temple; 18=""civic"" structure, but not a temple; 19=""civic"" structure, but not a temple; 20=""civic"" structure, but not a temple; 21=""civic"" structure, but not a temple; 22=market or part of a market; 23=puesto; 24=obsidian workshop; 25=pottery workshop; 26=other type of workshop or craft production area; 27=momoztli (platform in plaza); 28=plaza; 29=ball court; 30=possible ball court; 31=street or avenue; 32=street or avenue; 33=street or avenue; 34=street or avenue; 35=avenue divider; 36=dam; 37=wall or segment of a wall; 38=cemetery; 39=cultivated field; 40=uncultivated open area; 41=unoccupied, not clear if cultivated or not; 42=residential workshop; 43=platform of probable religious significance; 99=other",Xolalpan-Metepec primary functional interpretation,Primary functional interpretation for Xolalpan-Metepec occupation.,,,"Primary functional interpretation of the site. Note that an investigation involving temples might want to combine categories 6, 7, 8, 12, 14, 15, 16, 43, and perhaps 27. However, it is pretty clear that there are at least two or three levels or categories of free-standing temples, in addition to the Sun, Moon, and Feathered Serpent Pyramids and platforms called temples commonly found in excavated apartment compounds. Rather than trying to tease these levels out of the DF8 codings, it would be better to work with lists prepared by Cowgill and Millon in early 1981. Also, the effort to capture workshops in vars.53-56 was not very successful. It would be better to identify workshops through specific variables for each type of material, and then try to decide which are residential workshops by ascertaining the coding for vars.44-47, and/or examining the site records (or the sites, if still feasiblel). As of 1993, the job of trying to securely identify workshops is still in process, and NO DF8 CODINGS FOR WORKSHOPS ARE HIGHLY RELIABL!!","Primary functional interpretation of site during the Xolalpan-Metepec interval. Among categories considered fairly meaningful by Cowgill, the most abundant are: intermediate status residence (1,860), high status residence (275), low status residence (546), residence of uncertain status (127), temple platform (215), platform of probable religious significance (254), plaza (354), and ""unoccupied in this interval"" (574). Figures 3.x to 3.x show these categories. The category ""intermediate status residence"" is probably over-represented and ""low status residence"" and ""high status residence"" are probably under-represented. It must be emphasized that status judgments are very rarely based on any differences in proportions of fine ceramics or other materials likely to have been costly that were large enough to have been apparent during the surface survey. Excavations and statistical analyses of surface collections will improve these initial status judgments. The breakdown into many categories of temples is probably over-fine for many purposes, but is pretty clear that below the Sun, Moon, and Feathered Serpent Pyramids there are at least two or three levels of free-standing temples, in addition to the fact that many researchers call the platforms within apartment compounds ""temples."" Rather than trying to tease these levels out of the DF9 codings, however, it would be better to work with the lists prepared by Cowgill and Millon in early 1981. (Locate these lists! Possibly include as a new data field in one of the electronic files.) In general, data field 55 codings for workshops should be ignored. Many real workshops were probably missed in this coding and a number of those coded as workshops may well not be. For category 24 of data field 55, ""obsidian workshop,"" data fields 285 and 286 are preferable. For category 25, ""pottery workshop,"" data field 287 is much preferable. Category 42, ""residential workshop,"" is also very dubious. Even data fields 285-287, however, should be used with extreme caution, since the job of trying to securely identify workshops at Teotihuacan is still in process, and in most cases will require reexaminations of collections, revisiting sites in the field, and/or new excavations.",,,FALSE,FALSE,FALSE,FALSE,FALSE,TRUE,INTRODUCE HIERARCHY;; 
56,OXTOFNC1,func1Oxto,func1Oxto,func1Oxto,V205,archInterp,Data_archInterp,Codes_FuncInterpPrim,Archaeology,Interpretations,Architecture,-1,TRUE,Integer,Nominal,TRUE,Unordered,"1=low status residential, no obvious occupational specialization; 2=intermediate status residence; 3=residence of uncertain status; 4=high status residence; 5=high status residence; 6=altar; 7=temple platform; 8=temple in residential unit; 9=temple; 10=temple; 11=temple; 12=temple; 13=temple; 14=pyramid temple (over 10 m high); 15=possible temple for foreign gods; 16=probably temple, hard to fit into any of the above categories; 17=""civic"" structure, but not a temple; 18=""civic"" structure, but not a temple; 19=""civic"" structure, but not a temple; 20=""civic"" structure, but not a temple; 21=""civic"" structure, but not a temple; 22=market or part of a market; 23=puesto; 24=obsidian workshop; 25=pottery workshop; 26=other type of workshop or craft production area; 27=momoztli (platform in plaza); 28=plaza; 29=ball court; 30=possible ball court; 31=street or avenue; 32=street or avenue; 33=street or avenue; 34=street or avenue; 35=avenue divider; 36=dam; 37=wall or segment of a wall; 38=cemetery; 39=cultivated field; 40=uncultivated open area; 41=unoccupied, not clear if cultivated or not; 42=residential workshop; 43=platform of probable religious significance; 99=other",Oxtoticpac primary functional interpretation,Primary functional interpretation for Oxtoticpac occupation.,,,"Primary functional interpretation of the site. Note that an investigation involving temples might want to combine categories 6, 7, 8, 12, 14, 15, 16, 43, and perhaps 27. However, it is pretty clear that there are at least two or three levels or categories of free-standing temples, in addition to the Sun, Moon, and Feathered Serpent Pyramids and platforms called temples commonly found in excavated apartment compounds. Rather than trying to tease these levels out of the DF8 codings, it would be better to work with lists prepared by Cowgill and Millon in early 1981. Also, the effort to capture workshops in vars.53-56 was not very successful. It would be better to identify workshops through specific variables for each type of material, and then try to decide which are residential workshops by ascertaining the coding for vars.44-47, and/or examining the site records (or the sites, if still feasiblel). As of 1993, the job of trying to securely identify workshops is still in process, and NO DF8 CODINGS FOR WORKSHOPS ARE HIGHLY RELIABL!!",Primary functional interpretation of site during the Oxtoticpac phase,,,FALSE,FALSE,FALSE,FALSE,FALSE,TRUE,INTRODUCE HIERARCHY;; 
57,PMICFNC2,func2PMic,func2PMic,func2PMic,V205,archInterp,Data_archInterp,Codes_FuncInterpAltern,Archaeology,Interpretations,Architecture,,TRUE,Integer,Nominal,TRUE,Unordered," -1=primary interpretation is the best assessment of a very ambiguous situation; 1=low status residential, no obvious occupational specialization; 2=intermediate status residence; 3=residence of uncertain status; 4=high status residence; 5=high status residence; 6=altar; 7=temple platform; 8=temple in residential unit; 9=temple; 10=temple; 11=temple; 12=temple; 13=temple; 14=pyramid temple (over 10 m high); 15=possible temple for foreign gods; 16=probably temple, hard to fit into any of the above categories; 17=""civic"" structure, but not a temple; 18=""civic"" structure, but not a temple; 19=""civic"" structure, but not a temple; 20=""civic"" structure, but not a temple; 21=""civic"" structure, but not a temple; 22=market or part of a market; 23=puesto; 24=obsidian workshop; 25=pottery workshop; 26=other type of workshop or craft production area; 27=momoztli (platform in plaza); 28=plaza; 29=ball court; 30=possible ball court; 31=street or avenue; 32=street or avenue; 33=street or avenue; 34=street or avenue; 35=avenue divider; 36=dam; 37=wall or segment of a wall; 38=cemetery; 39=cultivated field; 40=uncultivated open area; 41=unoccupied, not clear if cultivated or not; 42=residential workshop; 43=platform of probable religious significance; 77=no plausible alternative to the pirmary interpretation; 99=other",Pre-Miccaotli secondary functional interpretation,Secondary functional interpretation for Pre-Miccaotli occupation.,,,"Alternative functional interpretation of site. The same remarks apply as for vars.53-56. Vars. 53 and 57 should be used with caution, and vars.56 and 60 not at all.",Alternative functional interpretation of site during the Patlachique-Tzacualli phase,,,FALSE,FALSE,FALSE,FALSE,FALSE,TRUE,INTRODUCE HIERARCHY;; 
58,MCTLFNC2,func2McTl,func2McTl,func2McTl,V205,archInterp,Data_archInterp,Codes_FuncInterpAltern,Archaeology,Interpretations,Architecture,,TRUE,Integer,Nominal,TRUE,Unordered," -1=primary interpretation is the best assessment of a very ambiguous situation; 1=low status residential, no obvious occupational specialization; 2=intermediate status residence; 3=residence of uncertain status; 4=high status residence; 5=high status residence; 6=altar; 7=temple platform; 8=temple in residential unit; 9=temple; 10=temple; 11=temple; 12=temple; 13=temple; 14=pyramid temple (over 10 m high); 15=possible temple for foreign gods; 16=probably temple, hard to fit into any of the above categories; 17=""civic"" structure, but not a temple; 18=""civic"" structure, but not a temple; 19=""civic"" structure, but not a temple; 20=""civic"" structure, but not a temple; 21=""civic"" structure, but not a temple; 22=market or part of a market; 23=puesto; 24=obsidian workshop; 25=pottery workshop; 26=other type of workshop or craft production area; 27=momoztli (platform in plaza); 28=plaza; 29=ball court; 30=possible ball court; 31=street or avenue; 32=street or avenue; 33=street or avenue; 34=street or avenue; 35=avenue divider; 36=dam; 37=wall or segment of a wall; 38=cemetery; 39=cultivated field; 40=uncultivated open area; 41=unoccupied, not clear if cultivated or not; 42=residential workshop; 43=platform of probable religious significance; 77=no plausible alternative to the pirmary interpretation; 99=other",Miccaotli-Tlamimilolpa secondary functional interpretation,Secondary functional interpretation for Miccaotli-Tlamimilolpa occupation.,,,"Alternative functional interpretation of site. The same remarks apply as for vars.53-56. Vars. 53 and 57 should be used with caution, and vars.56 and 60 not at all.",Alternative functional interpretation of site during the Miccaotli-Tlamimilolpa phase,,"Sometimes two or more distinct architectural units, separate cases in DF9, are clearly parts of some larger architectural entity that can safely be assumed to have been culturally significant to the Teotihuacanos. These are called ""complexes."" A three-pyramid complex, such as Plaza One (1:N5W2) is a good example. Rarely, many distinct structures seem linked in a spatially very large but fairly well-defined association. These are called ""macrocomplexes"" in DF9. An example is the ""Avenue of the Dead"" macrocomplex. A macrocomplex can include no complexes or one or more complexes as sub-units, plus any number of individual sites. However, every complex should be either wholly within one macrocomplex or wholly outside – it does not make sense for a complex to be partly within and partly outside a macrocomplex. Nothing whatever about complexes or macrocomplexes appears explicitly on the SSR. Some information of this kind was written on SSRs in SSR fields 9 (location in relation to other sites), 10 (description of site), and/or 30 (comments). However, this varied greatly among field crews. Much of the interpretation of complexes and macrocomplexes was made after Millon had completed the ""interpretations"" sheets published in Millon et al. (1973). Many complexes are very clear but, even in the case of three-pyramid complexes, there is often uncertainty about exactly which very nearby structures should be included or excluded, and there are even more problems in deciding which sites on the edges of macrocomplexes belong within the macrocomplex. In many cases judgments may have been made initially by those filling out the code sheets, but eventually all were checked and revised by Cowgill. Nevertheless, some uncertain judgments had to be made. Investigations regarding complexes and macrocomplexes should be carried out with careful reference to the data in Millon et al. (1973) and, if possible, the SSRs. The key data fields for identifying DF9 cases assigned to the same complex are 80 and 81. Data field 81 is the four-character label of the sector within which all or most of the complex lies, and data field 80 is a numerical designation for the complexes within each sector. Thus, complex 3:N5W3 would be the third complex among complexes located mainly within sector N5W3. All cases assigned to the same complex have the same ID for data fields 80 and 81, even if the case lies in a different map sector. For cases not assigned to any complex (which are the great majority of cases), data field 80 was coded ""missing data or inapplicable"" and data field 81 was coded ""XXXX."" Data fields 82 and 83 work the same way for macrocomplexes. This whole system is a rather cumbersome way for introducing two levels of case groupings above the basic DF9 level, while maintaining a simple ""flat file"" structure. In DF9, data fields 61-79 repeat the same information for each case in the same complex (except for errors, to which this system was especially prone), and data fields 84-89 repeat the same information for each case in the same macrocomplex. Today, complexes and macrocomplexes could be handled much better by a relational database approach in which separate files for complexes and macrocomplexes were linked to the file for individual sites.As is the case for architectural and functional interpretations of individual sites, data fields characterizing complexes and macrocomplexes for intervals other than Xolalpan-Metepec are of very limited value and should generally be ignored. Data field 63 (observable character of complex in the Xolalpan-Metepec interval) is perhaps most useful for identifying cases belonging to three-pyramid complexes, although some of the other codings are somewhat useful. In general, other data fields for characterizing even Xolalpan-Metepec complexes and macrocomplexes do not seem terribly useful.;;;;;;;;;;;;;;; ",FALSE,FALSE,FALSE,FALSE,FALSE,TRUE,INTRODUCE HIERARCHY;; 
59,XLMEFNC2,func2XlMe,func2XlMe,func2XlMe,V205,archInterp,Data_archInterp,Codes_FuncInterpAltern,Archaeology,Interpretations,Architecture,,TRUE,Integer,Nominal,TRUE,Unordered," -1=primary interpretation is the best assessment of a very ambiguous situation; 1=low status residential, no obvious occupational specialization; 2=intermediate status residence; 3=residence of uncertain status; 4=high status residence; 5=high status residence; 6=altar; 7=temple platform; 8=temple in residential unit; 9=temple; 10=temple; 11=temple; 12=temple; 13=temple; 14=pyramid temple (over 10 m high); 15=possible temple for foreign gods; 16=probably temple, hard to fit into any of the above categories; 17=""civic"" structure, but not a temple; 18=""civic"" structure, but not a temple; 19=""civic"" structure, but not a temple; 20=""civic"" structure, but not a temple; 21=""civic"" structure, but not a temple; 22=market or part of a market; 23=puesto; 24=obsidian workshop; 25=pottery workshop; 26=other type of workshop or craft production area; 27=momoztli (platform in plaza); 28=plaza; 29=ball court; 30=possible ball court; 31=street or avenue; 32=street or avenue; 33=street or avenue; 34=street or avenue; 35=avenue divider; 36=dam; 37=wall or segment of a wall; 38=cemetery; 39=cultivated field; 40=uncultivated open area; 41=unoccupied, not clear if cultivated or not; 42=residential workshop; 43=platform of probable religious significance; 77=no plausible alternative to the pirmary interpretation; 99=other",Xolalpan-Metepec secondary functional interpretation,Secondary functional interpretation for Xolalpan-Metepec occupation.,,,"Alternative functional interpretation of site. The same remarks apply as for vars.53-56. Vars. 53 and 57 should be used with caution, and vars.56 and 60 not at all.","Alternative functional interpretation of site during the Xolalpan-Metepec interval. In 3,430 cases the primary functional interpretation seemed quite clear, although this probably includes some workshop interpretations we would now question. In another 1,189 cases the evidence was very ambiguous or otherwise problematic. In 427 cases there was some reasonable ""second best guess"", using the same categories as for data field 55.",,,FALSE,FALSE,FALSE,FALSE,FALSE,TRUE,INTRODUCE HIERARCHY;; 
60,OXTOFNC2,func2Oxto,func2Oxto,func2Oxto,V205,archInterp,Data_archInterp,Codes_FuncInterpAltern,Archaeology,Interpretations,Architecture,,TRUE,Integer,Nominal,TRUE,Unordered," -1=primary interpretation is the best assessment of a very ambiguous situation; 1=low status residential, no obvious occupational specialization; 2=intermediate status residence; 3=residence of uncertain status; 4=high status residence; 5=high status residence; 6=altar; 7=temple platform; 8=temple in residential unit; 9=temple; 10=temple; 11=temple; 12=temple; 13=temple; 14=pyramid temple (over 10 m high); 15=possible temple for foreign gods; 16=probably temple, hard to fit into any of the above categories; 17=""civic"" structure, but not a temple; 18=""civic"" structure, but not a temple; 19=""civic"" structure, but not a temple; 20=""civic"" structure, but not a temple; 21=""civic"" structure, but not a temple; 22=market or part of a market; 23=puesto; 24=obsidian workshop; 25=pottery workshop; 26=other type of workshop or craft production area; 27=momoztli (platform in plaza); 28=plaza; 29=ball court; 30=possible ball court; 31=street or avenue; 32=street or avenue; 33=street or avenue; 34=street or avenue; 35=avenue divider; 36=dam; 37=wall or segment of a wall; 38=cemetery; 39=cultivated field; 40=uncultivated open area; 41=unoccupied, not clear if cultivated or not; 42=residential workshop; 43=platform of probable religious significance; 77=no plausible alternative to the pirmary interpretation; 99=other",Oxtoticpac secondary functional interpretation,Secondary functional interpretation for Oxtoticpac occupation.,,,"Alternative functional interpretation of site. The same remarks apply as for vars.53-56. Vars. 53 and 57 should be used with caution, and vars.56 and 60 not at all.",Alternative functional interpretation of site during the Oxtoticpac phase,,,FALSE,FALSE,FALSE,FALSE,FALSE,TRUE,INTRODUCE HIERARCHY;; 
61,PTTZCX1,archInt1PaTz,archInt1PaTz,Cmplx_archInt1PaTz,V205,complexData,Data_complexData,Codes_complexGenPrim,Archaeology,Interpretations,Complexes,-1,TRUE,Integer,Nominal? Ordinal?,TRUE,UNK-TBD,"0=site is not part of a complex; 1=row of two or more mounds on a long mound; 2=3-mound complex (sometimes with additional minor features); 3=4-mound complex; 4=several mounds associated in a symmetrical or partially symmetrical pattern, but but not a 3- or 4-mound complex; 5=group of several mounds suggesting an interrelated pattern but lacking any obvious symmetry; 6=walled open area complex (large compound); 7=single mound plus platform on terrace; 8=site is part of a macrocomplex but no meaningful complex; 9=other",Patlachique-Tzacualli primary architectural interpretation for complex,Primary architectural interpretation for complex during Patlachique-Tzacualli occupation.,,"Complex definitions are not axiomatic. Even in the case of well defined complexes, there may be much uncertainty about the assignment of structures near their edges. 
Codings for this variable provide information about the complex to which a site is assigned, not necessarily about the site itself.",Observable character of the complex of apparently associated structures to which this site belongs,Observable character of complex during the Patlachique-Tzacualli phase,"Sometimes two or more distinct architectural units, separate cases in DF9, are clearly parts of some larger architectural entity that can safely be assumed to have been culturally significant to the Teotihuacanos. These are called ""complexes."" A three-pyramid complex, such as Plaza One (1:N5W2) is a good example. Rarely, many distinct structures seem linked in a spatially very large but fairly well-defined association. These are called ""macrocomplexes"" in DF9. An example is the ""Avenue of the Dead"" macrocomplex. A macrocomplex can include no complexes or one or more complexes as sub-units, plus any number of individual sites. However, every complex should be either wholly within one macrocomplex or wholly outside – it does not make sense for a complex to be partly within and partly outside a macrocomplex. Nothing whatever about complexes or macrocomplexes appears explicitly on the SSR. Some information of this kind was written on SSRs in SSR fields 9 (location in relation to other sites), 10 (description of site), and/or 30 (comments). However, this varied greatly among field crews. Much of the interpretation of complexes and macrocomplexes was made after Millon had completed the ""interpretations"" sheets published in Millon et al. (1973). Many complexes are very clear but, even in the case of three-pyramid complexes, there is often uncertainty about exactly which very nearby structures should be included or excluded, and there are even more problems in deciding which sites on the edges of macrocomplexes belong within the macrocomplex. In many cases judgments may have been made initially by those filling out the code sheets, but eventually all were checked and revised by Cowgill. Nevertheless, some uncertain judgments had to be made. Investigations regarding complexes and macrocomplexes should be carried out with careful reference to the data in Millon et al. (1973) and, if possible, the SSRs. The key data fields for identifying DF9 cases assigned to the same complex are 80 and 81. Data field 81 is the four-character label of the sector within which all or most of the complex lies, and data field 80 is a numerical designation for the complexes within each sector. Thus, complex 3:N5W3 would be the third complex among complexes located mainly within sector N5W3. All cases assigned to the same complex have the same ID for data fields 80 and 81, even if the case lies in a different map sector. For cases not assigned to any complex (which are the great majority of cases), data field 80 was coded ""missing data or inapplicable"" and data field 81 was coded ""XXXX."" Data fields 82 and 83 work the same way for macrocomplexes. This whole system is a rather cumbersome way for introducing two levels of case groupings above the basic DF9 level, while maintaining a simple ""flat file"" structure. In DF9, data fields 61-79 repeat the same information for each case in the same complex (except for errors, to which this system was especially prone), and data fields 84-89 repeat the same information for each case in the same macrocomplex. Today, complexes and macrocomplexes could be handled much better by a relational database approach in which separate files for complexes and macrocomplexes were linked to the file for individual sites.As is the case for architectural and functional interpretations of individual sites, data fields characterizing complexes and macrocomplexes for intervals other than Xolalpan-Metepec are of very limited value and should generally be ignored. Data field 63 (observable character of complex in the Xolalpan-Metepec interval) is perhaps most useful for identifying cases belonging to three-pyramid complexes, although some of the other codings are somewhat useful. In general, other data fields for characterizing even Xolalpan-Metepec complexes and macrocomplexes do not seem terribly useful.;;;;;;;;;;;;;;; ",,FALSE,FALSE,FALSE,FALSE,FALSE,TRUE,INTRODUCE HIERARCHY;; 
62,MCTLCX1,archInt1McTl,archInt1McTl,Cmplx_archInt1McTl,V205,complexData,Data_complexData,Codes_complexGenPrim,Archaeology,Interpretations,Complexes,-1,TRUE,Integer,Nominal? Ordinal?,TRUE,UNK-TBD,"0=site is not part of a complex; 1=row of two or more mounds on a long mound; 2=3-mound complex (sometimes with additional minor features); 3=4-mound complex; 4=several mounds associated in a symmetrical or partially symmetrical pattern, but but not a 3- or 4-mound complex; 5=group of several mounds suggesting an interrelated pattern but lacking any obvious symmetry; 6=walled open area complex (large compound); 7=single mound plus platform on terrace; 8=site is part of a macrocomplex but no meaningful complex; 9=other",Miccaotli-Tlamimilolpa primary architectural interpretation for complex,Primary architectural interpretation for complex during Miccaotli-Tlamimilolpa occupation.,,"Complex definitions are not axiomatic. Even in the case of well defined complexes, there may be much uncertainty about the assignment of structures near their edges. 
Codings for this variable provide information about the complex to which a site is assigned, not necessarily about the site itself.",Observable character of the complex of apparently associated structures to which this site belongs,Observable character of complex during the Miccaotli-Tlamimilolpa phase,"Sometimes two or more distinct architectural units, separate cases in DF9, are clearly parts of some larger architectural entity that can safely be assumed to have been culturally significant to the Teotihuacanos. These are called ""complexes."" A three-pyramid complex, such as Plaza One (1:N5W2) is a good example. Rarely, many distinct structures seem linked in a spatially very large but fairly well-defined association. These are called ""macrocomplexes"" in DF9. An example is the ""Avenue of the Dead"" macrocomplex. A macrocomplex can include no complexes or one or more complexes as sub-units, plus any number of individual sites. However, every complex should be either wholly within one macrocomplex or wholly outside – it does not make sense for a complex to be partly within and partly outside a macrocomplex. Nothing whatever about complexes or macrocomplexes appears explicitly on the SSR. Some information of this kind was written on SSRs in SSR fields 9 (location in relation to other sites), 10 (description of site), and/or 30 (comments). However, this varied greatly among field crews. Much of the interpretation of complexes and macrocomplexes was made after Millon had completed the ""interpretations"" sheets published in Millon et al. (1973). Many complexes are very clear but, even in the case of three-pyramid complexes, there is often uncertainty about exactly which very nearby structures should be included or excluded, and there are even more problems in deciding which sites on the edges of macrocomplexes belong within the macrocomplex. In many cases judgments may have been made initially by those filling out the code sheets, but eventually all were checked and revised by Cowgill. Nevertheless, some uncertain judgments had to be made. Investigations regarding complexes and macrocomplexes should be carried out with careful reference to the data in Millon et al. (1973) and, if possible, the SSRs. The key data fields for identifying DF9 cases assigned to the same complex are 80 and 81. Data field 81 is the four-character label of the sector within which all or most of the complex lies, and data field 80 is a numerical designation for the complexes within each sector. Thus, complex 3:N5W3 would be the third complex among complexes located mainly within sector N5W3. All cases assigned to the same complex have the same ID for data fields 80 and 81, even if the case lies in a different map sector. For cases not assigned to any complex (which are the great majority of cases), data field 80 was coded ""missing data or inapplicable"" and data field 81 was coded ""XXXX."" Data fields 82 and 83 work the same way for macrocomplexes. This whole system is a rather cumbersome way for introducing two levels of case groupings above the basic DF9 level, while maintaining a simple ""flat file"" structure. In DF9, data fields 61-79 repeat the same information for each case in the same complex (except for errors, to which this system was especially prone), and data fields 84-89 repeat the same information for each case in the same macrocomplex. Today, complexes and macrocomplexes could be handled much better by a relational database approach in which separate files for complexes and macrocomplexes were linked to the file for individual sites.As is the case for architectural and functional interpretations of individual sites, data fields characterizing complexes and macrocomplexes for intervals other than Xolalpan-Metepec are of very limited value and should generally be ignored. Data field 63 (observable character of complex in the Xolalpan-Metepec interval) is perhaps most useful for identifying cases belonging to three-pyramid complexes, although some of the other codings are somewhat useful. In general, other data fields for characterizing even Xolalpan-Metepec complexes and macrocomplexes do not seem terribly useful.;;;;;;;;;;;;;;; ",,FALSE,FALSE,FALSE,FALSE,FALSE,TRUE,INTRODUCE HIERARCHY;; 
63,XLMECX1,archInt1XlMt,archInt1XlMt,Cmplx_archInt1XlMt,V205,complexData,Data_complexData,Codes_complexGenPrim,Archaeology,Interpretations,Complexes,-1,TRUE,Integer,Nominal? Ordinal?,TRUE,UNK-TBD,"0=site is not part of a complex; 1=row of two or more mounds on a long mound; 2=3-mound complex (sometimes with additional minor features); 3=4-mound complex; 4=several mounds associated in a symmetrical or partially symmetrical pattern, but but not a 3- or 4-mound complex; 5=group of several mounds suggesting an interrelated pattern but lacking any obvious symmetry; 6=walled open area complex (large compound); 7=single mound plus platform on terrace; 8=site is part of a macrocomplex but no meaningful complex; 9=other",Xolalpan-Metepec primary architectural interpretation for complex,Primary architectural interpretation for complex during Xolalpan-Metepec occupation.,,"Complex definitions are not axiomatic. Even in the case of well defined complexes, there may be much uncertainty about the assignment of structures near their edges. 
Codings for this variable provide information about the complex to which a site is assigned, not necessarily about the site itself.",Observable character of the complex of apparently associated structures to which this site belongs,"Observable character of complex during the Xolalpan-Metepec phase. In order of frequency, 4,122 cases were not considered part of a complex, 290 were parts of some __ three-pyramid complexes (Figure 3.x), 235 were in __ groups of several mounds lacking any obvious pattern (Figure 3.x), 113 were in __ groups of several mounds in a symmetrical or partially symmetrical pattern but not a 3- or 4-pyramid complex (Figure 3.x), 44 belonged to __ four-pyramid complexes, 43 were part of __ complexes consisting of a row of two or more mounds on a long mound or platform (Figure 3.x), 37 were within __ walled open area complexes (large compounds, Figure 3.x), 14 were part of a macrocomplex but no meaningful complex, 3 were ""other,"" and 2 were coded as ""single mound plus platform on terrace."" [We may want to show several of these categories in a single figure. In general count up how many complexes of each kind, as well as how many sites.]","Sometimes two or more distinct architectural units, separate cases in DF9, are clearly parts of some larger architectural entity that can safely be assumed to have been culturally significant to the Teotihuacanos. These are called ""complexes."" A three-pyramid complex, such as Plaza One (1:N5W2) is a good example. Rarely, many distinct structures seem linked in a spatially very large but fairly well-defined association. These are called ""macrocomplexes"" in DF9. An example is the ""Avenue of the Dead"" macrocomplex. A macrocomplex can include no complexes or one or more complexes as sub-units, plus any number of individual sites. However, every complex should be either wholly within one macrocomplex or wholly outside – it does not make sense for a complex to be partly within and partly outside a macrocomplex. Nothing whatever about complexes or macrocomplexes appears explicitly on the SSR. Some information of this kind was written on SSRs in SSR fields 9 (location in relation to other sites), 10 (description of site), and/or 30 (comments). However, this varied greatly among field crews. Much of the interpretation of complexes and macrocomplexes was made after Millon had completed the ""interpretations"" sheets published in Millon et al. (1973). Many complexes are very clear but, even in the case of three-pyramid complexes, there is often uncertainty about exactly which very nearby structures should be included or excluded, and there are even more problems in deciding which sites on the edges of macrocomplexes belong within the macrocomplex. In many cases judgments may have been made initially by those filling out the code sheets, but eventually all were checked and revised by Cowgill. Nevertheless, some uncertain judgments had to be made. Investigations regarding complexes and macrocomplexes should be carried out with careful reference to the data in Millon et al. (1973) and, if possible, the SSRs. The key data fields for identifying DF9 cases assigned to the same complex are 80 and 81. Data field 81 is the four-character label of the sector within which all or most of the complex lies, and data field 80 is a numerical designation for the complexes within each sector. Thus, complex 3:N5W3 would be the third complex among complexes located mainly within sector N5W3. All cases assigned to the same complex have the same ID for data fields 80 and 81, even if the case lies in a different map sector. For cases not assigned to any complex (which are the great majority of cases), data field 80 was coded ""missing data or inapplicable"" and data field 81 was coded ""XXXX."" Data fields 82 and 83 work the same way for macrocomplexes. This whole system is a rather cumbersome way for introducing two levels of case groupings above the basic DF9 level, while maintaining a simple ""flat file"" structure. In DF9, data fields 61-79 repeat the same information for each case in the same complex (except for errors, to which this system was especially prone), and data fields 84-89 repeat the same information for each case in the same macrocomplex. Today, complexes and macrocomplexes could be handled much better by a relational database approach in which separate files for complexes and macrocomplexes were linked to the file for individual sites.As is the case for architectural and functional interpretations of individual sites, data fields characterizing complexes and macrocomplexes for intervals other than Xolalpan-Metepec are of very limited value and should generally be ignored. Data field 63 (observable character of complex in the Xolalpan-Metepec interval) is perhaps most useful for identifying cases belonging to three-pyramid complexes, although some of the other codings are somewhat useful. In general, other data fields for characterizing even Xolalpan-Metepec complexes and macrocomplexes do not seem terribly useful.;;;;;;;;;;;;;;; ",,FALSE,FALSE,FALSE,FALSE,FALSE,TRUE,INTRODUCE HIERARCHY;; 
64,PTTZCX2,archInt2PaTz,archInt2PaTz,Cmplx_archInt2PaTz,V205,complexData,Data_complexData,Codes_complexGenAltern,Archaeology,Interpretations,Complexes,-1,TRUE,Integer,Nominal? Ordinal?,TRUE,UNK-TBD,"0=site is not part of a complex; 1=row of two or more mounds on a long mound; 2=3-mound complex (sometimes with additional minor features); 3=4-mound complex; 4=several mounds associated in a symmetrical or partially symmetrical pattern, but but not a 3- or 4-mound complex; 5=group of several mounds suggesting an interrelated pattern but lacking any obvious symmetry; 6=walled open area complex (large compound); 7=single mound plus platform on terrace; 8=site is part of a macrocomplex but no meaningful complex; 9=other",Patlachique-Tzacualli alternative architectural interpretation for complex,Alternative architectural interpretation for complex during Patlachique-Tzacualli occupation.,,"Complex definitions are not axiomatic. Even in the case of well defined complexes, there may be much uncertainty about the assignment of structures near their edges. 
Codings for this variable provide information about the complex to which a site is assigned, not necessarily about the site itself.",Alternative general interpretation of CX,Alternative general interpretation of CX complex during the Patlachique-Tzacualli phase,"Sometimes two or more distinct architectural units, separate cases in DF9, are clearly parts of some larger architectural entity that can safely be assumed to have been culturally significant to the Teotihuacanos. These are called ""complexes."" A three-pyramid complex, such as Plaza One (1:N5W2) is a good example. Rarely, many distinct structures seem linked in a spatially very large but fairly well-defined association. These are called ""macrocomplexes"" in DF9. An example is the ""Avenue of the Dead"" macrocomplex. A macrocomplex can include no complexes or one or more complexes as sub-units, plus any number of individual sites. However, every complex should be either wholly within one macrocomplex or wholly outside – it does not make sense for a complex to be partly within and partly outside a macrocomplex. Nothing whatever about complexes or macrocomplexes appears explicitly on the SSR. Some information of this kind was written on SSRs in SSR fields 9 (location in relation to other sites), 10 (description of site), and/or 30 (comments). However, this varied greatly among field crews. Much of the interpretation of complexes and macrocomplexes was made after Millon had completed the ""interpretations"" sheets published in Millon et al. (1973). Many complexes are very clear but, even in the case of three-pyramid complexes, there is often uncertainty about exactly which very nearby structures should be included or excluded, and there are even more problems in deciding which sites on the edges of macrocomplexes belong within the macrocomplex. In many cases judgments may have been made initially by those filling out the code sheets, but eventually all were checked and revised by Cowgill. Nevertheless, some uncertain judgments had to be made. Investigations regarding complexes and macrocomplexes should be carried out with careful reference to the data in Millon et al. (1973) and, if possible, the SSRs. The key data fields for identifying DF9 cases assigned to the same complex are 80 and 81. Data field 81 is the four-character label of the sector within which all or most of the complex lies, and data field 80 is a numerical designation for the complexes within each sector. Thus, complex 3:N5W3 would be the third complex among complexes located mainly within sector N5W3. All cases assigned to the same complex have the same ID for data fields 80 and 81, even if the case lies in a different map sector. For cases not assigned to any complex (which are the great majority of cases), data field 80 was coded ""missing data or inapplicable"" and data field 81 was coded ""XXXX."" Data fields 82 and 83 work the same way for macrocomplexes. This whole system is a rather cumbersome way for introducing two levels of case groupings above the basic DF9 level, while maintaining a simple ""flat file"" structure. In DF9, data fields 61-79 repeat the same information for each case in the same complex (except for errors, to which this system was especially prone), and data fields 84-89 repeat the same information for each case in the same macrocomplex. Today, complexes and macrocomplexes could be handled much better by a relational database approach in which separate files for complexes and macrocomplexes were linked to the file for individual sites.As is the case for architectural and functional interpretations of individual sites, data fields characterizing complexes and macrocomplexes for intervals other than Xolalpan-Metepec are of very limited value and should generally be ignored. Data field 63 (observable character of complex in the Xolalpan-Metepec interval) is perhaps most useful for identifying cases belonging to three-pyramid complexes, although some of the other codings are somewhat useful. In general, other data fields for characterizing even Xolalpan-Metepec complexes and macrocomplexes do not seem terribly useful.;;;;;;;;;;;;;;; ",,FALSE,FALSE,FALSE,FALSE,FALSE,TRUE,INTRODUCE HIERARCHY;; 
65,MCTLCX2,archInt2McTl,archInt2McTl,Cmplx_archInt2McTl,V205,complexData,Data_complexData,Codes_complexGenAltern,Archaeology,Interpretations,Complexes,-1,TRUE,Integer,Nominal? Ordinal?,TRUE,UNK-TBD,"0=site is not part of a complex; 1=row of two or more mounds on a long mound; 2=3-mound complex (sometimes with additional minor features); 3=4-mound complex; 4=several mounds associated in a symmetrical or partially symmetrical pattern, but but not a 3- or 4-mound complex; 5=group of several mounds suggesting an interrelated pattern but lacking any obvious symmetry; 6=walled open area complex (large compound); 7=single mound plus platform on terrace; 8=site is part of a macrocomplex but no meaningful complex; 9=other",Miccaotli-Tlamimilolpa alternative architectural interpretation for complex,Alternative architectural interpretation for complex during Miccaotli-Tlamimilolpa occupation.,,"Complex definitions are not axiomatic. Even in the case of well defined complexes, there may be much uncertainty about the assignment of structures near their edges. 
Codings for this variable provide information about the complex to which a site is assigned, not necessarily about the site itself.",Alternative general interpretation of CX,Alternative general interpretation of CX complex during the Miccaotli-Tlamimilolpa phase,"Sometimes two or more distinct architectural units, separate cases in DF9, are clearly parts of some larger architectural entity that can safely be assumed to have been culturally significant to the Teotihuacanos. These are called ""complexes."" A three-pyramid complex, such as Plaza One (1:N5W2) is a good example. Rarely, many distinct structures seem linked in a spatially very large but fairly well-defined association. These are called ""macrocomplexes"" in DF9. An example is the ""Avenue of the Dead"" macrocomplex. A macrocomplex can include no complexes or one or more complexes as sub-units, plus any number of individual sites. However, every complex should be either wholly within one macrocomplex or wholly outside – it does not make sense for a complex to be partly within and partly outside a macrocomplex. Nothing whatever about complexes or macrocomplexes appears explicitly on the SSR. Some information of this kind was written on SSRs in SSR fields 9 (location in relation to other sites), 10 (description of site), and/or 30 (comments). However, this varied greatly among field crews. Much of the interpretation of complexes and macrocomplexes was made after Millon had completed the ""interpretations"" sheets published in Millon et al. (1973). Many complexes are very clear but, even in the case of three-pyramid complexes, there is often uncertainty about exactly which very nearby structures should be included or excluded, and there are even more problems in deciding which sites on the edges of macrocomplexes belong within the macrocomplex. In many cases judgments may have been made initially by those filling out the code sheets, but eventually all were checked and revised by Cowgill. Nevertheless, some uncertain judgments had to be made. Investigations regarding complexes and macrocomplexes should be carried out with careful reference to the data in Millon et al. (1973) and, if possible, the SSRs. The key data fields for identifying DF9 cases assigned to the same complex are 80 and 81. Data field 81 is the four-character label of the sector within which all or most of the complex lies, and data field 80 is a numerical designation for the complexes within each sector. Thus, complex 3:N5W3 would be the third complex among complexes located mainly within sector N5W3. All cases assigned to the same complex have the same ID for data fields 80 and 81, even if the case lies in a different map sector. For cases not assigned to any complex (which are the great majority of cases), data field 80 was coded ""missing data or inapplicable"" and data field 81 was coded ""XXXX."" Data fields 82 and 83 work the same way for macrocomplexes. This whole system is a rather cumbersome way for introducing two levels of case groupings above the basic DF9 level, while maintaining a simple ""flat file"" structure. In DF9, data fields 61-79 repeat the same information for each case in the same complex (except for errors, to which this system was especially prone), and data fields 84-89 repeat the same information for each case in the same macrocomplex. Today, complexes and macrocomplexes could be handled much better by a relational database approach in which separate files for complexes and macrocomplexes were linked to the file for individual sites.As is the case for architectural and functional interpretations of individual sites, data fields characterizing complexes and macrocomplexes for intervals other than Xolalpan-Metepec are of very limited value and should generally be ignored. Data field 63 (observable character of complex in the Xolalpan-Metepec interval) is perhaps most useful for identifying cases belonging to three-pyramid complexes, although some of the other codings are somewhat useful. In general, other data fields for characterizing even Xolalpan-Metepec complexes and macrocomplexes do not seem terribly useful.;;;;;;;;;;;;;;; ",,FALSE,FALSE,FALSE,FALSE,FALSE,TRUE,INTRODUCE HIERARCHY;; 
66,XLMECX2,archInt2XlMt,archInt2XlMt,Cmplx_archInt2XlMt,V206,complexData,Data_complexData,Codes_complexGenAltern,Archaeology,Interpretations,Complexes,-1,TRUE,Integer,Nominal? Ordinal?,TRUE,UNK-TBD,"0=site is not part of a complex; 1=row of two or more mounds on a long mound; 2=3-mound complex (sometimes with additional minor features); 3=4-mound complex; 4=several mounds associated in a symmetrical or partially symmetrical pattern, but but not a 3- or 4-mound complex; 5=group of several mounds suggesting an interrelated pattern but lacking any obvious symmetry; 6=walled open area complex (large compound); 7=single mound plus platform on terrace; 8=site is part of a macrocomplex but no meaningful complex; 9=other",Xolalpan-Metepec alternative architectural interpretation for complex,Alternative architectural interpretation for complex during Xolalpan-Metepec occupation.,,"Complex definitions are not axiomatic. Even in the case of well defined complexes, there may be much uncertainty about the assignment of structures near their edges. 
Codings for this variable provide information about the complex to which a site is assigned, not necessarily about the site itself.",Alternative general interpretation of CX,Alternative general interpretation of CX complex during the Xolalpan-Metepec phase,"Sometimes two or more distinct architectural units, separate cases in DF9, are clearly parts of some larger architectural entity that can safely be assumed to have been culturally significant to the Teotihuacanos. These are called ""complexes."" A three-pyramid complex, such as Plaza One (1:N5W2) is a good example. Rarely, many distinct structures seem linked in a spatially very large but fairly well-defined association. These are called ""macrocomplexes"" in DF9. An example is the ""Avenue of the Dead"" macrocomplex. A macrocomplex can include no complexes or one or more complexes as sub-units, plus any number of individual sites. However, every complex should be either wholly within one macrocomplex or wholly outside – it does not make sense for a complex to be partly within and partly outside a macrocomplex. Nothing whatever about complexes or macrocomplexes appears explicitly on the SSR. Some information of this kind was written on SSRs in SSR fields 9 (location in relation to other sites), 10 (description of site), and/or 30 (comments). However, this varied greatly among field crews. Much of the interpretation of complexes and macrocomplexes was made after Millon had completed the ""interpretations"" sheets published in Millon et al. (1973). Many complexes are very clear but, even in the case of three-pyramid complexes, there is often uncertainty about exactly which very nearby structures should be included or excluded, and there are even more problems in deciding which sites on the edges of macrocomplexes belong within the macrocomplex. In many cases judgments may have been made initially by those filling out the code sheets, but eventually all were checked and revised by Cowgill. Nevertheless, some uncertain judgments had to be made. Investigations regarding complexes and macrocomplexes should be carried out with careful reference to the data in Millon et al. (1973) and, if possible, the SSRs. The key data fields for identifying DF9 cases assigned to the same complex are 80 and 81. Data field 81 is the four-character label of the sector within which all or most of the complex lies, and data field 80 is a numerical designation for the complexes within each sector. Thus, complex 3:N5W3 would be the third complex among complexes located mainly within sector N5W3. All cases assigned to the same complex have the same ID for data fields 80 and 81, even if the case lies in a different map sector. For cases not assigned to any complex (which are the great majority of cases), data field 80 was coded ""missing data or inapplicable"" and data field 81 was coded ""XXXX."" Data fields 82 and 83 work the same way for macrocomplexes. This whole system is a rather cumbersome way for introducing two levels of case groupings above the basic DF9 level, while maintaining a simple ""flat file"" structure. In DF9, data fields 61-79 repeat the same information for each case in the same complex (except for errors, to which this system was especially prone), and data fields 84-89 repeat the same information for each case in the same macrocomplex. Today, complexes and macrocomplexes could be handled much better by a relational database approach in which separate files for complexes and macrocomplexes were linked to the file for individual sites.As is the case for architectural and functional interpretations of individual sites, data fields characterizing complexes and macrocomplexes for intervals other than Xolalpan-Metepec are of very limited value and should generally be ignored. Data field 63 (observable character of complex in the Xolalpan-Metepec interval) is perhaps most useful for identifying cases belonging to three-pyramid complexes, although some of the other codings are somewhat useful. In general, other data fields for characterizing even Xolalpan-Metepec complexes and macrocomplexes do not seem terribly useful.;;;;;;;;;;;;;;; ",,FALSE,FALSE,FALSE,FALSE,FALSE,TRUE,INTRODUCE HIERARCHY;; 
67,PTTZCXFN,funcIntPaTz,funcIntPaTz,Cmplx_funcIntPaTz,V206,complexData,Data_complexData,Codes_complexFunWhole,Archaeology,Interpretations,Complexes,,TRUE,Integer,Nominal? Ordinal?,TRUE,UNK-TBD, -1=site not part of complex or (rarely) no information; 0=dominantly residential; 1=dominantly temples; 2=dominantly non-temple civic structures; 3=mixed; 4=mixed; 5=mixed; 6=mixed; 7=mixed; 8=mixed; 9=other,Patlachique-Tzacualli functional interpretation for whole complex,Functional  interpretation for whole complex during Patlachique-Tzacualli occupation.,,"Complex definitions are not axiomatic. Even in the case of well defined complexes, there may be much uncertainty about the assignment of structures near their edges. 
Codings for this variable provide information about the complex to which a site is assigned, not necessarily about the site itself.",Functional interpretation for whole CX to which this site belongs,Functional interpretation of the whole complex in the Patlachique-Tzacualli phase,"Sometimes two or more distinct architectural units, separate cases in DF9, are clearly parts of some larger architectural entity that can safely be assumed to have been culturally significant to the Teotihuacanos. These are called ""complexes."" A three-pyramid complex, such as Plaza One (1:N5W2) is a good example. Rarely, many distinct structures seem linked in a spatially very large but fairly well-defined association. These are called ""macrocomplexes"" in DF9. An example is the ""Avenue of the Dead"" macrocomplex. A macrocomplex can include no complexes or one or more complexes as sub-units, plus any number of individual sites. However, every complex should be either wholly within one macrocomplex or wholly outside – it does not make sense for a complex to be partly within and partly outside a macrocomplex. Nothing whatever about complexes or macrocomplexes appears explicitly on the SSR. Some information of this kind was written on SSRs in SSR fields 9 (location in relation to other sites), 10 (description of site), and/or 30 (comments). However, this varied greatly among field crews. Much of the interpretation of complexes and macrocomplexes was made after Millon had completed the ""interpretations"" sheets published in Millon et al. (1973). Many complexes are very clear but, even in the case of three-pyramid complexes, there is often uncertainty about exactly which very nearby structures should be included or excluded, and there are even more problems in deciding which sites on the edges of macrocomplexes belong within the macrocomplex. In many cases judgments may have been made initially by those filling out the code sheets, but eventually all were checked and revised by Cowgill. Nevertheless, some uncertain judgments had to be made. Investigations regarding complexes and macrocomplexes should be carried out with careful reference to the data in Millon et al. (1973) and, if possible, the SSRs. The key data fields for identifying DF9 cases assigned to the same complex are 80 and 81. Data field 81 is the four-character label of the sector within which all or most of the complex lies, and data field 80 is a numerical designation for the complexes within each sector. Thus, complex 3:N5W3 would be the third complex among complexes located mainly within sector N5W3. All cases assigned to the same complex have the same ID for data fields 80 and 81, even if the case lies in a different map sector. For cases not assigned to any complex (which are the great majority of cases), data field 80 was coded ""missing data or inapplicable"" and data field 81 was coded ""XXXX."" Data fields 82 and 83 work the same way for macrocomplexes. This whole system is a rather cumbersome way for introducing two levels of case groupings above the basic DF9 level, while maintaining a simple ""flat file"" structure. In DF9, data fields 61-79 repeat the same information for each case in the same complex (except for errors, to which this system was especially prone), and data fields 84-89 repeat the same information for each case in the same macrocomplex. Today, complexes and macrocomplexes could be handled much better by a relational database approach in which separate files for complexes and macrocomplexes were linked to the file for individual sites.As is the case for architectural and functional interpretations of individual sites, data fields characterizing complexes and macrocomplexes for intervals other than Xolalpan-Metepec are of very limited value and should generally be ignored. Data field 63 (observable character of complex in the Xolalpan-Metepec interval) is perhaps most useful for identifying cases belonging to three-pyramid complexes, although some of the other codings are somewhat useful. In general, other data fields for characterizing even Xolalpan-Metepec complexes and macrocomplexes do not seem terribly useful.;;;;;;;;;;;;;;; ","Some variable names were changed in order to avoid duplicate variable names. The variables funcIntPaTz, funcIntMcTl, and funcIntXlMt were found in two tables: complex and complexMacro. The variables were changed to MfuncIntPaTz, MfuncIntMcTl, and MfuncIntXlMt to represent that they are interpretations for a macro complex.",FALSE,FALSE,FALSE,FALSE,FALSE,TRUE,INTRODUCE HIERARCHY;; 
68,MCTLCXFN,funcIntMcTl,funcIntMcTl,Cmplx_funcIntMcTl,V206,complexData,Data_complexData,Codes_complexFunWhole,Archaeology,Interpretations,Complexes,,TRUE,Integer,Nominal? Ordinal?,TRUE,UNK-TBD, -1=site not part of complex or (rarely) no information; 0=dominantly residential; 1=dominantly temples; 2=dominantly non-temple civic structures; 3=mixed; 4=mixed; 5=mixed; 6=mixed; 7=mixed; 8=mixed; 9=other,Miccaotli-Tlamimilolpa functional interpretation for whole complex,Functional  interpretation for whole complex during Miccaotli-Tlamimilolpa occupation.,,"Complex definitions are not axiomatic. Even in the case of well defined complexes, there may be much uncertainty about the assignment of structures near their edges. 
Codings for this variable provide information about the complex to which a site is assigned, not necessarily about the site itself.",Functional interpretation for whole CX to which this site belongs,Functional interpretation of the whole complex in the Miccaotli-Tlamimilolpa phase,"Sometimes two or more distinct architectural units, separate cases in DF9, are clearly parts of some larger architectural entity that can safely be assumed to have been culturally significant to the Teotihuacanos. These are called ""complexes."" A three-pyramid complex, such as Plaza One (1:N5W2) is a good example. Rarely, many distinct structures seem linked in a spatially very large but fairly well-defined association. These are called ""macrocomplexes"" in DF9. An example is the ""Avenue of the Dead"" macrocomplex. A macrocomplex can include no complexes or one or more complexes as sub-units, plus any number of individual sites. However, every complex should be either wholly within one macrocomplex or wholly outside – it does not make sense for a complex to be partly within and partly outside a macrocomplex. Nothing whatever about complexes or macrocomplexes appears explicitly on the SSR. Some information of this kind was written on SSRs in SSR fields 9 (location in relation to other sites), 10 (description of site), and/or 30 (comments). However, this varied greatly among field crews. Much of the interpretation of complexes and macrocomplexes was made after Millon had completed the ""interpretations"" sheets published in Millon et al. (1973). Many complexes are very clear but, even in the case of three-pyramid complexes, there is often uncertainty about exactly which very nearby structures should be included or excluded, and there are even more problems in deciding which sites on the edges of macrocomplexes belong within the macrocomplex. In many cases judgments may have been made initially by those filling out the code sheets, but eventually all were checked and revised by Cowgill. Nevertheless, some uncertain judgments had to be made. Investigations regarding complexes and macrocomplexes should be carried out with careful reference to the data in Millon et al. (1973) and, if possible, the SSRs. The key data fields for identifying DF9 cases assigned to the same complex are 80 and 81. Data field 81 is the four-character label of the sector within which all or most of the complex lies, and data field 80 is a numerical designation for the complexes within each sector. Thus, complex 3:N5W3 would be the third complex among complexes located mainly within sector N5W3. All cases assigned to the same complex have the same ID for data fields 80 and 81, even if the case lies in a different map sector. For cases not assigned to any complex (which are the great majority of cases), data field 80 was coded ""missing data or inapplicable"" and data field 81 was coded ""XXXX."" Data fields 82 and 83 work the same way for macrocomplexes. This whole system is a rather cumbersome way for introducing two levels of case groupings above the basic DF9 level, while maintaining a simple ""flat file"" structure. In DF9, data fields 61-79 repeat the same information for each case in the same complex (except for errors, to which this system was especially prone), and data fields 84-89 repeat the same information for each case in the same macrocomplex. Today, complexes and macrocomplexes could be handled much better by a relational database approach in which separate files for complexes and macrocomplexes were linked to the file for individual sites.As is the case for architectural and functional interpretations of individual sites, data fields characterizing complexes and macrocomplexes for intervals other than Xolalpan-Metepec are of very limited value and should generally be ignored. Data field 63 (observable character of complex in the Xolalpan-Metepec interval) is perhaps most useful for identifying cases belonging to three-pyramid complexes, although some of the other codings are somewhat useful. In general, other data fields for characterizing even Xolalpan-Metepec complexes and macrocomplexes do not seem terribly useful.;;;;;;;;;;;;;;; ","Some variable names were changed in order to avoid duplicate variable names. The variables funcIntPaTz, funcIntMcTl, and funcIntXlMt were found in two tables: complex and complexMacro. The variables were changed to MfuncIntPaTz, MfuncIntMcTl, and MfuncIntXlMt to represent that they are interpretations for a macro complex.",FALSE,FALSE,FALSE,FALSE,FALSE,TRUE,INTRODUCE HIERARCHY;; 
69,XLMECXFN,funcIntXlMt,funcIntXlMt,Cmplx_funcIntXlMt,V206,complexData,Data_complexData,Codes_complexFunWhole,Archaeology,Interpretations,Complexes,,TRUE,Integer,Nominal? Ordinal?,TRUE,UNK-TBD, -1=site not part of complex or (rarely) no information; 0=dominantly residential; 1=dominantly temples; 2=dominantly non-temple civic structures; 3=mixed; 4=mixed; 5=mixed; 6=mixed; 7=mixed; 8=mixed; 9=other,Xolalpan-Metepec functional interpretation for whole complex,Functional  interpretation for whole complex during Xolalpan-Metepec occupation.,,"Complex definitions are not axiomatic. Even in the case of well defined complexes, there may be much uncertainty about the assignment of structures near their edges. 
Codings for this variable provide information about the complex to which a site is assigned, not necessarily about the site itself.",Functional interpretation for whole CX to which this site belongs,"Functional interpretation of the whole complex in the Xolalpan-Metepec phase. This includes 385 sites in complexes interpreted as containing a mix of temples and residences, 206 in complexes consisting mainly of temples, 127 in dominantly residential complexes, 3 in complexes consisting mainly of non-temple civic structures, and 35 in complexes with ""other"" composition (Figure 3.x).","Sometimes two or more distinct architectural units, separate cases in DF9, are clearly parts of some larger architectural entity that can safely be assumed to have been culturally significant to the Teotihuacanos. These are called ""complexes."" A three-pyramid complex, such as Plaza One (1:N5W2) is a good example. Rarely, many distinct structures seem linked in a spatially very large but fairly well-defined association. These are called ""macrocomplexes"" in DF9. An example is the ""Avenue of the Dead"" macrocomplex. A macrocomplex can include no complexes or one or more complexes as sub-units, plus any number of individual sites. However, every complex should be either wholly within one macrocomplex or wholly outside – it does not make sense for a complex to be partly within and partly outside a macrocomplex. Nothing whatever about complexes or macrocomplexes appears explicitly on the SSR. Some information of this kind was written on SSRs in SSR fields 9 (location in relation to other sites), 10 (description of site), and/or 30 (comments). However, this varied greatly among field crews. Much of the interpretation of complexes and macrocomplexes was made after Millon had completed the ""interpretations"" sheets published in Millon et al. (1973). Many complexes are very clear but, even in the case of three-pyramid complexes, there is often uncertainty about exactly which very nearby structures should be included or excluded, and there are even more problems in deciding which sites on the edges of macrocomplexes belong within the macrocomplex. In many cases judgments may have been made initially by those filling out the code sheets, but eventually all were checked and revised by Cowgill. Nevertheless, some uncertain judgments had to be made. Investigations regarding complexes and macrocomplexes should be carried out with careful reference to the data in Millon et al. (1973) and, if possible, the SSRs. The key data fields for identifying DF9 cases assigned to the same complex are 80 and 81. Data field 81 is the four-character label of the sector within which all or most of the complex lies, and data field 80 is a numerical designation for the complexes within each sector. Thus, complex 3:N5W3 would be the third complex among complexes located mainly within sector N5W3. All cases assigned to the same complex have the same ID for data fields 80 and 81, even if the case lies in a different map sector. For cases not assigned to any complex (which are the great majority of cases), data field 80 was coded ""missing data or inapplicable"" and data field 81 was coded ""XXXX."" Data fields 82 and 83 work the same way for macrocomplexes. This whole system is a rather cumbersome way for introducing two levels of case groupings above the basic DF9 level, while maintaining a simple ""flat file"" structure. In DF9, data fields 61-79 repeat the same information for each case in the same complex (except for errors, to which this system was especially prone), and data fields 84-89 repeat the same information for each case in the same macrocomplex. Today, complexes and macrocomplexes could be handled much better by a relational database approach in which separate files for complexes and macrocomplexes were linked to the file for individual sites.As is the case for architectural and functional interpretations of individual sites, data fields characterizing complexes and macrocomplexes for intervals other than Xolalpan-Metepec are of very limited value and should generally be ignored. Data field 63 (observable character of complex in the Xolalpan-Metepec interval) is perhaps most useful for identifying cases belonging to three-pyramid complexes, although some of the other codings are somewhat useful. In general, other data fields for characterizing even Xolalpan-Metepec complexes and macrocomplexes do not seem terribly useful.;;;;;;;;;;;;;;; ","Some variable names were changed in order to avoid duplicate variable names. The variables funcIntPaTz, funcIntMcTl, and funcIntXlMt were found in two tables: complex and complexMacro. The variables were changed to MfuncIntPaTz, MfuncIntMcTl, and MfuncIntXlMt to represent that they are interpretations for a macro complex.",FALSE,FALSE,FALSE,FALSE,FALSE,TRUE,INTRODUCE HIERARCHY;; 
70,PTTZRSFN,funcResPaTz,funcResPaTz,Cmplx_funcResPaTz,V206,complexData,Data_complexData,Codes_complexFunRes,Archaeology,Interpretations,Complexes,,TRUE,Integer,Nominal? Ordinal?,TRUE,UNK-TBD, -1=site not part of complex or (rarely) no information; 0=evidence suggests no part of complex was residential; 1=residential block of uncertain status; 2=low or intermediate status; 3=low or intermediate status; 4=residential block of uncertain status; 5=high status; 6=high status; 9=other,Patlachique-Tzacualli functional interpretation for residential elements of complex,Functional  interpretation for residential elements of complex during Patlachique-Tzacualli occupation.,,"Complex definitions are not axiomatic. Even in the case of well defined complexes, there may be much uncertainty about the assignment of structures near their edges. 
Codings for this variable provide information about the complex to which a site is assigned, not necessarily about the site itself.","Functional interpretation of residential elements of CX. **Remember:** The codings for these variables provide information about the **CX** to which a site is assigned, not necessarily about the site itself. Thus, the fact that 544 sites are coded ""5"" for var.72 does not mean that 544 sites in **CXs** are believed to have had high-status occupants in Xolalpan-Metepec times. It means that 544 sites, of all sorts, are in **CXs** believed to have included one or more high-status residences during the Xol-Met interval. The same applies to codings for other kinds of elements of **CXs**.",Functional interpretation of residential elements of complex in the Patlachique-Tzacualli phase.,"Sometimes two or more distinct architectural units, separate cases in DF9, are clearly parts of some larger architectural entity that can safely be assumed to have been culturally significant to the Teotihuacanos. These are called ""complexes."" A three-pyramid complex, such as Plaza One (1:N5W2) is a good example. Rarely, many distinct structures seem linked in a spatially very large but fairly well-defined association. These are called ""macrocomplexes"" in DF9. An example is the ""Avenue of the Dead"" macrocomplex. A macrocomplex can include no complexes or one or more complexes as sub-units, plus any number of individual sites. However, every complex should be either wholly within one macrocomplex or wholly outside – it does not make sense for a complex to be partly within and partly outside a macrocomplex. Nothing whatever about complexes or macrocomplexes appears explicitly on the SSR. Some information of this kind was written on SSRs in SSR fields 9 (location in relation to other sites), 10 (description of site), and/or 30 (comments). However, this varied greatly among field crews. Much of the interpretation of complexes and macrocomplexes was made after Millon had completed the ""interpretations"" sheets published in Millon et al. (1973). Many complexes are very clear but, even in the case of three-pyramid complexes, there is often uncertainty about exactly which very nearby structures should be included or excluded, and there are even more problems in deciding which sites on the edges of macrocomplexes belong within the macrocomplex. In many cases judgments may have been made initially by those filling out the code sheets, but eventually all were checked and revised by Cowgill. Nevertheless, some uncertain judgments had to be made. Investigations regarding complexes and macrocomplexes should be carried out with careful reference to the data in Millon et al. (1973) and, if possible, the SSRs. The key data fields for identifying DF9 cases assigned to the same complex are 80 and 81. Data field 81 is the four-character label of the sector within which all or most of the complex lies, and data field 80 is a numerical designation for the complexes within each sector. Thus, complex 3:N5W3 would be the third complex among complexes located mainly within sector N5W3. All cases assigned to the same complex have the same ID for data fields 80 and 81, even if the case lies in a different map sector. For cases not assigned to any complex (which are the great majority of cases), data field 80 was coded ""missing data or inapplicable"" and data field 81 was coded ""XXXX."" Data fields 82 and 83 work the same way for macrocomplexes. This whole system is a rather cumbersome way for introducing two levels of case groupings above the basic DF9 level, while maintaining a simple ""flat file"" structure. In DF9, data fields 61-79 repeat the same information for each case in the same complex (except for errors, to which this system was especially prone), and data fields 84-89 repeat the same information for each case in the same macrocomplex. Today, complexes and macrocomplexes could be handled much better by a relational database approach in which separate files for complexes and macrocomplexes were linked to the file for individual sites.As is the case for architectural and functional interpretations of individual sites, data fields characterizing complexes and macrocomplexes for intervals other than Xolalpan-Metepec are of very limited value and should generally be ignored. Data field 63 (observable character of complex in the Xolalpan-Metepec interval) is perhaps most useful for identifying cases belonging to three-pyramid complexes, although some of the other codings are somewhat useful. In general, other data fields for characterizing even Xolalpan-Metepec complexes and macrocomplexes do not seem terribly useful.;;;;;;;;;;;;;;; ",,FALSE,FALSE,FALSE,FALSE,FALSE,TRUE,INTRODUCE HIERARCHY;; 
71,MCTLRSFN,funcResMcTl,funcResMcTl,Cmplx_funcResMcTl,V206,complexData,Data_complexData,Codes_complexFunRes,Archaeology,Interpretations,Complexes,,TRUE,Integer,Nominal? Ordinal?,TRUE,UNK-TBD, -1=site not part of complex or (rarely) no information; 0=evidence suggests no part of complex was residential; 1=residential block of uncertain status; 2=low or intermediate status; 3=low or intermediate status; 4=residential block of uncertain status; 5=high status; 6=high status; 9=other,Miccaotli-Tlamimilolpa functional interpretation for residential elements of complex,Functional  interpretation for residential elements of complex during Miccaotli-Tlamimilolpa occupation.,,"Complex definitions are not axiomatic. Even in the case of well defined complexes, there may be much uncertainty about the assignment of structures near their edges. 
Codings for this variable provide information about the complex to which a site is assigned, not necessarily about the site itself.","Functional interpretation of residential elements of CX. **Remember:** The codings for these variables provide information about the **CX** to which a site is assigned, not necessarily about the site itself. Thus, the fact that 544 sites are coded ""5"" for var.72 does not mean that 544 sites in **CXs** are believed to have had high-status occupants in Xolalpan-Metepec times. It means that 544 sites, of all sorts, are in **CXs** believed to have included one or more high-status residences during the Xol-Met interval. The same applies to codings for other kinds of elements of **CXs**.",Functional interpretation of residential elements of complex in the Miccaotli-Tlamimilolpa phase.,"Sometimes two or more distinct architectural units, separate cases in DF9, are clearly parts of some larger architectural entity that can safely be assumed to have been culturally significant to the Teotihuacanos. These are called ""complexes."" A three-pyramid complex, such as Plaza One (1:N5W2) is a good example. Rarely, many distinct structures seem linked in a spatially very large but fairly well-defined association. These are called ""macrocomplexes"" in DF9. An example is the ""Avenue of the Dead"" macrocomplex. A macrocomplex can include no complexes or one or more complexes as sub-units, plus any number of individual sites. However, every complex should be either wholly within one macrocomplex or wholly outside – it does not make sense for a complex to be partly within and partly outside a macrocomplex. Nothing whatever about complexes or macrocomplexes appears explicitly on the SSR. Some information of this kind was written on SSRs in SSR fields 9 (location in relation to other sites), 10 (description of site), and/or 30 (comments). However, this varied greatly among field crews. Much of the interpretation of complexes and macrocomplexes was made after Millon had completed the ""interpretations"" sheets published in Millon et al. (1973). Many complexes are very clear but, even in the case of three-pyramid complexes, there is often uncertainty about exactly which very nearby structures should be included or excluded, and there are even more problems in deciding which sites on the edges of macrocomplexes belong within the macrocomplex. In many cases judgments may have been made initially by those filling out the code sheets, but eventually all were checked and revised by Cowgill. Nevertheless, some uncertain judgments had to be made. Investigations regarding complexes and macrocomplexes should be carried out with careful reference to the data in Millon et al. (1973) and, if possible, the SSRs. The key data fields for identifying DF9 cases assigned to the same complex are 80 and 81. Data field 81 is the four-character label of the sector within which all or most of the complex lies, and data field 80 is a numerical designation for the complexes within each sector. Thus, complex 3:N5W3 would be the third complex among complexes located mainly within sector N5W3. All cases assigned to the same complex have the same ID for data fields 80 and 81, even if the case lies in a different map sector. For cases not assigned to any complex (which are the great majority of cases), data field 80 was coded ""missing data or inapplicable"" and data field 81 was coded ""XXXX."" Data fields 82 and 83 work the same way for macrocomplexes. This whole system is a rather cumbersome way for introducing two levels of case groupings above the basic DF9 level, while maintaining a simple ""flat file"" structure. In DF9, data fields 61-79 repeat the same information for each case in the same complex (except for errors, to which this system was especially prone), and data fields 84-89 repeat the same information for each case in the same macrocomplex. Today, complexes and macrocomplexes could be handled much better by a relational database approach in which separate files for complexes and macrocomplexes were linked to the file for individual sites.As is the case for architectural and functional interpretations of individual sites, data fields characterizing complexes and macrocomplexes for intervals other than Xolalpan-Metepec are of very limited value and should generally be ignored. Data field 63 (observable character of complex in the Xolalpan-Metepec interval) is perhaps most useful for identifying cases belonging to three-pyramid complexes, although some of the other codings are somewhat useful. In general, other data fields for characterizing even Xolalpan-Metepec complexes and macrocomplexes do not seem terribly useful.;;;;;;;;;;;;;;; ",,FALSE,FALSE,FALSE,FALSE,FALSE,TRUE,INTRODUCE HIERARCHY;; 
72,XLMERSFN,funcResXlMt,funcResXlMt,Cmplx_funcResXlMt,V206,complexData,Data_complexData,Codes_complexFunRes,Archaeology,Interpretations,Complexes,,TRUE,Integer,Nominal? Ordinal?,TRUE,UNK-TBD, -1=site not part of complex or (rarely) no information; 0=evidence suggests no part of complex was residential; 1=residential block of uncertain status; 2=low or intermediate status; 3=low or intermediate status; 4=residential block of uncertain status; 5=high status; 6=high status; 9=other,Xolalpan-Metepec functional interpretation for residential elements of complex,Functional  interpretation for residential elements of complex during Xolalpan-Metepec occupation.,,"Complex definitions are not axiomatic. Even in the case of well defined complexes, there may be much uncertainty about the assignment of structures near their edges. 
Codings for this variable provide information about the complex to which a site is assigned, not necessarily about the site itself.","Functional interpretation of residential elements of CX. **Remember:** The codings for these variables provide information about the **CX** to which a site is assigned, not necessarily about the site itself. Thus, the fact that 544 sites are coded ""5"" for var.72 does not mean that 544 sites in **CXs** are believed to have had high-status occupants in Xolalpan-Metepec times. It means that 544 sites, of all sorts, are in **CXs** believed to have included one or more high-status residences during the Xol-Met interval. The same applies to codings for other kinds of elements of **CXs**.","Functional interpretation of residential elements of complex in the Xolalpan-Metepec phase. This includes 544 sites in complexes whose residential elements were judged to be of high status, 113 sites in complexes with low or intermediate status residential elements, 67 in which probably no part of the complex was residential, and 35 in complexes with residential elements of uncertain status (Figure 3.x). This suggests that most residential units considered to be of high status are parts of larger complexes. However, there is probably some circular reasoning here, since most complexes are on or near the Avenue of the Dead and in many cases the fact that a residential unit was a component of such a complex may have been a principal reason for judging that its occupants were of high status.","Sometimes two or more distinct architectural units, separate cases in DF9, are clearly parts of some larger architectural entity that can safely be assumed to have been culturally significant to the Teotihuacanos. These are called ""complexes."" A three-pyramid complex, such as Plaza One (1:N5W2) is a good example. Rarely, many distinct structures seem linked in a spatially very large but fairly well-defined association. These are called ""macrocomplexes"" in DF9. An example is the ""Avenue of the Dead"" macrocomplex. A macrocomplex can include no complexes or one or more complexes as sub-units, plus any number of individual sites. However, every complex should be either wholly within one macrocomplex or wholly outside – it does not make sense for a complex to be partly within and partly outside a macrocomplex. Nothing whatever about complexes or macrocomplexes appears explicitly on the SSR. Some information of this kind was written on SSRs in SSR fields 9 (location in relation to other sites), 10 (description of site), and/or 30 (comments). However, this varied greatly among field crews. Much of the interpretation of complexes and macrocomplexes was made after Millon had completed the ""interpretations"" sheets published in Millon et al. (1973). Many complexes are very clear but, even in the case of three-pyramid complexes, there is often uncertainty about exactly which very nearby structures should be included or excluded, and there are even more problems in deciding which sites on the edges of macrocomplexes belong within the macrocomplex. In many cases judgments may have been made initially by those filling out the code sheets, but eventually all were checked and revised by Cowgill. Nevertheless, some uncertain judgments had to be made. Investigations regarding complexes and macrocomplexes should be carried out with careful reference to the data in Millon et al. (1973) and, if possible, the SSRs. The key data fields for identifying DF9 cases assigned to the same complex are 80 and 81. Data field 81 is the four-character label of the sector within which all or most of the complex lies, and data field 80 is a numerical designation for the complexes within each sector. Thus, complex 3:N5W3 would be the third complex among complexes located mainly within sector N5W3. All cases assigned to the same complex have the same ID for data fields 80 and 81, even if the case lies in a different map sector. For cases not assigned to any complex (which are the great majority of cases), data field 80 was coded ""missing data or inapplicable"" and data field 81 was coded ""XXXX."" Data fields 82 and 83 work the same way for macrocomplexes. This whole system is a rather cumbersome way for introducing two levels of case groupings above the basic DF9 level, while maintaining a simple ""flat file"" structure. In DF9, data fields 61-79 repeat the same information for each case in the same complex (except for errors, to which this system was especially prone), and data fields 84-89 repeat the same information for each case in the same macrocomplex. Today, complexes and macrocomplexes could be handled much better by a relational database approach in which separate files for complexes and macrocomplexes were linked to the file for individual sites.As is the case for architectural and functional interpretations of individual sites, data fields characterizing complexes and macrocomplexes for intervals other than Xolalpan-Metepec are of very limited value and should generally be ignored. Data field 63 (observable character of complex in the Xolalpan-Metepec interval) is perhaps most useful for identifying cases belonging to three-pyramid complexes, although some of the other codings are somewhat useful. In general, other data fields for characterizing even Xolalpan-Metepec complexes and macrocomplexes do not seem terribly useful.;;;;;;;;;;;;;;; ",,FALSE,FALSE,FALSE,FALSE,FALSE,TRUE,INTRODUCE HIERARCHY;; 
73,PTTZTMFN,funcTmpPaTz,funcTmpPaTz,Cmplx_funcTmpPaTz,V206,complexData,Data_complexData,Codes_complexFunTemp,Archaeology,Interpretations,Complexes,-1,TRUE,Integer,Nominal? Ordinal?,TRUE,UNK-TBD,0=evidence suggests there were no temples in complex; 1=temples included; 2=temples included; 3=temples included; 4=temples included; 5=temples included; 6=temples included; 7=one or more pyramid temples included; 8=temple(s) possibly for foreign gods; 9=temples of uncertain or varied character,Patlachique-Tzacualli functional interpretation for temple-like elements of complex,Functional  interpretation for temple-like elements of complex during Patlachique-Tzacualli occupation.,,"Complex definitions are not axiomatic. Even in the case of well defined complexes, there may be much uncertainty about the assignment of structures near their edges. 
Codings for this variable provide information about the complex to which a site is assigned, not necessarily about the site itself.",Functional interpretation of temple-like elements of CX,Functional interpretation of temple-like elements of complex in the Patlachique-Tzacualli phase,"Sometimes two or more distinct architectural units, separate cases in DF9, are clearly parts of some larger architectural entity that can safely be assumed to have been culturally significant to the Teotihuacanos. These are called ""complexes."" A three-pyramid complex, such as Plaza One (1:N5W2) is a good example. Rarely, many distinct structures seem linked in a spatially very large but fairly well-defined association. These are called ""macrocomplexes"" in DF9. An example is the ""Avenue of the Dead"" macrocomplex. A macrocomplex can include no complexes or one or more complexes as sub-units, plus any number of individual sites. However, every complex should be either wholly within one macrocomplex or wholly outside – it does not make sense for a complex to be partly within and partly outside a macrocomplex. Nothing whatever about complexes or macrocomplexes appears explicitly on the SSR. Some information of this kind was written on SSRs in SSR fields 9 (location in relation to other sites), 10 (description of site), and/or 30 (comments). However, this varied greatly among field crews. Much of the interpretation of complexes and macrocomplexes was made after Millon had completed the ""interpretations"" sheets published in Millon et al. (1973). Many complexes are very clear but, even in the case of three-pyramid complexes, there is often uncertainty about exactly which very nearby structures should be included or excluded, and there are even more problems in deciding which sites on the edges of macrocomplexes belong within the macrocomplex. In many cases judgments may have been made initially by those filling out the code sheets, but eventually all were checked and revised by Cowgill. Nevertheless, some uncertain judgments had to be made. Investigations regarding complexes and macrocomplexes should be carried out with careful reference to the data in Millon et al. (1973) and, if possible, the SSRs. The key data fields for identifying DF9 cases assigned to the same complex are 80 and 81. Data field 81 is the four-character label of the sector within which all or most of the complex lies, and data field 80 is a numerical designation for the complexes within each sector. Thus, complex 3:N5W3 would be the third complex among complexes located mainly within sector N5W3. All cases assigned to the same complex have the same ID for data fields 80 and 81, even if the case lies in a different map sector. For cases not assigned to any complex (which are the great majority of cases), data field 80 was coded ""missing data or inapplicable"" and data field 81 was coded ""XXXX."" Data fields 82 and 83 work the same way for macrocomplexes. This whole system is a rather cumbersome way for introducing two levels of case groupings above the basic DF9 level, while maintaining a simple ""flat file"" structure. In DF9, data fields 61-79 repeat the same information for each case in the same complex (except for errors, to which this system was especially prone), and data fields 84-89 repeat the same information for each case in the same macrocomplex. Today, complexes and macrocomplexes could be handled much better by a relational database approach in which separate files for complexes and macrocomplexes were linked to the file for individual sites.As is the case for architectural and functional interpretations of individual sites, data fields characterizing complexes and macrocomplexes for intervals other than Xolalpan-Metepec are of very limited value and should generally be ignored. Data field 63 (observable character of complex in the Xolalpan-Metepec interval) is perhaps most useful for identifying cases belonging to three-pyramid complexes, although some of the other codings are somewhat useful. In general, other data fields for characterizing even Xolalpan-Metepec complexes and macrocomplexes do not seem terribly useful.;;;;;;;;;;;;;;; ",,FALSE,FALSE,FALSE,FALSE,FALSE,TRUE,INTRODUCE HIERARCHY;; 
74,MCTLTMFN,funcTmpMcTl,funcTmpMcTl,Cmplx_funcTmpMcTl,V206,complexData,Data_complexData,Codes_complexFunTemp,Archaeology,Interpretations,Complexes,-1,TRUE,Integer,Nominal? Ordinal?,TRUE,UNK-TBD,0=evidence suggests there were no temples in complex; 1=temples included; 2=temples included; 3=temples included; 4=temples included; 5=temples included; 6=temples included; 7=one or more pyramid temples included; 8=temple(s) possibly for foreign gods; 9=temples of uncertain or varied character,Miccaotli-Tlamimilolpa functional interpretation for temple-like elements of complex,Functional  interpretation for temple-like elements of complex during Miccaotli-Tlamimilolpa occupation.,,"Complex definitions are not axiomatic. Even in the case of well defined complexes, there may be much uncertainty about the assignment of structures near their edges. 
Codings for this variable provide information about the complex to which a site is assigned, not necessarily about the site itself.",Functional interpretation of temple-like elements of CX,Functional interpretation of temple-like elements of complex in the Miccaotli-Tlamimilolpa phase,"Sometimes two or more distinct architectural units, separate cases in DF9, are clearly parts of some larger architectural entity that can safely be assumed to have been culturally significant to the Teotihuacanos. These are called ""complexes."" A three-pyramid complex, such as Plaza One (1:N5W2) is a good example. Rarely, many distinct structures seem linked in a spatially very large but fairly well-defined association. These are called ""macrocomplexes"" in DF9. An example is the ""Avenue of the Dead"" macrocomplex. A macrocomplex can include no complexes or one or more complexes as sub-units, plus any number of individual sites. However, every complex should be either wholly within one macrocomplex or wholly outside – it does not make sense for a complex to be partly within and partly outside a macrocomplex. Nothing whatever about complexes or macrocomplexes appears explicitly on the SSR. Some information of this kind was written on SSRs in SSR fields 9 (location in relation to other sites), 10 (description of site), and/or 30 (comments). However, this varied greatly among field crews. Much of the interpretation of complexes and macrocomplexes was made after Millon had completed the ""interpretations"" sheets published in Millon et al. (1973). Many complexes are very clear but, even in the case of three-pyramid complexes, there is often uncertainty about exactly which very nearby structures should be included or excluded, and there are even more problems in deciding which sites on the edges of macrocomplexes belong within the macrocomplex. In many cases judgments may have been made initially by those filling out the code sheets, but eventually all were checked and revised by Cowgill. Nevertheless, some uncertain judgments had to be made. Investigations regarding complexes and macrocomplexes should be carried out with careful reference to the data in Millon et al. (1973) and, if possible, the SSRs. The key data fields for identifying DF9 cases assigned to the same complex are 80 and 81. Data field 81 is the four-character label of the sector within which all or most of the complex lies, and data field 80 is a numerical designation for the complexes within each sector. Thus, complex 3:N5W3 would be the third complex among complexes located mainly within sector N5W3. All cases assigned to the same complex have the same ID for data fields 80 and 81, even if the case lies in a different map sector. For cases not assigned to any complex (which are the great majority of cases), data field 80 was coded ""missing data or inapplicable"" and data field 81 was coded ""XXXX."" Data fields 82 and 83 work the same way for macrocomplexes. This whole system is a rather cumbersome way for introducing two levels of case groupings above the basic DF9 level, while maintaining a simple ""flat file"" structure. In DF9, data fields 61-79 repeat the same information for each case in the same complex (except for errors, to which this system was especially prone), and data fields 84-89 repeat the same information for each case in the same macrocomplex. Today, complexes and macrocomplexes could be handled much better by a relational database approach in which separate files for complexes and macrocomplexes were linked to the file for individual sites.As is the case for architectural and functional interpretations of individual sites, data fields characterizing complexes and macrocomplexes for intervals other than Xolalpan-Metepec are of very limited value and should generally be ignored. Data field 63 (observable character of complex in the Xolalpan-Metepec interval) is perhaps most useful for identifying cases belonging to three-pyramid complexes, although some of the other codings are somewhat useful. In general, other data fields for characterizing even Xolalpan-Metepec complexes and macrocomplexes do not seem terribly useful.;;;;;;;;;;;;;;; ",,FALSE,FALSE,FALSE,FALSE,FALSE,TRUE,INTRODUCE HIERARCHY;; 
75,XLMETMFN,funcTmpXlMt,funcTmpXlMt,Cmplx_funcTmpXlMt,V206,complexData,Data_complexData,Codes_complexFunTemp,Archaeology,Interpretations,Complexes,-1,TRUE,Integer,Nominal? Ordinal?,TRUE,UNK-TBD,0=evidence suggests there were no temples in complex; 1=temples included; 2=temples included; 3=temples included; 4=temples included; 5=temples included; 6=temples included; 7=one or more pyramid temples included; 8=temple(s) possibly for foreign gods; 9=temples of uncertain or varied character,Xolalpan-Metepec functional interpretation for temple-like elements of complex,Functional  interpretation for temple-like elements of complex during Xolalpan-Metepec occupation.,,"Complex definitions are not axiomatic. Even in the case of well defined complexes, there may be much uncertainty about the assignment of structures near their edges. 
Codings for this variable provide information about the complex to which a site is assigned, not necessarily about the site itself.",Functional interpretation of temple-like elements of CX,"Functional interpretation of temple-like elements of complex in the Xolalpan-Metepec phase. This includes 626 cases that were elements of complexes judged to include temple-like elements of some sort, and 131 cases in complexes judged to lack any temples (Figure 3.x).","Sometimes two or more distinct architectural units, separate cases in DF9, are clearly parts of some larger architectural entity that can safely be assumed to have been culturally significant to the Teotihuacanos. These are called ""complexes."" A three-pyramid complex, such as Plaza One (1:N5W2) is a good example. Rarely, many distinct structures seem linked in a spatially very large but fairly well-defined association. These are called ""macrocomplexes"" in DF9. An example is the ""Avenue of the Dead"" macrocomplex. A macrocomplex can include no complexes or one or more complexes as sub-units, plus any number of individual sites. However, every complex should be either wholly within one macrocomplex or wholly outside – it does not make sense for a complex to be partly within and partly outside a macrocomplex. Nothing whatever about complexes or macrocomplexes appears explicitly on the SSR. Some information of this kind was written on SSRs in SSR fields 9 (location in relation to other sites), 10 (description of site), and/or 30 (comments). However, this varied greatly among field crews. Much of the interpretation of complexes and macrocomplexes was made after Millon had completed the ""interpretations"" sheets published in Millon et al. (1973). Many complexes are very clear but, even in the case of three-pyramid complexes, there is often uncertainty about exactly which very nearby structures should be included or excluded, and there are even more problems in deciding which sites on the edges of macrocomplexes belong within the macrocomplex. In many cases judgments may have been made initially by those filling out the code sheets, but eventually all were checked and revised by Cowgill. Nevertheless, some uncertain judgments had to be made. Investigations regarding complexes and macrocomplexes should be carried out with careful reference to the data in Millon et al. (1973) and, if possible, the SSRs. The key data fields for identifying DF9 cases assigned to the same complex are 80 and 81. Data field 81 is the four-character label of the sector within which all or most of the complex lies, and data field 80 is a numerical designation for the complexes within each sector. Thus, complex 3:N5W3 would be the third complex among complexes located mainly within sector N5W3. All cases assigned to the same complex have the same ID for data fields 80 and 81, even if the case lies in a different map sector. For cases not assigned to any complex (which are the great majority of cases), data field 80 was coded ""missing data or inapplicable"" and data field 81 was coded ""XXXX."" Data fields 82 and 83 work the same way for macrocomplexes. This whole system is a rather cumbersome way for introducing two levels of case groupings above the basic DF9 level, while maintaining a simple ""flat file"" structure. In DF9, data fields 61-79 repeat the same information for each case in the same complex (except for errors, to which this system was especially prone), and data fields 84-89 repeat the same information for each case in the same macrocomplex. Today, complexes and macrocomplexes could be handled much better by a relational database approach in which separate files for complexes and macrocomplexes were linked to the file for individual sites.As is the case for architectural and functional interpretations of individual sites, data fields characterizing complexes and macrocomplexes for intervals other than Xolalpan-Metepec are of very limited value and should generally be ignored. Data field 63 (observable character of complex in the Xolalpan-Metepec interval) is perhaps most useful for identifying cases belonging to three-pyramid complexes, although some of the other codings are somewhat useful. In general, other data fields for characterizing even Xolalpan-Metepec complexes and macrocomplexes do not seem terribly useful.;;;;;;;;;;;;;;; ",,FALSE,FALSE,FALSE,FALSE,FALSE,TRUE,INTRODUCE HIERARCHY;; 
76,PTTZCVFN,funcCivPaTz,funcCivPaTz,Cmplx_funcCivPaTz,V206,complexData,Data_complexData,Codes_complexFunCivic,Archaeology,Interpretations,Complexes,-1,TRUE,Integer,Nominal? Ordinal?,TRUE,UNK-TBD,0=evidence suggests none in complex; 1=present; 2=present; 3=present; 4=present; 5=present; 6=present; 9=other,Patlachique-Tzacualli functional interpretation for non-temple civic elements of complex,Functional  interpretation for non-temple civic elements of complex during Patlachique-Tzacualli occupation.,,"Complex definitions are not axiomatic. Even in the case of well defined complexes, there may be much uncertainty about the assignment of structures near their edges. 
Codings for this variable provide information about the complex to which a site is assigned, not necessarily about the site itself.",Functional interpretation of non-temple civic structures in CX,Functional interpretation of non-temple civic structures of complex in the Patlachique-Tzacualli phase,"Sometimes two or more distinct architectural units, separate cases in DF9, are clearly parts of some larger architectural entity that can safely be assumed to have been culturally significant to the Teotihuacanos. These are called ""complexes."" A three-pyramid complex, such as Plaza One (1:N5W2) is a good example. Rarely, many distinct structures seem linked in a spatially very large but fairly well-defined association. These are called ""macrocomplexes"" in DF9. An example is the ""Avenue of the Dead"" macrocomplex. A macrocomplex can include no complexes or one or more complexes as sub-units, plus any number of individual sites. However, every complex should be either wholly within one macrocomplex or wholly outside – it does not make sense for a complex to be partly within and partly outside a macrocomplex. Nothing whatever about complexes or macrocomplexes appears explicitly on the SSR. Some information of this kind was written on SSRs in SSR fields 9 (location in relation to other sites), 10 (description of site), and/or 30 (comments). However, this varied greatly among field crews. Much of the interpretation of complexes and macrocomplexes was made after Millon had completed the ""interpretations"" sheets published in Millon et al. (1973). Many complexes are very clear but, even in the case of three-pyramid complexes, there is often uncertainty about exactly which very nearby structures should be included or excluded, and there are even more problems in deciding which sites on the edges of macrocomplexes belong within the macrocomplex. In many cases judgments may have been made initially by those filling out the code sheets, but eventually all were checked and revised by Cowgill. Nevertheless, some uncertain judgments had to be made. Investigations regarding complexes and macrocomplexes should be carried out with careful reference to the data in Millon et al. (1973) and, if possible, the SSRs. The key data fields for identifying DF9 cases assigned to the same complex are 80 and 81. Data field 81 is the four-character label of the sector within which all or most of the complex lies, and data field 80 is a numerical designation for the complexes within each sector. Thus, complex 3:N5W3 would be the third complex among complexes located mainly within sector N5W3. All cases assigned to the same complex have the same ID for data fields 80 and 81, even if the case lies in a different map sector. For cases not assigned to any complex (which are the great majority of cases), data field 80 was coded ""missing data or inapplicable"" and data field 81 was coded ""XXXX."" Data fields 82 and 83 work the same way for macrocomplexes. This whole system is a rather cumbersome way for introducing two levels of case groupings above the basic DF9 level, while maintaining a simple ""flat file"" structure. In DF9, data fields 61-79 repeat the same information for each case in the same complex (except for errors, to which this system was especially prone), and data fields 84-89 repeat the same information for each case in the same macrocomplex. Today, complexes and macrocomplexes could be handled much better by a relational database approach in which separate files for complexes and macrocomplexes were linked to the file for individual sites.As is the case for architectural and functional interpretations of individual sites, data fields characterizing complexes and macrocomplexes for intervals other than Xolalpan-Metepec are of very limited value and should generally be ignored. Data field 63 (observable character of complex in the Xolalpan-Metepec interval) is perhaps most useful for identifying cases belonging to three-pyramid complexes, although some of the other codings are somewhat useful. In general, other data fields for characterizing even Xolalpan-Metepec complexes and macrocomplexes do not seem terribly useful.;;;;;;;;;;;;;;; ",,FALSE,FALSE,FALSE,FALSE,FALSE,TRUE,INTRODUCE HIERARCHY;; 
77,MCTLCVFN,funcCivMcTl,funcCivMcTl,Cmplx_funcCivMcTl,V206,complexData,Data_complexData,Codes_complexFunCivic,Archaeology,Interpretations,Complexes,-1,TRUE,Integer,Nominal? Ordinal?,TRUE,UNK-TBD,0=evidence suggests none in complex; 1=present; 2=present; 3=present; 4=present; 5=present; 6=present; 9=other,Miccaotli-Tlamimilolpa functional interpretation for non-temple civic elements of complex,Functional  interpretation for non-temple civic elements of complex during Miccaotli-Tlamimilolpa occupation.,,"Complex definitions are not axiomatic. Even in the case of well defined complexes, there may be much uncertainty about the assignment of structures near their edges. 
Codings for this variable provide information about the complex to which a site is assigned, not necessarily about the site itself.",Functional interpretation of non-temple civic structures in CX,Functional interpretation of non-temple civic structures of complex in the Miccaotli-Tlamimilolpa phase,"Sometimes two or more distinct architectural units, separate cases in DF9, are clearly parts of some larger architectural entity that can safely be assumed to have been culturally significant to the Teotihuacanos. These are called ""complexes."" A three-pyramid complex, such as Plaza One (1:N5W2) is a good example. Rarely, many distinct structures seem linked in a spatially very large but fairly well-defined association. These are called ""macrocomplexes"" in DF9. An example is the ""Avenue of the Dead"" macrocomplex. A macrocomplex can include no complexes or one or more complexes as sub-units, plus any number of individual sites. However, every complex should be either wholly within one macrocomplex or wholly outside – it does not make sense for a complex to be partly within and partly outside a macrocomplex. Nothing whatever about complexes or macrocomplexes appears explicitly on the SSR. Some information of this kind was written on SSRs in SSR fields 9 (location in relation to other sites), 10 (description of site), and/or 30 (comments). However, this varied greatly among field crews. Much of the interpretation of complexes and macrocomplexes was made after Millon had completed the ""interpretations"" sheets published in Millon et al. (1973). Many complexes are very clear but, even in the case of three-pyramid complexes, there is often uncertainty about exactly which very nearby structures should be included or excluded, and there are even more problems in deciding which sites on the edges of macrocomplexes belong within the macrocomplex. In many cases judgments may have been made initially by those filling out the code sheets, but eventually all were checked and revised by Cowgill. Nevertheless, some uncertain judgments had to be made. Investigations regarding complexes and macrocomplexes should be carried out with careful reference to the data in Millon et al. (1973) and, if possible, the SSRs. The key data fields for identifying DF9 cases assigned to the same complex are 80 and 81. Data field 81 is the four-character label of the sector within which all or most of the complex lies, and data field 80 is a numerical designation for the complexes within each sector. Thus, complex 3:N5W3 would be the third complex among complexes located mainly within sector N5W3. All cases assigned to the same complex have the same ID for data fields 80 and 81, even if the case lies in a different map sector. For cases not assigned to any complex (which are the great majority of cases), data field 80 was coded ""missing data or inapplicable"" and data field 81 was coded ""XXXX."" Data fields 82 and 83 work the same way for macrocomplexes. This whole system is a rather cumbersome way for introducing two levels of case groupings above the basic DF9 level, while maintaining a simple ""flat file"" structure. In DF9, data fields 61-79 repeat the same information for each case in the same complex (except for errors, to which this system was especially prone), and data fields 84-89 repeat the same information for each case in the same macrocomplex. Today, complexes and macrocomplexes could be handled much better by a relational database approach in which separate files for complexes and macrocomplexes were linked to the file for individual sites.As is the case for architectural and functional interpretations of individual sites, data fields characterizing complexes and macrocomplexes for intervals other than Xolalpan-Metepec are of very limited value and should generally be ignored. Data field 63 (observable character of complex in the Xolalpan-Metepec interval) is perhaps most useful for identifying cases belonging to three-pyramid complexes, although some of the other codings are somewhat useful. In general, other data fields for characterizing even Xolalpan-Metepec complexes and macrocomplexes do not seem terribly useful.;;;;;;;;;;;;;;; ",,FALSE,FALSE,FALSE,FALSE,FALSE,TRUE,INTRODUCE HIERARCHY;; 
78,XLMECVFN,funcCivXlMt,funcCivXlMt,Cmplx_funcCivXlMt,V207,complexData,Data_complexData,Codes_complexFunCivic,Archaeology,Interpretations,Complexes,-1,TRUE,Integer,Nominal? Ordinal?,TRUE,UNK-TBD,0=evidence suggests none in complex; 1=present; 2=present; 3=present; 4=present; 5=present; 6=present; 9=other,Xolalpan-Metepec functional interpretation for non-temple civic elements of complex,Functional  interpretation for non-temple civic elements of complex during Xolalpan-Metepec occupation.,,"Complex definitions are not axiomatic. Even in the case of well defined complexes, there may be much uncertainty about the assignment of structures near their edges. 
Codings for this variable provide information about the complex to which a site is assigned, not necessarily about the site itself.",Functional interpretation of non-temple civic structures in CX,Functional interpretation of  non-temple civic structures of complex in the Xolalpan-Metepec phase,"Sometimes two or more distinct architectural units, separate cases in DF9, are clearly parts of some larger architectural entity that can safely be assumed to have been culturally significant to the Teotihuacanos. These are called ""complexes."" A three-pyramid complex, such as Plaza One (1:N5W2) is a good example. Rarely, many distinct structures seem linked in a spatially very large but fairly well-defined association. These are called ""macrocomplexes"" in DF9. An example is the ""Avenue of the Dead"" macrocomplex. A macrocomplex can include no complexes or one or more complexes as sub-units, plus any number of individual sites. However, every complex should be either wholly within one macrocomplex or wholly outside – it does not make sense for a complex to be partly within and partly outside a macrocomplex. Nothing whatever about complexes or macrocomplexes appears explicitly on the SSR. Some information of this kind was written on SSRs in SSR fields 9 (location in relation to other sites), 10 (description of site), and/or 30 (comments). However, this varied greatly among field crews. Much of the interpretation of complexes and macrocomplexes was made after Millon had completed the ""interpretations"" sheets published in Millon et al. (1973). Many complexes are very clear but, even in the case of three-pyramid complexes, there is often uncertainty about exactly which very nearby structures should be included or excluded, and there are even more problems in deciding which sites on the edges of macrocomplexes belong within the macrocomplex. In many cases judgments may have been made initially by those filling out the code sheets, but eventually all were checked and revised by Cowgill. Nevertheless, some uncertain judgments had to be made. Investigations regarding complexes and macrocomplexes should be carried out with careful reference to the data in Millon et al. (1973) and, if possible, the SSRs. The key data fields for identifying DF9 cases assigned to the same complex are 80 and 81. Data field 81 is the four-character label of the sector within which all or most of the complex lies, and data field 80 is a numerical designation for the complexes within each sector. Thus, complex 3:N5W3 would be the third complex among complexes located mainly within sector N5W3. All cases assigned to the same complex have the same ID for data fields 80 and 81, even if the case lies in a different map sector. For cases not assigned to any complex (which are the great majority of cases), data field 80 was coded ""missing data or inapplicable"" and data field 81 was coded ""XXXX."" Data fields 82 and 83 work the same way for macrocomplexes. This whole system is a rather cumbersome way for introducing two levels of case groupings above the basic DF9 level, while maintaining a simple ""flat file"" structure. In DF9, data fields 61-79 repeat the same information for each case in the same complex (except for errors, to which this system was especially prone), and data fields 84-89 repeat the same information for each case in the same macrocomplex. Today, complexes and macrocomplexes could be handled much better by a relational database approach in which separate files for complexes and macrocomplexes were linked to the file for individual sites.As is the case for architectural and functional interpretations of individual sites, data fields characterizing complexes and macrocomplexes for intervals other than Xolalpan-Metepec are of very limited value and should generally be ignored. Data field 63 (observable character of complex in the Xolalpan-Metepec interval) is perhaps most useful for identifying cases belonging to three-pyramid complexes, although some of the other codings are somewhat useful. In general, other data fields for characterizing even Xolalpan-Metepec complexes and macrocomplexes do not seem terribly useful.;;;;;;;;;;;;;;; ",,FALSE,FALSE,FALSE,FALSE,FALSE,TRUE,INTRODUCE HIERARCHY;; 
79,XLMEOTFN,funcOthXlMt,funcOthXlMt,Cmplx_funcOthXlMt,V207,complexData,Data_complexData,Codes_complexFunOther,Archaeology,Interpretations,Complexes,-1,TRUE,Integer,Nominal? Ordinal?,TRUE,UNK-TBD,0=no other kinds of elements seem present in complex; 1=obsidian workshop; 2=stone workshop; 3=pottery workshop; 4=other kind of workshop; 5=market (or possible market); 6=market (or possible market); 7=market (or possible market); 8=market (or possible market); 9=cemetery; 10=ball court; 11=major walled compound; 12=open field,Xolalpan-Metepec functional interpretation for other elements of complex,"Functional interpretation of elements of complex other than residential, temples, or civic structures during Xolalpan-Metepec occupation only.",,"Complex definitions are not axiomatic. Even in the case of well defined complexes, there may be much uncertainty about the assignment of structures near their edges. 
Codings for this variable provide information about the complex to which a site is assigned, not necessarily about the site itself.","Functional interpretation of elements of CX other than residential, temples, or civic structures (FOR XOLALPAN-METEPEC INTERVAL ONLY)","Functional interpretation of elements of complex other than residential, temples, or civic structures in the Xolalpan-Metepec interval. In 757 cases no other kinds of elements were deemed present in the complex. In 51 cases a possible cemetery was included (Figure 3.x), and in 39 cases a possible marketplace (Figure 3.x).","Sometimes two or more distinct architectural units, separate cases in DF9, are clearly parts of some larger architectural entity that can safely be assumed to have been culturally significant to the Teotihuacanos. These are called ""complexes."" A three-pyramid complex, such as Plaza One (1:N5W2) is a good example. Rarely, many distinct structures seem linked in a spatially very large but fairly well-defined association. These are called ""macrocomplexes"" in DF9. An example is the ""Avenue of the Dead"" macrocomplex. A macrocomplex can include no complexes or one or more complexes as sub-units, plus any number of individual sites. However, every complex should be either wholly within one macrocomplex or wholly outside – it does not make sense for a complex to be partly within and partly outside a macrocomplex. Nothing whatever about complexes or macrocomplexes appears explicitly on the SSR. Some information of this kind was written on SSRs in SSR fields 9 (location in relation to other sites), 10 (description of site), and/or 30 (comments). However, this varied greatly among field crews. Much of the interpretation of complexes and macrocomplexes was made after Millon had completed the ""interpretations"" sheets published in Millon et al. (1973). Many complexes are very clear but, even in the case of three-pyramid complexes, there is often uncertainty about exactly which very nearby structures should be included or excluded, and there are even more problems in deciding which sites on the edges of macrocomplexes belong within the macrocomplex. In many cases judgments may have been made initially by those filling out the code sheets, but eventually all were checked and revised by Cowgill. Nevertheless, some uncertain judgments had to be made. Investigations regarding complexes and macrocomplexes should be carried out with careful reference to the data in Millon et al. (1973) and, if possible, the SSRs. The key data fields for identifying DF9 cases assigned to the same complex are 80 and 81. Data field 81 is the four-character label of the sector within which all or most of the complex lies, and data field 80 is a numerical designation for the complexes within each sector. Thus, complex 3:N5W3 would be the third complex among complexes located mainly within sector N5W3. All cases assigned to the same complex have the same ID for data fields 80 and 81, even if the case lies in a different map sector. For cases not assigned to any complex (which are the great majority of cases), data field 80 was coded ""missing data or inapplicable"" and data field 81 was coded ""XXXX."" Data fields 82 and 83 work the same way for macrocomplexes. This whole system is a rather cumbersome way for introducing two levels of case groupings above the basic DF9 level, while maintaining a simple ""flat file"" structure. In DF9, data fields 61-79 repeat the same information for each case in the same complex (except for errors, to which this system was especially prone), and data fields 84-89 repeat the same information for each case in the same macrocomplex. Today, complexes and macrocomplexes could be handled much better by a relational database approach in which separate files for complexes and macrocomplexes were linked to the file for individual sites.As is the case for architectural and functional interpretations of individual sites, data fields characterizing complexes and macrocomplexes for intervals other than Xolalpan-Metepec are of very limited value and should generally be ignored. Data field 63 (observable character of complex in the Xolalpan-Metepec interval) is perhaps most useful for identifying cases belonging to three-pyramid complexes, although some of the other codings are somewhat useful. In general, other data fields for characterizing even Xolalpan-Metepec complexes and macrocomplexes do not seem terribly useful.;;;;;;;;;;;;;;; ",,FALSE,FALSE,FALSE,FALSE,FALSE,TRUE,INTRODUCE HIERARCHY;; 
80,CXUNITN,complexNum,,Cmplx_Num,V207,complexData,Data_complexData,,Archaeology,Interpretations,Complexes,-1,FALSE,Integer,Nominal,TRUE,Unordered,,Sequential complex ID,Sequential complex identification number.,,Assigned sequentially to CXs in each square,"Identification for complex. Var.80 is a one or two-digit integer (in file VTWO.DAT), assigned sequentially to **CXs** in each square. Var.81 is the four-character alphanumeric label (in file VFOUR.DAT) of the map square that the **CX** is in (or mainly in). All sites in the same **CX** have the same IDs for vars.80-81, even if some are in a different map square. For sites not assigned to any **CX**, var.80 is coded ""-1"" and var.81 is coded ""XXXX.""","Identification for complex. The key data fields for identifying DF9 cases assigned to the same complex are 80 and 81. Data field 81 is the four-character label of the sector within which all or most of the complex lies, and data field 80 is a numerical designation for the complexes within each sector. Thus, complex 3:N5W3 would be the third complex among complexes located mainly within sector N5W3. All cases assigned to the same complex have the same ID for data fields 80 and 81, even if the case lies in a different map sector. For cases not assigned to any complex (which are the great majority of cases), data field 80 was coded ""missing data or inapplicable"" and data field 81 was coded ""XXXX."" Data fields 82 and 83 work the same way for macrocomplexes. This whole system is a rather cumbersome way for introducing two levels of case groupings above the basic DF9 level, while maintaining a simple ""flat file"" structure. In DF9, data fields 61-79 repeat the same information for each case in the same complex (except for errors, to which this system was especially prone), and data fields 84-89 repeat the same information for each case in the same macrocomplex. Today, complexes and macrocomplexes could be handled much better by a relational database approach in which separate files for complexes and macrocomplexes were linked to the file for individual sites.","Sometimes two or more distinct architectural units, separate cases in DF9, are clearly parts of some larger architectural entity that can safely be assumed to have been culturally significant to the Teotihuacanos. These are called ""complexes."" A three-pyramid complex, such as Plaza One (1:N5W2) is a good example. Rarely, many distinct structures seem linked in a spatially very large but fairly well-defined association. These are called ""macrocomplexes"" in DF9. An example is the ""Avenue of the Dead"" macrocomplex. A macrocomplex can include no complexes or one or more complexes as sub-units, plus any number of individual sites. However, every complex should be either wholly within one macrocomplex or wholly outside – it does not make sense for a complex to be partly within and partly outside a macrocomplex. Nothing whatever about complexes or macrocomplexes appears explicitly on the SSR. Some information of this kind was written on SSRs in SSR fields 9 (location in relation to other sites), 10 (description of site), and/or 30 (comments). However, this varied greatly among field crews. Much of the interpretation of complexes and macrocomplexes was made after Millon had completed the ""interpretations"" sheets published in Millon et al. (1973). Many complexes are very clear but, even in the case of three-pyramid complexes, there is often uncertainty about exactly which very nearby structures should be included or excluded, and there are even more problems in deciding which sites on the edges of macrocomplexes belong within the macrocomplex. In many cases judgments may have been made initially by those filling out the code sheets, but eventually all were checked and revised by Cowgill. Nevertheless, some uncertain judgments had to be made. Investigations regarding complexes and macrocomplexes should be carried out with careful reference to the data in Millon et al. (1973) and, if possible, the SSRs. The key data fields for identifying DF9 cases assigned to the same complex are 80 and 81. Data field 81 is the four-character label of the sector within which all or most of the complex lies, and data field 80 is a numerical designation for the complexes within each sector. Thus, complex 3:N5W3 would be the third complex among complexes located mainly within sector N5W3. All cases assigned to the same complex have the same ID for data fields 80 and 81, even if the case lies in a different map sector. For cases not assigned to any complex (which are the great majority of cases), data field 80 was coded ""missing data or inapplicable"" and data field 81 was coded ""XXXX."" Data fields 82 and 83 work the same way for macrocomplexes. This whole system is a rather cumbersome way for introducing two levels of case groupings above the basic DF9 level, while maintaining a simple ""flat file"" structure. In DF9, data fields 61-79 repeat the same information for each case in the same complex (except for errors, to which this system was especially prone), and data fields 84-89 repeat the same information for each case in the same macrocomplex. Today, complexes and macrocomplexes could be handled much better by a relational database approach in which separate files for complexes and macrocomplexes were linked to the file for individual sites.As is the case for architectural and functional interpretations of individual sites, data fields characterizing complexes and macrocomplexes for intervals other than Xolalpan-Metepec are of very limited value and should generally be ignored. Data field 63 (observable character of complex in the Xolalpan-Metepec interval) is perhaps most useful for identifying cases belonging to three-pyramid complexes, although some of the other codings are somewhat useful. In general, other data fields for characterizing even Xolalpan-Metepec complexes and macrocomplexes do not seem terribly useful.;;;;;;;;;;;;;;; ",Variable 80 (complexUnit) and 82 (macroComplexUnit) were removed because this was duplicate information repeating the site unit (i.e. N12S3) of that collection unit.,TRUE,FALSE,FALSE,FALSE,FALSE,TRUE,"Split presence/absence from ID +further mods;; Split presence/absence from ID + Need to make into a character variable and change ""-1"" to ""not assigned to a complex"""
81,CXUNIT,complexUnit,complexNum,Cmplx_Unit,V401,complexData,Data_complexData,,Archaeology,Interpretations,Complexes,XXXX,FALSE,Character,Nominal,TRUE,Unordered,,Complex unit,Designation for map square containing complex.,,,"Identification for complex. Var.80 is a one or two-digit integer (in file VTWO.DAT), assigned sequentially to **CXs** in each square. Var.81 is the four-character alphanumeric label (in file VFOUR.DAT) of the map square that the **CX** is in (or mainly in). All sites in the same **CX** have the same IDs for vars.80-81, even if some are in a different map square. For sites not assigned to any **CX**, var.80 is coded ""-1"" and var.81 is coded ""XXXX.""","Identification for complex. The key data fields for identifying DF9 cases assigned to the same complex are 80 and 81. Data field 81 is the four-character label of the sector within which all or most of the complex lies, and data field 80 is a numerical designation for the complexes within each sector. Thus, complex 3:N5W3 would be the third complex among complexes located mainly within sector N5W3. All cases assigned to the same complex have the same ID for data fields 80 and 81, even if the case lies in a different map sector. For cases not assigned to any complex (which are the great majority of cases), data field 80 was coded ""missing data or inapplicable"" and data field 81 was coded ""XXXX."" Data fields 82 and 83 work the same way for macrocomplexes. This whole system is a rather cumbersome way for introducing two levels of case groupings above the basic DF9 level, while maintaining a simple ""flat file"" structure. In DF9, data fields 61-79 repeat the same information for each case in the same complex (except for errors, to which this system was especially prone), and data fields 84-89 repeat the same information for each case in the same macrocomplex. Today, complexes and macrocomplexes could be handled much better by a relational database approach in which separate files for complexes and macrocomplexes were linked to the file for individual sites.","Sometimes two or more distinct architectural units, separate cases in DF9, are clearly parts of some larger architectural entity that can safely be assumed to have been culturally significant to the Teotihuacanos. These are called ""complexes."" A three-pyramid complex, such as Plaza One (1:N5W2) is a good example. Rarely, many distinct structures seem linked in a spatially very large but fairly well-defined association. These are called ""macrocomplexes"" in DF9. An example is the ""Avenue of the Dead"" macrocomplex. A macrocomplex can include no complexes or one or more complexes as sub-units, plus any number of individual sites. However, every complex should be either wholly within one macrocomplex or wholly outside – it does not make sense for a complex to be partly within and partly outside a macrocomplex. Nothing whatever about complexes or macrocomplexes appears explicitly on the SSR. Some information of this kind was written on SSRs in SSR fields 9 (location in relation to other sites), 10 (description of site), and/or 30 (comments). However, this varied greatly among field crews. Much of the interpretation of complexes and macrocomplexes was made after Millon had completed the ""interpretations"" sheets published in Millon et al. (1973). Many complexes are very clear but, even in the case of three-pyramid complexes, there is often uncertainty about exactly which very nearby structures should be included or excluded, and there are even more problems in deciding which sites on the edges of macrocomplexes belong within the macrocomplex. In many cases judgments may have been made initially by those filling out the code sheets, but eventually all were checked and revised by Cowgill. Nevertheless, some uncertain judgments had to be made. Investigations regarding complexes and macrocomplexes should be carried out with careful reference to the data in Millon et al. (1973) and, if possible, the SSRs. The key data fields for identifying DF9 cases assigned to the same complex are 80 and 81. Data field 81 is the four-character label of the sector within which all or most of the complex lies, and data field 80 is a numerical designation for the complexes within each sector. Thus, complex 3:N5W3 would be the third complex among complexes located mainly within sector N5W3. All cases assigned to the same complex have the same ID for data fields 80 and 81, even if the case lies in a different map sector. For cases not assigned to any complex (which are the great majority of cases), data field 80 was coded ""missing data or inapplicable"" and data field 81 was coded ""XXXX."" Data fields 82 and 83 work the same way for macrocomplexes. This whole system is a rather cumbersome way for introducing two levels of case groupings above the basic DF9 level, while maintaining a simple ""flat file"" structure. In DF9, data fields 61-79 repeat the same information for each case in the same complex (except for errors, to which this system was especially prone), and data fields 84-89 repeat the same information for each case in the same macrocomplex. Today, complexes and macrocomplexes could be handled much better by a relational database approach in which separate files for complexes and macrocomplexes were linked to the file for individual sites.As is the case for architectural and functional interpretations of individual sites, data fields characterizing complexes and macrocomplexes for intervals other than Xolalpan-Metepec are of very limited value and should generally be ignored. Data field 63 (observable character of complex in the Xolalpan-Metepec interval) is perhaps most useful for identifying cases belonging to three-pyramid complexes, although some of the other codings are somewhat useful. In general, other data fields for characterizing even Xolalpan-Metepec complexes and macrocomplexes do not seem terribly useful.;;;;;;;;;;;;;;; ",,FALSE,FALSE,FALSE,FALSE,FALSE,TRUE,"Split presence/absence from ID +further mods;; Split presence/absence from ID + Need to change ""XXXX"" to ""not assigned to a complex"""
82,MCXUNITN,macroComplexNum,macroComplexNum,MCmplx_Num,V207,complexMacroData,Data_complexMacroData,,Archaeology,Interpretations,Macro-Complexes,-1,FALSE,Integer,Nominal,TRUE,Unordered,,Sequential macrocomplex ID,Sequential macrocomplex identification number.,,Assigned sequentially to MCXs in each square,"Identification for macrocomplex. The same remarks apply as for vars.80-81. Var.82 is a two-digit integer in VTWO.DAT, and var.83 is a four-character alphanumeric string in VFOUR.DAT.",Identification for macrocomplex. The same remarks apply as for data fields 80-81.,"Sometimes two or more distinct architectural units, separate cases in DF9, are clearly parts of some larger architectural entity that can safely be assumed to have been culturally significant to the Teotihuacanos. These are called ""complexes."" A three-pyramid complex, such as Plaza One (1:N5W2) is a good example. Rarely, many distinct structures seem linked in a spatially very large but fairly well-defined association. These are called ""macrocomplexes"" in DF9. An example is the ""Avenue of the Dead"" macrocomplex. A macrocomplex can include no complexes or one or more complexes as sub-units, plus any number of individual sites. However, every complex should be either wholly within one macrocomplex or wholly outside – it does not make sense for a complex to be partly within and partly outside a macrocomplex. Nothing whatever about complexes or macrocomplexes appears explicitly on the SSR. Some information of this kind was written on SSRs in SSR fields 9 (location in relation to other sites), 10 (description of site), and/or 30 (comments). However, this varied greatly among field crews. Much of the interpretation of complexes and macrocomplexes was made after Millon had completed the ""interpretations"" sheets published in Millon et al. (1973). Many complexes are very clear but, even in the case of three-pyramid complexes, there is often uncertainty about exactly which very nearby structures should be included or excluded, and there are even more problems in deciding which sites on the edges of macrocomplexes belong within the macrocomplex. In many cases judgments may have been made initially by those filling out the code sheets, but eventually all were checked and revised by Cowgill. Nevertheless, some uncertain judgments had to be made. Investigations regarding complexes and macrocomplexes should be carried out with careful reference to the data in Millon et al. (1973) and, if possible, the SSRs. The key data fields for identifying DF9 cases assigned to the same complex are 80 and 81. Data field 81 is the four-character label of the sector within which all or most of the complex lies, and data field 80 is a numerical designation for the complexes within each sector. Thus, complex 3:N5W3 would be the third complex among complexes located mainly within sector N5W3. All cases assigned to the same complex have the same ID for data fields 80 and 81, even if the case lies in a different map sector. For cases not assigned to any complex (which are the great majority of cases), data field 80 was coded ""missing data or inapplicable"" and data field 81 was coded ""XXXX."" Data fields 82 and 83 work the same way for macrocomplexes. This whole system is a rather cumbersome way for introducing two levels of case groupings above the basic DF9 level, while maintaining a simple ""flat file"" structure. In DF9, data fields 61-79 repeat the same information for each case in the same complex (except for errors, to which this system was especially prone), and data fields 84-89 repeat the same information for each case in the same macrocomplex. Today, complexes and macrocomplexes could be handled much better by a relational database approach in which separate files for complexes and macrocomplexes were linked to the file for individual sites.As is the case for architectural and functional interpretations of individual sites, data fields characterizing complexes and macrocomplexes for intervals other than Xolalpan-Metepec are of very limited value and should generally be ignored. Data field 63 (observable character of complex in the Xolalpan-Metepec interval) is perhaps most useful for identifying cases belonging to three-pyramid complexes, although some of the other codings are somewhat useful. In general, other data fields for characterizing even Xolalpan-Metepec complexes and macrocomplexes do not seem terribly useful.;;;;;;;;;;;;;;; ",Variable 80 (complexUnit) and 82 (macroComplexUnit) were removed because this was duplicate information repeating the site unit (i.e. N12S3) of that collection unit.,FALSE,FALSE,FALSE,FALSE,FALSE,TRUE,"Split presence/absence from ID +further mods;; Split presence/absence from ID + Need to make into a character variable and change ""-1"" to ""not assigned to a complex"""
83,MCXUNIT,macroComplexUnit,,MCmplx_Unit,V401,complexMacroData,Data_complexMacroData,,Archaeology,Interpretations,Macro-Complexes,XXXX,FALSE,Character,Nominal,TRUE,Unordered,,Macrocomplex unit,Designation for map square containing macrocomplex.,,,"Identification for macrocomplex. The same remarks apply as for vars.80-81. Var.82 is a two-digit integer in VTWO.DAT, and var.83 is a four-character alphanumeric string in VFOUR.DAT.",Identification for macrocomplex. The same remarks apply as for data fields 80-81.,"Sometimes two or more distinct architectural units, separate cases in DF9, are clearly parts of some larger architectural entity that can safely be assumed to have been culturally significant to the Teotihuacanos. These are called ""complexes."" A three-pyramid complex, such as Plaza One (1:N5W2) is a good example. Rarely, many distinct structures seem linked in a spatially very large but fairly well-defined association. These are called ""macrocomplexes"" in DF9. An example is the ""Avenue of the Dead"" macrocomplex. A macrocomplex can include no complexes or one or more complexes as sub-units, plus any number of individual sites. However, every complex should be either wholly within one macrocomplex or wholly outside – it does not make sense for a complex to be partly within and partly outside a macrocomplex. Nothing whatever about complexes or macrocomplexes appears explicitly on the SSR. Some information of this kind was written on SSRs in SSR fields 9 (location in relation to other sites), 10 (description of site), and/or 30 (comments). However, this varied greatly among field crews. Much of the interpretation of complexes and macrocomplexes was made after Millon had completed the ""interpretations"" sheets published in Millon et al. (1973). Many complexes are very clear but, even in the case of three-pyramid complexes, there is often uncertainty about exactly which very nearby structures should be included or excluded, and there are even more problems in deciding which sites on the edges of macrocomplexes belong within the macrocomplex. In many cases judgments may have been made initially by those filling out the code sheets, but eventually all were checked and revised by Cowgill. Nevertheless, some uncertain judgments had to be made. Investigations regarding complexes and macrocomplexes should be carried out with careful reference to the data in Millon et al. (1973) and, if possible, the SSRs. The key data fields for identifying DF9 cases assigned to the same complex are 80 and 81. Data field 81 is the four-character label of the sector within which all or most of the complex lies, and data field 80 is a numerical designation for the complexes within each sector. Thus, complex 3:N5W3 would be the third complex among complexes located mainly within sector N5W3. All cases assigned to the same complex have the same ID for data fields 80 and 81, even if the case lies in a different map sector. For cases not assigned to any complex (which are the great majority of cases), data field 80 was coded ""missing data or inapplicable"" and data field 81 was coded ""XXXX."" Data fields 82 and 83 work the same way for macrocomplexes. This whole system is a rather cumbersome way for introducing two levels of case groupings above the basic DF9 level, while maintaining a simple ""flat file"" structure. In DF9, data fields 61-79 repeat the same information for each case in the same complex (except for errors, to which this system was especially prone), and data fields 84-89 repeat the same information for each case in the same macrocomplex. Today, complexes and macrocomplexes could be handled much better by a relational database approach in which separate files for complexes and macrocomplexes were linked to the file for individual sites.As is the case for architectural and functional interpretations of individual sites, data fields characterizing complexes and macrocomplexes for intervals other than Xolalpan-Metepec are of very limited value and should generally be ignored. Data field 63 (observable character of complex in the Xolalpan-Metepec interval) is perhaps most useful for identifying cases belonging to three-pyramid complexes, although some of the other codings are somewhat useful. In general, other data fields for characterizing even Xolalpan-Metepec complexes and macrocomplexes do not seem terribly useful.;;;;;;;;;;;;;;; ",,TRUE,FALSE,FALSE,FALSE,FALSE,TRUE,"Split presence/absence from ID +further mods;; Split presence/absence from ID + Need to change ""XXXX"" to ""not assigned to a complex"""
84,PTTZMCX,presPaTz,presPaTz,MCmplx_presPaTz,V207,complexMacroData,Data_complexMacroData,Codes_McomplexGen,Archaeology,Interpretations,Macro-Complexes,-1,TRUE,Integer,Ordinal,TRUE,Ordered,0=site not part of a macrocomplex; 1=site part of a possible macrocomplex; 2=site part of a macrocomplex,Patlachique-Tzacualli macrocomplex status,Existence of macrocomplex during Patlachique-Tzacualli occupation.,,"Macrocomplex definitions are not axiomatic. Even in the case of well defined macrocomplexes, there may be much uncertainty about the assignment of structures near their edges. 
Codings for this variable provide information about the macrocomplex to which a site is assigned, not necessarily about the site itself.",Existence of macrocomplex.,Existence of macrocomplex in the Patlachique-Tzacualli phase,"Sometimes two or more distinct architectural units, separate cases in DF9, are clearly parts of some larger architectural entity that can safely be assumed to have been culturally significant to the Teotihuacanos. These are called ""complexes."" A three-pyramid complex, such as Plaza One (1:N5W2) is a good example. Rarely, many distinct structures seem linked in a spatially very large but fairly well-defined association. These are called ""macrocomplexes"" in DF9. An example is the ""Avenue of the Dead"" macrocomplex. A macrocomplex can include no complexes or one or more complexes as sub-units, plus any number of individual sites. However, every complex should be either wholly within one macrocomplex or wholly outside – it does not make sense for a complex to be partly within and partly outside a macrocomplex. Nothing whatever about complexes or macrocomplexes appears explicitly on the SSR. Some information of this kind was written on SSRs in SSR fields 9 (location in relation to other sites), 10 (description of site), and/or 30 (comments). However, this varied greatly among field crews. Much of the interpretation of complexes and macrocomplexes was made after Millon had completed the ""interpretations"" sheets published in Millon et al. (1973). Many complexes are very clear but, even in the case of three-pyramid complexes, there is often uncertainty about exactly which very nearby structures should be included or excluded, and there are even more problems in deciding which sites on the edges of macrocomplexes belong within the macrocomplex. In many cases judgments may have been made initially by those filling out the code sheets, but eventually all were checked and revised by Cowgill. Nevertheless, some uncertain judgments had to be made. Investigations regarding complexes and macrocomplexes should be carried out with careful reference to the data in Millon et al. (1973) and, if possible, the SSRs. The key data fields for identifying DF9 cases assigned to the same complex are 80 and 81. Data field 81 is the four-character label of the sector within which all or most of the complex lies, and data field 80 is a numerical designation for the complexes within each sector. Thus, complex 3:N5W3 would be the third complex among complexes located mainly within sector N5W3. All cases assigned to the same complex have the same ID for data fields 80 and 81, even if the case lies in a different map sector. For cases not assigned to any complex (which are the great majority of cases), data field 80 was coded ""missing data or inapplicable"" and data field 81 was coded ""XXXX."" Data fields 82 and 83 work the same way for macrocomplexes. This whole system is a rather cumbersome way for introducing two levels of case groupings above the basic DF9 level, while maintaining a simple ""flat file"" structure. In DF9, data fields 61-79 repeat the same information for each case in the same complex (except for errors, to which this system was especially prone), and data fields 84-89 repeat the same information for each case in the same macrocomplex. Today, complexes and macrocomplexes could be handled much better by a relational database approach in which separate files for complexes and macrocomplexes were linked to the file for individual sites.As is the case for architectural and functional interpretations of individual sites, data fields characterizing complexes and macrocomplexes for intervals other than Xolalpan-Metepec are of very limited value and should generally be ignored. Data field 63 (observable character of complex in the Xolalpan-Metepec interval) is perhaps most useful for identifying cases belonging to three-pyramid complexes, although some of the other codings are somewhat useful. In general, other data fields for characterizing even Xolalpan-Metepec complexes and macrocomplexes do not seem terribly useful.;;;;;;;;;;;;;;; ",,FALSE,FALSE,FALSE,FALSE,FALSE,FALSE,
85,MCTLMCX,presMcTl,presMcTl,MCmplx_presMcTl,V207,complexMacroData,Data_complexMacroData,Codes_McomplexGen,Archaeology,Interpretations,Macro-Complexes,-1,TRUE,Integer,Ordinal,TRUE,Ordered,0=site not part of a macrocomplex; 1=site part of a possible macrocomplex; 2=site part of a macrocomplex,Miccaotli-Tlamimilolpa macrocomplex status,Existence of macrocomplex during Miccaotli-Tlamimilolpa occupation.,,"Macrocomplex definitions are not axiomatic. Even in the case of well defined macrocomplexes, there may be much uncertainty about the assignment of structures near their edges. 
Codings for this variable provide information about the macrocomplex to which a site is assigned, not necessarily about the site itself.",Existence of macrocomplex.,Existence of macrocomplex in the Miccaotli-Tlamimilolpa phase,"Sometimes two or more distinct architectural units, separate cases in DF9, are clearly parts of some larger architectural entity that can safely be assumed to have been culturally significant to the Teotihuacanos. These are called ""complexes."" A three-pyramid complex, such as Plaza One (1:N5W2) is a good example. Rarely, many distinct structures seem linked in a spatially very large but fairly well-defined association. These are called ""macrocomplexes"" in DF9. An example is the ""Avenue of the Dead"" macrocomplex. A macrocomplex can include no complexes or one or more complexes as sub-units, plus any number of individual sites. However, every complex should be either wholly within one macrocomplex or wholly outside – it does not make sense for a complex to be partly within and partly outside a macrocomplex. Nothing whatever about complexes or macrocomplexes appears explicitly on the SSR. Some information of this kind was written on SSRs in SSR fields 9 (location in relation to other sites), 10 (description of site), and/or 30 (comments). However, this varied greatly among field crews. Much of the interpretation of complexes and macrocomplexes was made after Millon had completed the ""interpretations"" sheets published in Millon et al. (1973). Many complexes are very clear but, even in the case of three-pyramid complexes, there is often uncertainty about exactly which very nearby structures should be included or excluded, and there are even more problems in deciding which sites on the edges of macrocomplexes belong within the macrocomplex. In many cases judgments may have been made initially by those filling out the code sheets, but eventually all were checked and revised by Cowgill. Nevertheless, some uncertain judgments had to be made. Investigations regarding complexes and macrocomplexes should be carried out with careful reference to the data in Millon et al. (1973) and, if possible, the SSRs. The key data fields for identifying DF9 cases assigned to the same complex are 80 and 81. Data field 81 is the four-character label of the sector within which all or most of the complex lies, and data field 80 is a numerical designation for the complexes within each sector. Thus, complex 3:N5W3 would be the third complex among complexes located mainly within sector N5W3. All cases assigned to the same complex have the same ID for data fields 80 and 81, even if the case lies in a different map sector. For cases not assigned to any complex (which are the great majority of cases), data field 80 was coded ""missing data or inapplicable"" and data field 81 was coded ""XXXX."" Data fields 82 and 83 work the same way for macrocomplexes. This whole system is a rather cumbersome way for introducing two levels of case groupings above the basic DF9 level, while maintaining a simple ""flat file"" structure. In DF9, data fields 61-79 repeat the same information for each case in the same complex (except for errors, to which this system was especially prone), and data fields 84-89 repeat the same information for each case in the same macrocomplex. Today, complexes and macrocomplexes could be handled much better by a relational database approach in which separate files for complexes and macrocomplexes were linked to the file for individual sites.As is the case for architectural and functional interpretations of individual sites, data fields characterizing complexes and macrocomplexes for intervals other than Xolalpan-Metepec are of very limited value and should generally be ignored. Data field 63 (observable character of complex in the Xolalpan-Metepec interval) is perhaps most useful for identifying cases belonging to three-pyramid complexes, although some of the other codings are somewhat useful. In general, other data fields for characterizing even Xolalpan-Metepec complexes and macrocomplexes do not seem terribly useful.;;;;;;;;;;;;;;; ",,FALSE,FALSE,FALSE,FALSE,FALSE,FALSE,
86,XLMEMCX,presXlMt,presXlMt,MCmplx_presXlMt,V207,complexMacroData,Data_complexMacroData,Codes_McomplexGen,Archaeology,Interpretations,Macro-Complexes,-1,TRUE,Integer,Ordinal,TRUE,Ordered,0=site not part of a macrocomplex; 1=site part of a possible macrocomplex; 2=site part of a macrocomplex,Xolalpan-Metepec macrocomplex status,Existence of macrocomplex during Xolalpan-Metepec occupation.,,"Macrocomplex definitions are not axiomatic. Even in the case of well defined macrocomplexes, there may be much uncertainty about the assignment of structures near their edges. 
Codings for this variable provide information about the macrocomplex to which a site is assigned, not necessarily about the site itself.",Existence of macrocomplex.,"Existence of macrocomplex in the Xolalpan-Metepec phase. Some 4,510 DF9 cases are not coded as part of a macrocomplex. There are 494 considered elements of __ macrocomplexes, and one is a possible macrocomplex element (Figure 3.x).","Sometimes two or more distinct architectural units, separate cases in DF9, are clearly parts of some larger architectural entity that can safely be assumed to have been culturally significant to the Teotihuacanos. These are called ""complexes."" A three-pyramid complex, such as Plaza One (1:N5W2) is a good example. Rarely, many distinct structures seem linked in a spatially very large but fairly well-defined association. These are called ""macrocomplexes"" in DF9. An example is the ""Avenue of the Dead"" macrocomplex. A macrocomplex can include no complexes or one or more complexes as sub-units, plus any number of individual sites. However, every complex should be either wholly within one macrocomplex or wholly outside – it does not make sense for a complex to be partly within and partly outside a macrocomplex. Nothing whatever about complexes or macrocomplexes appears explicitly on the SSR. Some information of this kind was written on SSRs in SSR fields 9 (location in relation to other sites), 10 (description of site), and/or 30 (comments). However, this varied greatly among field crews. Much of the interpretation of complexes and macrocomplexes was made after Millon had completed the ""interpretations"" sheets published in Millon et al. (1973). Many complexes are very clear but, even in the case of three-pyramid complexes, there is often uncertainty about exactly which very nearby structures should be included or excluded, and there are even more problems in deciding which sites on the edges of macrocomplexes belong within the macrocomplex. In many cases judgments may have been made initially by those filling out the code sheets, but eventually all were checked and revised by Cowgill. Nevertheless, some uncertain judgments had to be made. Investigations regarding complexes and macrocomplexes should be carried out with careful reference to the data in Millon et al. (1973) and, if possible, the SSRs. The key data fields for identifying DF9 cases assigned to the same complex are 80 and 81. Data field 81 is the four-character label of the sector within which all or most of the complex lies, and data field 80 is a numerical designation for the complexes within each sector. Thus, complex 3:N5W3 would be the third complex among complexes located mainly within sector N5W3. All cases assigned to the same complex have the same ID for data fields 80 and 81, even if the case lies in a different map sector. For cases not assigned to any complex (which are the great majority of cases), data field 80 was coded ""missing data or inapplicable"" and data field 81 was coded ""XXXX."" Data fields 82 and 83 work the same way for macrocomplexes. This whole system is a rather cumbersome way for introducing two levels of case groupings above the basic DF9 level, while maintaining a simple ""flat file"" structure. In DF9, data fields 61-79 repeat the same information for each case in the same complex (except for errors, to which this system was especially prone), and data fields 84-89 repeat the same information for each case in the same macrocomplex. Today, complexes and macrocomplexes could be handled much better by a relational database approach in which separate files for complexes and macrocomplexes were linked to the file for individual sites.As is the case for architectural and functional interpretations of individual sites, data fields characterizing complexes and macrocomplexes for intervals other than Xolalpan-Metepec are of very limited value and should generally be ignored. Data field 63 (observable character of complex in the Xolalpan-Metepec interval) is perhaps most useful for identifying cases belonging to three-pyramid complexes, although some of the other codings are somewhat useful. In general, other data fields for characterizing even Xolalpan-Metepec complexes and macrocomplexes do not seem terribly useful.;;;;;;;;;;;;;;; ",,FALSE,FALSE,FALSE,FALSE,FALSE,FALSE,
87,PTTZMXFN,funcIntPaTz,MfuncIntPaTz,MCmplx_funcIntPaTz,V207,complexMacroData,Data_complexMacroData,Codes_McomplexFun,Archaeology,Interpretations,Macro-Complexes,-1,TRUE,Integer,Nominal,TRUE,Unordered,0=dominantly residential; 1=dominantly temples; 2=dominantly non-temple civic structures; 3=mixed; 4=mixed; 5=mixed; 6=mixed; 7=mixed; 8=mixed; 9=other,Patlachique-Tzacualli functional interpretation for macrocomplex,Functional interpretation for macrocomplex during Patlachique-Tzacualli occupation.,,"Macrocomplex definitions are not axiomatic. Even in the case of well defined macrocomplexes, there may be much uncertainty about the assignment of structures near their edges. 
Codings for this variable provide information about the macrocomplex to which a site is assigned, not necessarily about the site itself.",Functional interpretation for MCX,Functional interpretation for macrocomplex during the Patlachique-Tzacualli phase,"Sometimes two or more distinct architectural units, separate cases in DF9, are clearly parts of some larger architectural entity that can safely be assumed to have been culturally significant to the Teotihuacanos. These are called ""complexes."" A three-pyramid complex, such as Plaza One (1:N5W2) is a good example. Rarely, many distinct structures seem linked in a spatially very large but fairly well-defined association. These are called ""macrocomplexes"" in DF9. An example is the ""Avenue of the Dead"" macrocomplex. A macrocomplex can include no complexes or one or more complexes as sub-units, plus any number of individual sites. However, every complex should be either wholly within one macrocomplex or wholly outside – it does not make sense for a complex to be partly within and partly outside a macrocomplex. Nothing whatever about complexes or macrocomplexes appears explicitly on the SSR. Some information of this kind was written on SSRs in SSR fields 9 (location in relation to other sites), 10 (description of site), and/or 30 (comments). However, this varied greatly among field crews. Much of the interpretation of complexes and macrocomplexes was made after Millon had completed the ""interpretations"" sheets published in Millon et al. (1973). Many complexes are very clear but, even in the case of three-pyramid complexes, there is often uncertainty about exactly which very nearby structures should be included or excluded, and there are even more problems in deciding which sites on the edges of macrocomplexes belong within the macrocomplex. In many cases judgments may have been made initially by those filling out the code sheets, but eventually all were checked and revised by Cowgill. Nevertheless, some uncertain judgments had to be made. Investigations regarding complexes and macrocomplexes should be carried out with careful reference to the data in Millon et al. (1973) and, if possible, the SSRs. The key data fields for identifying DF9 cases assigned to the same complex are 80 and 81. Data field 81 is the four-character label of the sector within which all or most of the complex lies, and data field 80 is a numerical designation for the complexes within each sector. Thus, complex 3:N5W3 would be the third complex among complexes located mainly within sector N5W3. All cases assigned to the same complex have the same ID for data fields 80 and 81, even if the case lies in a different map sector. For cases not assigned to any complex (which are the great majority of cases), data field 80 was coded ""missing data or inapplicable"" and data field 81 was coded ""XXXX."" Data fields 82 and 83 work the same way for macrocomplexes. This whole system is a rather cumbersome way for introducing two levels of case groupings above the basic DF9 level, while maintaining a simple ""flat file"" structure. In DF9, data fields 61-79 repeat the same information for each case in the same complex (except for errors, to which this system was especially prone), and data fields 84-89 repeat the same information for each case in the same macrocomplex. Today, complexes and macrocomplexes could be handled much better by a relational database approach in which separate files for complexes and macrocomplexes were linked to the file for individual sites.As is the case for architectural and functional interpretations of individual sites, data fields characterizing complexes and macrocomplexes for intervals other than Xolalpan-Metepec are of very limited value and should generally be ignored. Data field 63 (observable character of complex in the Xolalpan-Metepec interval) is perhaps most useful for identifying cases belonging to three-pyramid complexes, although some of the other codings are somewhat useful. In general, other data fields for characterizing even Xolalpan-Metepec complexes and macrocomplexes do not seem terribly useful.;;;;;;;;;;;;;;; ",,FALSE,FALSE,TRUE,FALSE,FALSE,FALSE,
88,TLXLMXFN,funcIntMcTl,MfuncIntMcTl,MCmplx_funcIntMcTl,V207,complexMacroData,Data_complexMacroData,Codes_McomplexFun,Archaeology,Interpretations,Macro-Complexes,-1,TRUE,Integer,Nominal,TRUE,Unordered,0=dominantly residential; 1=dominantly temples; 2=dominantly non-temple civic structures; 3=mixed; 4=mixed; 5=mixed; 6=mixed; 7=mixed; 8=mixed; 9=other,Miccaotli-Tlamimilolpa functional interpretation for macrocomplex,Functional interpretation for macrocomplex during Miccaotli-Tlamimilolpa occupation.,,"Macrocomplex definitions are not axiomatic. Even in the case of well defined macrocomplexes, there may be much uncertainty about the assignment of structures near their edges. 
Codings for this variable provide information about the macrocomplex to which a site is assigned, not necessarily about the site itself.",Functional interpretation for MCX,Functional interpretation for macrocomplex during the Miccaotli-Tlamimilolpa phase,"Sometimes two or more distinct architectural units, separate cases in DF9, are clearly parts of some larger architectural entity that can safely be assumed to have been culturally significant to the Teotihuacanos. These are called ""complexes."" A three-pyramid complex, such as Plaza One (1:N5W2) is a good example. Rarely, many distinct structures seem linked in a spatially very large but fairly well-defined association. These are called ""macrocomplexes"" in DF9. An example is the ""Avenue of the Dead"" macrocomplex. A macrocomplex can include no complexes or one or more complexes as sub-units, plus any number of individual sites. However, every complex should be either wholly within one macrocomplex or wholly outside – it does not make sense for a complex to be partly within and partly outside a macrocomplex. Nothing whatever about complexes or macrocomplexes appears explicitly on the SSR. Some information of this kind was written on SSRs in SSR fields 9 (location in relation to other sites), 10 (description of site), and/or 30 (comments). However, this varied greatly among field crews. Much of the interpretation of complexes and macrocomplexes was made after Millon had completed the ""interpretations"" sheets published in Millon et al. (1973). Many complexes are very clear but, even in the case of three-pyramid complexes, there is often uncertainty about exactly which very nearby structures should be included or excluded, and there are even more problems in deciding which sites on the edges of macrocomplexes belong within the macrocomplex. In many cases judgments may have been made initially by those filling out the code sheets, but eventually all were checked and revised by Cowgill. Nevertheless, some uncertain judgments had to be made. Investigations regarding complexes and macrocomplexes should be carried out with careful reference to the data in Millon et al. (1973) and, if possible, the SSRs. The key data fields for identifying DF9 cases assigned to the same complex are 80 and 81. Data field 81 is the four-character label of the sector within which all or most of the complex lies, and data field 80 is a numerical designation for the complexes within each sector. Thus, complex 3:N5W3 would be the third complex among complexes located mainly within sector N5W3. All cases assigned to the same complex have the same ID for data fields 80 and 81, even if the case lies in a different map sector. For cases not assigned to any complex (which are the great majority of cases), data field 80 was coded ""missing data or inapplicable"" and data field 81 was coded ""XXXX."" Data fields 82 and 83 work the same way for macrocomplexes. This whole system is a rather cumbersome way for introducing two levels of case groupings above the basic DF9 level, while maintaining a simple ""flat file"" structure. In DF9, data fields 61-79 repeat the same information for each case in the same complex (except for errors, to which this system was especially prone), and data fields 84-89 repeat the same information for each case in the same macrocomplex. Today, complexes and macrocomplexes could be handled much better by a relational database approach in which separate files for complexes and macrocomplexes were linked to the file for individual sites.As is the case for architectural and functional interpretations of individual sites, data fields characterizing complexes and macrocomplexes for intervals other than Xolalpan-Metepec are of very limited value and should generally be ignored. Data field 63 (observable character of complex in the Xolalpan-Metepec interval) is perhaps most useful for identifying cases belonging to three-pyramid complexes, although some of the other codings are somewhat useful. In general, other data fields for characterizing even Xolalpan-Metepec complexes and macrocomplexes do not seem terribly useful.;;;;;;;;;;;;;;; ",,FALSE,FALSE,TRUE,FALSE,FALSE,FALSE,
89,XLMEMXFN,funcIntXlMt,MfuncIntXlMt,MCmplx_funcIntXlMt,V207,complexMacroData,Data_complexMacroData,Codes_McomplexFun,Archaeology,Interpretations,Macro-Complexes,-1,TRUE,Integer,Nominal,TRUE,Unordered,0=dominantly residential; 1=dominantly temples; 2=dominantly non-temple civic structures; 3=mixed; 4=mixed; 5=mixed; 6=mixed; 7=mixed; 8=mixed; 9=other,Xolalpan-Metepec functional interpretation for macrocomplex,Functional interpretation for macrocomplex during Xolalpan-Metepec occupation.,,"Macrocomplex definitions are not axiomatic. Even in the case of well defined macrocomplexes, there may be much uncertainty about the assignment of structures near their edges. 
Codings for this variable provide information about the macrocomplex to which a site is assigned, not necessarily about the site itself.",Functional interpretation for MCX,Functional interpretation for macrocomplex during the Xolalpan-Metepec phase,"Sometimes two or more distinct architectural units, separate cases in DF9, are clearly parts of some larger architectural entity that can safely be assumed to have been culturally significant to the Teotihuacanos. These are called ""complexes."" A three-pyramid complex, such as Plaza One (1:N5W2) is a good example. Rarely, many distinct structures seem linked in a spatially very large but fairly well-defined association. These are called ""macrocomplexes"" in DF9. An example is the ""Avenue of the Dead"" macrocomplex. A macrocomplex can include no complexes or one or more complexes as sub-units, plus any number of individual sites. However, every complex should be either wholly within one macrocomplex or wholly outside – it does not make sense for a complex to be partly within and partly outside a macrocomplex. Nothing whatever about complexes or macrocomplexes appears explicitly on the SSR. Some information of this kind was written on SSRs in SSR fields 9 (location in relation to other sites), 10 (description of site), and/or 30 (comments). However, this varied greatly among field crews. Much of the interpretation of complexes and macrocomplexes was made after Millon had completed the ""interpretations"" sheets published in Millon et al. (1973). Many complexes are very clear but, even in the case of three-pyramid complexes, there is often uncertainty about exactly which very nearby structures should be included or excluded, and there are even more problems in deciding which sites on the edges of macrocomplexes belong within the macrocomplex. In many cases judgments may have been made initially by those filling out the code sheets, but eventually all were checked and revised by Cowgill. Nevertheless, some uncertain judgments had to be made. Investigations regarding complexes and macrocomplexes should be carried out with careful reference to the data in Millon et al. (1973) and, if possible, the SSRs. The key data fields for identifying DF9 cases assigned to the same complex are 80 and 81. Data field 81 is the four-character label of the sector within which all or most of the complex lies, and data field 80 is a numerical designation for the complexes within each sector. Thus, complex 3:N5W3 would be the third complex among complexes located mainly within sector N5W3. All cases assigned to the same complex have the same ID for data fields 80 and 81, even if the case lies in a different map sector. For cases not assigned to any complex (which are the great majority of cases), data field 80 was coded ""missing data or inapplicable"" and data field 81 was coded ""XXXX."" Data fields 82 and 83 work the same way for macrocomplexes. This whole system is a rather cumbersome way for introducing two levels of case groupings above the basic DF9 level, while maintaining a simple ""flat file"" structure. In DF9, data fields 61-79 repeat the same information for each case in the same complex (except for errors, to which this system was especially prone), and data fields 84-89 repeat the same information for each case in the same macrocomplex. Today, complexes and macrocomplexes could be handled much better by a relational database approach in which separate files for complexes and macrocomplexes were linked to the file for individual sites.As is the case for architectural and functional interpretations of individual sites, data fields characterizing complexes and macrocomplexes for intervals other than Xolalpan-Metepec are of very limited value and should generally be ignored. Data field 63 (observable character of complex in the Xolalpan-Metepec interval) is perhaps most useful for identifying cases belonging to three-pyramid complexes, although some of the other codings are somewhat useful. In general, other data fields for characterizing even Xolalpan-Metepec complexes and macrocomplexes do not seem terribly useful.;;;;;;;;;;;;;;; ",,FALSE,FALSE,TRUE,FALSE,FALSE,FALSE,
90,NHOODCHR,neighborhoodChar,neighborhoodChar,neighborhoodChar,V207,archinterp,Data_archinterp,Codes_neighborhoodChar,Archaeology,Interpretations,Neighborhoods,-1,TRUE,Integer,Nominal? Ordinal?,TRUE,UNK-TBD,1=other sites arranged more or less compactly in neighbourhood; 2=other sites arranged more or less compactly in neighbourhood; 3=other sites arranged more or less compactly in neighbourhood; 4=other sites arranged more or less compactly in neighbourhood; 5=other sites arranged more or less compactly in neighbourhood; 6=other sites arranged more or less compactly in neighbourhood; 7=part of isolated site cluster; 8=isolated site; 9=other,Neighbourhood character,Character of neighbourhood of site.,,,Character of neighborhood of site,"Character of neighborhood of site. This data field may be somewhat useful for selecting cases that are isolated or members of isolated clusters, perhaps to see if there is anything distinctive about them. However, one might do better to select such cases by simply looking at the relevant maps. Some 4,744 cases are coded as within a more or less compact neighborhood, 131 as within an isolated site cluster, 81 as isolated sites (cf. data field 42), and 51 as ""other"" (Figure 3.x).",,,FALSE,FALSE,FALSE,FALSE,FALSE,TRUE,"NEEDS HELP;; Ordinal scale from isolated to compacted … What to do with ""Other""? What does ""Other"" signify?? Also, do the range of values [1,6] have an ordinal meaning??"
91,FRSTNDWL,freeStandWall,freeStandWall,freeStandWall,V207,archMaterial,Data_archMaterial,Codes_otherArchFeatures,Archaeology,Architectural Observations,In-Situ Features,-1,TRUE,Integer,Ordinal,TRUE,Ordered,"0=none observed in site; 8=present in site; 9=other, including possibly present",Free standing walls,Free standing walls in site.,,,Free-standing walls in site,"Free-standing walls in site. This data field can be useful for helping to locate definite or possible free-standing walls, which often enclose or partially enclose large precincts of Teotihuacan. None were observed in 4,728 sites, while they were present in 159 cases and possibly present or ""other"" in 98 cases (Figure 3.x).",,,FALSE,FALSE,FALSE,FALSE,FALSE,TRUE,REORDER;; Reorder values as 0 --> 9 --> 8 for ordinal scale
92,WELLS,wells,wells,wells,V208,archMaterial,Data_archMaterial,Codes_otherArchFeatures,Archaeology,Architectural Observations,In-Situ Features,-1,TRUE,Integer,Ordinal,TRUE,Ordered,"0=none observed in site; 8=present in site; 9=other, including possibly present",Wells,Prehispanic features in site: wells,,,Various pre-Hispanic features in site,"Prehispanic wells in site. Millon (1973:__) discusses the effort to locate prehispanic wells. At least until very recently, the water table in most of Teotihuacan was only a few meters below ground level – well within the depth that could be dug into the tepetate subsoil with the technology available to Teotihuacanos. In fact, the springs and marshy area in and around sectors S1W4 and S1W5 and extending to the southwest are essentially where the water table reached the level of the ground surface. In several cases, these wells, typically circular and somewhat more than a meter in diameter, with footholds cut at intervals into their sides, were found sealed under Teotihuacan-period floors. In other cases, it may be less certain that they are not post-Teotihuacan in origin, and some Teotihuacan wells may have continued in use up to recent times. They are coded as present or possibly present in 24 DF9 cases (Figure 3.x). Millon and Cowgill suspect that many more Teotihuacan wells existed than were located by the TMP survey. These wells are important evidence of one source of water for the Teotihuacanos, especially during the dry season.",,,FALSE,FALSE,FALSE,FALSE,FALSE,TRUE,REORDER;; Reorder values as 0 --> 9 --> 8 for ordinal scale
93,JAGUEYS,jagueys,jagueys,jagueyArch,V208,archMaterial,Data_archMaterial,Codes_otherArchFeatures,Archaeology,Architectural Observations,In-Situ Features,-1,TRUE,Integer,Ordinal,TRUE,Ordered,"0=none observed in site; 8=present in site; 9=other, including possibly present",Jagueys,Prehispanic features in site: jagueys,,,Various pre-Hispanic features in site,"Prehispanic jaguey in site. Jagueys are artificial reservoirs. Only three likely to have been prehispanic were identified by the TMP (Figure 3.x)), and it is not clear that any of these really date to the Teotihuacan Period.",,Some variable names were changed in order to avoid duplicate variable names. The variable ‘jaguey’ was also present in both condition and archMaterial. The ‘jagueys’ in archMaterials was not changed. The ‘jaguey’ in condition was changed to ‘jagueyMod’ because this variable represents recently man-made jagueys not archaeological remnants.,FALSE,FALSE,FALSE,FALSE,FALSE,TRUE,REORDER;; Reorder values as 0 --> 9 --> 8 for ordinal scale
94,PUESTOS,puestos,puestos,puestos,V208,archMaterial,Data_archMaterial,Codes_otherArchFeatures,Archaeology,Architectural Observations,In-Situ Features,-1,TRUE,Integer,Ordinal,TRUE,Ordered,"0=none observed in site; 8=present in site; 9=other, including possibly present",Puestos,Prehispanic features in site: puestos,,,Various pre-Hispanic features in site,"Prehispanic puesto in site. Puestos are market stalls, frequently insubstantial or perishable. Only three cases of possible puestos were identified by the TMP survey (Figure 3.x). However, evidence of an ancient puesto would very rarely survive on the surface, so this data field tells us virtually nothing about their possible prevalence in ancient Teotihuacan.",,,FALSE,FALSE,FALSE,FALSE,FALSE,TRUE,REORDER;; Reorder values as 0 --> 9 --> 8 for ordinal scale
95,MILPA,milpa,milpa,milpa,V208,condition,Data_condition,Codes_vegetation,Modern Context,Survey Surface Conditions,Vegetation and Land Use,-1,TRUE,Integer,Ordinal,TRUE,Ordered,"0=this kind of vegetation absent; 1=present in a small portion of site or very scattered; 2=present over a moderate part of site, or moderately thick; 3=present but extent or density not recorded; 4=abundant or dense on all or most of site",Milpa,Vegetation cover at the time of collection: milpa,,"If this field is coded ""3"" and all of the related (vegetative cover) fields are coded ""2"", then it is probably pretty safe to assume that this category was dominant on the site.","Vegetation cover at the time the collection was made. Presence is indicated when coded ""1"" or higher for each category. Since the categories are not mutually exclusive, the numbers across categories add to more than 5046. If one category is coded ""3"" for a given site and all other categories are coded ""2"" or lower, it is probably pretty safe to assume that the category coded ""3"" was dominant on the site. This is important because ""3"" is a far more common coding than ""4.""","Milpa. Milpa was present on part or all of 1,296 DF9 units (Figure 3.x).","Vegetation cover at the time the collection was made. These data fields are important for information about land use in the 1960s and, especially, for information bearing on the ease or difficulty of spotting objects during surface survey. Milpa (maize field), barley, beans, cut alfalfa, uncut alfalfa, nopales, fallow land, and uncultivated are all explicit categories on the SSR, while magueyes, if present, were routinely noted in the ""other vegetation"" space on the SSR. ""Fallow"" refers to cases where no crop was growing at the time of survey but there was evidence that the tract had been cultivated in the recent past. ""Uncultivated"" refers to land that may have been cultivated in the remote past, but not recently. Collections from uncut alfalfa were particularly difficult to make because of the very dense ground cover, and cut alfalfa was only slightly less difficult. Moreover, alfalfa fields have often been leveled (data field 112) to make irrigation possible, in the process destroying ancient mounds and other features. Mature barley also made collection difficult. Uncultivated tracts also often yielded sparse collections, partly because many were covered with grass and partly because they did not have the benefit of recent plowing, which tends to bring objects to the surface. Closely-planted nopal orchards offered challenges to surveyors but the ground surface was often not greatly obscured. Magueyes leave the ground quite open and the pits for planting magueyes may bring up material from some depth. Quite often more than one type of vegetation was noted for a single case. If one type was noted as present but the extent not recorded, and all other types present at all were noted present only in a small or moderate proportion of the site or only scattered across the site, it is likely that the type recorded merely as ""present"" was the dominant type on that site",,FALSE,FALSE,FALSE,FALSE,FALSE,FALSE,
96,BARLEY,barley,barley,barley,V208,condition,Data_condition,Codes_vegetation,Modern Context,Survey Surface Conditions,Vegetation and Land Use,-1,TRUE,Integer,Ordinal,TRUE,Ordered,"0=this kind of vegetation absent; 1=present in a small portion of site or very scattered; 2=present over a moderate part of site, or moderately thick; 3=present but extent or density not recorded; 4=abundant or dense on all or most of site",Barley,Vegetation cover at the time of collection: barley,,"If this field is coded ""3"" and all of the related (vegetative cover) fields are coded ""2"", then it is probably pretty safe to assume that this category was dominant on the site.","Vegetation cover at the time the collection was made. Presence is indicated when coded ""1"" or higher for each category. Since the categories are not mutually exclusive, the numbers across categories add to more than 5046. If one category is coded ""3"" for a given site and all other categories are coded ""2"" or lower, it is probably pretty safe to assume that the category coded ""3"" was dominant on the site. This is important because ""3"" is a far more common coding than ""4.""",Barley. This non-indigenous crop was present on part or all of only 240 DF9 units (Figure 3.x).,"Vegetation cover at the time the collection was made. These data fields are important for information about land use in the 1960s and, especially, for information bearing on the ease or difficulty of spotting objects during surface survey. Milpa (maize field), barley, beans, cut alfalfa, uncut alfalfa, nopales, fallow land, and uncultivated are all explicit categories on the SSR, while magueyes, if present, were routinely noted in the ""other vegetation"" space on the SSR. ""Fallow"" refers to cases where no crop was growing at the time of survey but there was evidence that the tract had been cultivated in the recent past. ""Uncultivated"" refers to land that may have been cultivated in the remote past, but not recently. Collections from uncut alfalfa were particularly difficult to make because of the very dense ground cover, and cut alfalfa was only slightly less difficult. Moreover, alfalfa fields have often been leveled (data field 112) to make irrigation possible, in the process destroying ancient mounds and other features. Mature barley also made collection difficult. Uncultivated tracts also often yielded sparse collections, partly because many were covered with grass and partly because they did not have the benefit of recent plowing, which tends to bring objects to the surface. Closely-planted nopal orchards offered challenges to surveyors but the ground surface was often not greatly obscured. Magueyes leave the ground quite open and the pits for planting magueyes may bring up material from some depth. Quite often more than one type of vegetation was noted for a single case. If one type was noted as present but the extent not recorded, and all other types present at all were noted present only in a small or moderate proportion of the site or only scattered across the site, it is likely that the type recorded merely as ""present"" was the dominant type on that site",,FALSE,FALSE,FALSE,FALSE,FALSE,FALSE,
97,BEANS,beans,beans,beans,V208,condition,Data_condition,Codes_vegetation,Modern Context,Survey Surface Conditions,Vegetation and Land Use,-1,TRUE,Integer,Ordinal,TRUE,Ordered,"0=this kind of vegetation absent; 1=present in a small portion of site or very scattered; 2=present over a moderate part of site, or moderately thick; 3=present but extent or density not recorded; 4=abundant or dense on all or most of site",Beans,Vegetation cover at the time of collection: beans,,"If this field is coded ""3"" and all of the related (vegetative cover) fields are coded ""2"", then it is probably pretty safe to assume that this category was dominant on the site.","Vegetation cover at the time the collection was made. Presence is indicated when coded ""1"" or higher for each category. Since the categories are not mutually exclusive, the numbers across categories add to more than 5046. If one category is coded ""3"" for a given site and all other categories are coded ""2"" or lower, it is probably pretty safe to assume that the category coded ""3"" was dominant on the site. This is important because ""3"" is a far more common coding than ""4.""",Beans. Beans were being grown on part or all of 352 DF9 units (Figure 3.x).,"Vegetation cover at the time the collection was made. These data fields are important for information about land use in the 1960s and, especially, for information bearing on the ease or difficulty of spotting objects during surface survey. Milpa (maize field), barley, beans, cut alfalfa, uncut alfalfa, nopales, fallow land, and uncultivated are all explicit categories on the SSR, while magueyes, if present, were routinely noted in the ""other vegetation"" space on the SSR. ""Fallow"" refers to cases where no crop was growing at the time of survey but there was evidence that the tract had been cultivated in the recent past. ""Uncultivated"" refers to land that may have been cultivated in the remote past, but not recently. Collections from uncut alfalfa were particularly difficult to make because of the very dense ground cover, and cut alfalfa was only slightly less difficult. Moreover, alfalfa fields have often been leveled (data field 112) to make irrigation possible, in the process destroying ancient mounds and other features. Mature barley also made collection difficult. Uncultivated tracts also often yielded sparse collections, partly because many were covered with grass and partly because they did not have the benefit of recent plowing, which tends to bring objects to the surface. Closely-planted nopal orchards offered challenges to surveyors but the ground surface was often not greatly obscured. Magueyes leave the ground quite open and the pits for planting magueyes may bring up material from some depth. Quite often more than one type of vegetation was noted for a single case. If one type was noted as present but the extent not recorded, and all other types present at all were noted present only in a small or moderate proportion of the site or only scattered across the site, it is likely that the type recorded merely as ""present"" was the dominant type on that site",,FALSE,FALSE,FALSE,FALSE,FALSE,FALSE,
98,CUTALFAL,alfalfaCut,alfalfaCut,alfalfaCut,V208,condition,Data_condition,Codes_vegetation,Modern Context,Survey Surface Conditions,Vegetation and Land Use,-1,TRUE,Integer,Ordinal,TRUE,Ordered,"0=this kind of vegetation absent; 1=present in a small portion of site or very scattered; 2=present over a moderate part of site, or moderately thick; 3=present but extent or density not recorded; 4=abundant or dense on all or most of site",Cut alfalfa,Vegetation cover at the time of collection: cut alfalfa,,"If this field is coded ""3"" and all of the related (vegetative cover) fields are coded ""2"", then it is probably pretty safe to assume that this category was dominant on the site.","Vegetation cover at the time the collection was made. Presence is indicated when coded ""1"" or higher for each category. Since the categories are not mutually exclusive, the numbers across categories add to more than 5046. If one category is coded ""3"" for a given site and all other categories are coded ""2"" or lower, it is probably pretty safe to assume that the category coded ""3"" was dominant on the site. This is important because ""3"" is a far more common coding than ""4.""","Cut Alfalfa Alfalfa cut at the time of survey was found on part or all of 94 DF9 units, and uncut alfalfa on 162 units. As can be seen in Figure 3.x, most alfalfa, which is highly dependent on irrigation, was concentrated in an area of about 2000 by 2000 m, running from the N2 to the S2 row and the W4 to W1 column. Much of the irrigation water for alfalfa comes from deep drilled wells. Another district with considerable alfalfa was in the same north-south rows, from E3 to E4, and extending into sectors S1E5 and S1E6. Alfalfa fields in southwestern sectors S2W8 and S2W7 were probably watered by canals from the permanent springs in and near S1W4. There were also a number of alfalfa fields in far southern sectors S5W1 and S5E1.","Vegetation cover at the time the collection was made. These data fields are important for information about land use in the 1960s and, especially, for information bearing on the ease or difficulty of spotting objects during surface survey. Milpa (maize field), barley, beans, cut alfalfa, uncut alfalfa, nopales, fallow land, and uncultivated are all explicit categories on the SSR, while magueyes, if present, were routinely noted in the ""other vegetation"" space on the SSR. ""Fallow"" refers to cases where no crop was growing at the time of survey but there was evidence that the tract had been cultivated in the recent past. ""Uncultivated"" refers to land that may have been cultivated in the remote past, but not recently. Collections from uncut alfalfa were particularly difficult to make because of the very dense ground cover, and cut alfalfa was only slightly less difficult. Moreover, alfalfa fields have often been leveled (data field 112) to make irrigation possible, in the process destroying ancient mounds and other features. Mature barley also made collection difficult. Uncultivated tracts also often yielded sparse collections, partly because many were covered with grass and partly because they did not have the benefit of recent plowing, which tends to bring objects to the surface. Closely-planted nopal orchards offered challenges to surveyors but the ground surface was often not greatly obscured. Magueyes leave the ground quite open and the pits for planting magueyes may bring up material from some depth. Quite often more than one type of vegetation was noted for a single case. If one type was noted as present but the extent not recorded, and all other types present at all were noted present only in a small or moderate proportion of the site or only scattered across the site, it is likely that the type recorded merely as ""present"" was the dominant type on that site",,FALSE,FALSE,FALSE,FALSE,FALSE,FALSE,
99,UNCALFAL,alfalfaUncut,alfalfaUncut,alfalfaUncut,V208,condition,Data_condition,Codes_vegetation,Modern Context,Survey Surface Conditions,Vegetation and Land Use,-1,TRUE,Integer,Ordinal,TRUE,Ordered,"0=this kind of vegetation absent; 1=present in a small portion of site or very scattered; 2=present over a moderate part of site, or moderately thick; 3=present but extent or density not recorded; 4=abundant or dense on all or most of site",Uncut alfalfa,Vegetation cover at the time of collection: uncut alfalfa,,"If this field is coded ""3"" and all of the related (vegetative cover) fields are coded ""2"", then it is probably pretty safe to assume that this category was dominant on the site.","Vegetation cover at the time the collection was made. Presence is indicated when coded ""1"" or higher for each category. Since the categories are not mutually exclusive, the numbers across categories add to more than 5046. If one category is coded ""3"" for a given site and all other categories are coded ""2"" or lower, it is probably pretty safe to assume that the category coded ""3"" was dominant on the site. This is important because ""3"" is a far more common coding than ""4.""","Uncut Alfalfa. Alfalfa cut at the time of survey was found on part or all of 94 DF9 units, and uncut alfalfa on 162 units. As can be seen in Figure 3.x, most alfalfa, which is highly dependent on irrigation, was concentrated in an area of about 2000 by 2000 m, running from the N2 to the S2 row and the W4 to W1 column. Much of the irrigation water for alfalfa comes from deep drilled wells. Another district with considerable alfalfa was in the same north-south rows, from E3 to E4, and extending into sectors S1E5 and S1E6. Alfalfa fields in southwestern sectors S2W8 and S2W7 were probably watered by canals from the permanent springs in and near S1W4. There were also a number of alfalfa fields in far southern sectors S5W1 and S5E1.","Vegetation cover at the time the collection was made. These data fields are important for information about land use in the 1960s and, especially, for information bearing on the ease or difficulty of spotting objects during surface survey. Milpa (maize field), barley, beans, cut alfalfa, uncut alfalfa, nopales, fallow land, and uncultivated are all explicit categories on the SSR, while magueyes, if present, were routinely noted in the ""other vegetation"" space on the SSR. ""Fallow"" refers to cases where no crop was growing at the time of survey but there was evidence that the tract had been cultivated in the recent past. ""Uncultivated"" refers to land that may have been cultivated in the remote past, but not recently. Collections from uncut alfalfa were particularly difficult to make because of the very dense ground cover, and cut alfalfa was only slightly less difficult. Moreover, alfalfa fields have often been leveled (data field 112) to make irrigation possible, in the process destroying ancient mounds and other features. Mature barley also made collection difficult. Uncultivated tracts also often yielded sparse collections, partly because many were covered with grass and partly because they did not have the benefit of recent plowing, which tends to bring objects to the surface. Closely-planted nopal orchards offered challenges to surveyors but the ground surface was often not greatly obscured. Magueyes leave the ground quite open and the pits for planting magueyes may bring up material from some depth. Quite often more than one type of vegetation was noted for a single case. If one type was noted as present but the extent not recorded, and all other types present at all were noted present only in a small or moderate proportion of the site or only scattered across the site, it is likely that the type recorded merely as ""present"" was the dominant type on that site",,FALSE,FALSE,FALSE,FALSE,FALSE,FALSE,
100,NOPALES,nopales,nopales,nopales,V208,condition,Data_condition,Codes_vegetation,Modern Context,Survey Surface Conditions,Vegetation and Land Use,-1,TRUE,Integer,Ordinal,TRUE,Ordered,"0=this kind of vegetation absent; 1=present in a small portion of site or very scattered; 2=present over a moderate part of site, or moderately thick; 3=present but extent or density not recorded; 4=abundant or dense on all or most of site",Nopales,Vegetation cover at the time of collection: nopales,,"If this field is coded ""3"" and all of the related (vegetative cover) fields are coded ""2"", then it is probably pretty safe to assume that this category was dominant on the site.","Vegetation cover at the time the collection was made. Presence is indicated when coded ""1"" or higher for each category. Since the categories are not mutually exclusive, the numbers across categories add to more than 5046. If one category is coded ""3"" for a given site and all other categories are coded ""2"" or lower, it is probably pretty safe to assume that the category coded ""3"" was dominant on the site. This is important because ""3"" is a far more common coding than ""4.""","Nopales. Nopales (prickly pear, genus Opuntia) were being grown on part or all of 687 DF9 units (Figure 3.x).  Today nopales are an important cash crop in the Teotihuacan Valley. Their fruits (tunas) are a refreshing delicacy, and their leaves, freed of spines, can be cooked and prepared in a number of ways.","Vegetation cover at the time the collection was made. These data fields are important for information about land use in the 1960s and, especially, for information bearing on the ease or difficulty of spotting objects during surface survey. Milpa (maize field), barley, beans, cut alfalfa, uncut alfalfa, nopales, fallow land, and uncultivated are all explicit categories on the SSR, while magueyes, if present, were routinely noted in the ""other vegetation"" space on the SSR. ""Fallow"" refers to cases where no crop was growing at the time of survey but there was evidence that the tract had been cultivated in the recent past. ""Uncultivated"" refers to land that may have been cultivated in the remote past, but not recently. Collections from uncut alfalfa were particularly difficult to make because of the very dense ground cover, and cut alfalfa was only slightly less difficult. Moreover, alfalfa fields have often been leveled (data field 112) to make irrigation possible, in the process destroying ancient mounds and other features. Mature barley also made collection difficult. Uncultivated tracts also often yielded sparse collections, partly because many were covered with grass and partly because they did not have the benefit of recent plowing, which tends to bring objects to the surface. Closely-planted nopal orchards offered challenges to surveyors but the ground surface was often not greatly obscured. Magueyes leave the ground quite open and the pits for planting magueyes may bring up material from some depth. Quite often more than one type of vegetation was noted for a single case. If one type was noted as present but the extent not recorded, and all other types present at all were noted present only in a small or moderate proportion of the site or only scattered across the site, it is likely that the type recorded merely as ""present"" was the dominant type on that site",,FALSE,FALSE,FALSE,FALSE,FALSE,FALSE,
101,MAGUEYS,magueys,magueys,magueys,V208,condition,Data_condition,Codes_vegetation,Modern Context,Survey Surface Conditions,Vegetation and Land Use,-1,TRUE,Integer,Ordinal,TRUE,Ordered,"0=this kind of vegetation absent; 1=present in a small portion of site or very scattered; 2=present over a moderate part of site, or moderately thick; 3=present but extent or density not recorded; 4=abundant or dense on all or most of site",Magueys,Vegetation cover at the time of collection: magueys,,"If this field is coded ""3"" and all of the related (vegetative cover) fields are coded ""2"", then it is probably pretty safe to assume that this category was dominant on the site.","Vegetation cover at the time the collection was made. Presence is indicated when coded ""1"" or higher for each category. Since the categories are not mutually exclusive, the numbers across categories add to more than 5046. If one category is coded ""3"" for a given site and all other categories are coded ""2"" or lower, it is probably pretty safe to assume that the category coded ""3"" was dominant on the site. This is important because ""3"" is a far more common coding than ""4.""","Magueyes. Magueyes (century plants, genus Agave) were being grown on part of all of 753 DF9 units (Figure 3.x). These are especially important today, as in the past, because their fermented sap produces pulque, a nutritious and mildly alcoholic beverage. Their leaves are an important source of fiber, coarser than cotton, that can be spun and then used for netting or woven into textiles. The tough layer just under the surface of the leaves may have been used for paper. The leaves themselves can be used as building material and for fuel. For more information about maguey use, see especially Parsons and Parsons (1990).","Vegetation cover at the time the collection was made. These data fields are important for information about land use in the 1960s and, especially, for information bearing on the ease or difficulty of spotting objects during surface survey. Milpa (maize field), barley, beans, cut alfalfa, uncut alfalfa, nopales, fallow land, and uncultivated are all explicit categories on the SSR, while magueyes, if present, were routinely noted in the ""other vegetation"" space on the SSR. ""Fallow"" refers to cases where no crop was growing at the time of survey but there was evidence that the tract had been cultivated in the recent past. ""Uncultivated"" refers to land that may have been cultivated in the remote past, but not recently. Collections from uncut alfalfa were particularly difficult to make because of the very dense ground cover, and cut alfalfa was only slightly less difficult. Moreover, alfalfa fields have often been leveled (data field 112) to make irrigation possible, in the process destroying ancient mounds and other features. Mature barley also made collection difficult. Uncultivated tracts also often yielded sparse collections, partly because many were covered with grass and partly because they did not have the benefit of recent plowing, which tends to bring objects to the surface. Closely-planted nopal orchards offered challenges to surveyors but the ground surface was often not greatly obscured. Magueyes leave the ground quite open and the pits for planting magueyes may bring up material from some depth. Quite often more than one type of vegetation was noted for a single case. If one type was noted as present but the extent not recorded, and all other types present at all were noted present only in a small or moderate proportion of the site or only scattered across the site, it is likely that the type recorded merely as ""present"" was the dominant type on that site",,FALSE,FALSE,FALSE,FALSE,FALSE,FALSE,
102,FALLOWLD,fallow,fallow,fallow,V208,condition,Data_condition,Codes_vegetation,Modern Context,Survey Surface Conditions,Vegetation and Land Use,-1,TRUE,Integer,Ordinal,TRUE,Ordered,"0=this kind of vegetation absent; 1=present in a small portion of site or very scattered; 2=present over a moderate part of site, or moderately thick; 3=present but extent or density not recorded; 4=abundant or dense on all or most of site",Fallow land,Vegetation cover at the time of collection: fallow land,,"If this field is coded ""3"" and all of the related (vegetative cover) fields are coded ""2"", then it is probably pretty safe to assume that this category was dominant on the site.","Vegetation cover at the time the collection was made. Presence is indicated when coded ""1"" or higher for each category. Since the categories are not mutually exclusive, the numbers across categories add to more than 5046. If one category is coded ""3"" for a given site and all other categories are coded ""2"" or lower, it is probably pretty safe to assume that the category coded ""3"" was dominant on the site. This is important because ""3"" is a far more common coding than ""4.""","Fallow Land. At the time of survey, 568 DF9 units were partly or entirely in fallow land (Figure 3.x).","Vegetation cover at the time the collection was made. These data fields are important for information about land use in the 1960s and, especially, for information bearing on the ease or difficulty of spotting objects during surface survey. Milpa (maize field), barley, beans, cut alfalfa, uncut alfalfa, nopales, fallow land, and uncultivated are all explicit categories on the SSR, while magueyes, if present, were routinely noted in the ""other vegetation"" space on the SSR. ""Fallow"" refers to cases where no crop was growing at the time of survey but there was evidence that the tract had been cultivated in the recent past. ""Uncultivated"" refers to land that may have been cultivated in the remote past, but not recently. Collections from uncut alfalfa were particularly difficult to make because of the very dense ground cover, and cut alfalfa was only slightly less difficult. Moreover, alfalfa fields have often been leveled (data field 112) to make irrigation possible, in the process destroying ancient mounds and other features. Mature barley also made collection difficult. Uncultivated tracts also often yielded sparse collections, partly because many were covered with grass and partly because they did not have the benefit of recent plowing, which tends to bring objects to the surface. Closely-planted nopal orchards offered challenges to surveyors but the ground surface was often not greatly obscured. Magueyes leave the ground quite open and the pits for planting magueyes may bring up material from some depth. Quite often more than one type of vegetation was noted for a single case. If one type was noted as present but the extent not recorded, and all other types present at all were noted present only in a small or moderate proportion of the site or only scattered across the site, it is likely that the type recorded merely as ""present"" was the dominant type on that site",,FALSE,FALSE,FALSE,FALSE,FALSE,FALSE,
103,UNCULTIV,uncultivate,uncultivate,uncultivate,V208,condition,Data_condition,Codes_vegetation,Modern Context,Survey Surface Conditions,Vegetation and Land Use,-1,TRUE,Integer,Ordinal,TRUE,Ordered,"0=this kind of vegetation absent; 1=present in a small portion of site or very scattered; 2=present over a moderate part of site, or moderately thick; 3=present but extent or density not recorded; 4=abundant or dense on all or most of site",Uncultivated,Vegetation cover at the time of collection: uncultivated,,"If this field is coded ""3"" and all of the related (vegetative cover) fields are coded ""2"", then it is probably pretty safe to assume that this category was dominant on the site.","Vegetation cover at the time the collection was made. Presence is indicated when coded ""1"" or higher for each category. Since the categories are not mutually exclusive, the numbers across categories add to more than 5046. If one category is coded ""3"" for a given site and all other categories are coded ""2"" or lower, it is probably pretty safe to assume that the category coded ""3"" was dominant on the site. This is important because ""3"" is a far more common coding than ""4.""","Uncultivated. At the time of survey, 1,925 DF9 units included uncultivated tracts (Figure 3.x).","Vegetation cover at the time the collection was made. These data fields are important for information about land use in the 1960s and, especially, for information bearing on the ease or difficulty of spotting objects during surface survey. Milpa (maize field), barley, beans, cut alfalfa, uncut alfalfa, nopales, fallow land, and uncultivated are all explicit categories on the SSR, while magueyes, if present, were routinely noted in the ""other vegetation"" space on the SSR. ""Fallow"" refers to cases where no crop was growing at the time of survey but there was evidence that the tract had been cultivated in the recent past. ""Uncultivated"" refers to land that may have been cultivated in the remote past, but not recently. Collections from uncut alfalfa were particularly difficult to make because of the very dense ground cover, and cut alfalfa was only slightly less difficult. Moreover, alfalfa fields have often been leveled (data field 112) to make irrigation possible, in the process destroying ancient mounds and other features. Mature barley also made collection difficult. Uncultivated tracts also often yielded sparse collections, partly because many were covered with grass and partly because they did not have the benefit of recent plowing, which tends to bring objects to the surface. Closely-planted nopal orchards offered challenges to surveyors but the ground surface was often not greatly obscured. Magueyes leave the ground quite open and the pits for planting magueyes may bring up material from some depth. Quite often more than one type of vegetation was noted for a single case. If one type was noted as present but the extent not recorded, and all other types present at all were noted present only in a small or moderate proportion of the site or only scattered across the site, it is likely that the type recorded merely as ""present"" was the dominant type on that site",,FALSE,FALSE,FALSE,FALSE,FALSE,FALSE,
104,CROPWATR,cropWater,cropWater,cropWater,V209,condition,Data_condition,Codes_water,Modern Context,Survey Surface Conditions,Vegetation and Land Use,-1,TRUE,Integer,Nominal? Ordinal?,TRUE,UNK-TBD,0=humedad; 1=temporal; 2=reigo (used if any part of site in riego); 3=flood water,Crop water,Type of water for crops at the time of the survey.,,,Type of water for crops at the time of the survey,"Type of water for crops at the time of the survey. The four categories for this data field derive directly from the SSR, so they were routinely reported (Figure 3.x). Humedad (138 cases) refers to naturally moist land, essentially limited to the area of chinampa-like cultivation in the southwest part of the survey area (check!). Temporal (3,822 cases) refers to dry farming. Riego (used if any part of the site was in riego, 366 cases) refers to irrigation, using water supplied by canals or pumps. Floodwater (28 cases) refers to plots dependent on systems of catching and channeling rainwater.",,,FALSE,FALSE,FALSE,FALSE,FALSE,TRUE,SPLIT;; INTRODUCE HIERARCHY
105,PLOWING,plowing,plowing,plowing,V209,condition,Data_condition,Codes_plowing,Modern Context,Survey Surface Conditions,Vegetation and Land Use,-1,TRUE,Integer,Ordinal,TRUE,Ordered,"0=there is reason to think the site was never plowed; 1=probably plowed in the past, but not in recent years; 2=part of site in plow cultivation, but much not; 3=most or all in plow cultivation, but not freshly plowed; 4=part of site freshly plowed; 5=most or all of site freshly plowed",Plowing status,Status of plowing when the collection was made.,,,"Status of plowing when the collection was made. It is possible that a significant number of sites coded ""0"" should have been coded ""1."" I don't believe this has been carefully checked.","Status of plowing when the collection was made. Plowing, with the relatively shallow plows in use at the time of the TMP survey, disturbs the upper 15-20 cm or so of sites, brings much material to the surface, and kills much of the ground cover, facilitating the making of relatively large collections. Plowing followed by rain increases visibility of objects even more. This was probably the case for most of the 1,868 DF9 cases coded as plowed but not freshly plowed. Only in 11 cases was part or all of the site freshly plowed at the time the collection was made. There were 435 sites coded as probably plowed in the past but not recently (Figure 3.x). Among the 2,429 coded as probably never plowed, many may have been plowed at some time in the remote past, although those on steeper ground were probably never plowed at all. Upon excavation, it is not uncommon to see plow marks on the latest well-preserved floors, and even shallow plowing has often destroyed the very latest floors (often but not always post-Teotihuacan).",,,FALSE,FALSE,FALSE,FALSE,FALSE,FALSE,
106,CULTPITS,pitCultivate,pitCultivate,pitCultivate,V209,condition,Data_condition,Codes_altering_features,Modern Context,Survey Surface Conditions,Land Use Disturbances,-1,TRUE,Integer,Ordinal,TRUE,Ordered,"0=absent or virtually absent; 1=present, but sparse or limited in effects; 2=present in sufficient degree to have considerable effect; 3=present, but degree unspecified; 4=present in sufficient degree to have a very strong effect; 5=present in a degree that amounts to total destruction",Cultivation pits,Presence and effects of cultivation pits.,,,Features affecting condition of site when collection was made,Cultivation pits. These are probably mostly pits for planting magueyes. They are present in 420 cases (Figure 3.x).,"Features affecting the condition of site when collection made.  Many of these features, especially any kinds of pits, would tend to make more information about sites visible, including traces of exposed in situ architectural features. Others, such as land leveling, recent buildings, and silting, tend to obscure features. A moderate amount of erosion tends to reveal features, while strong erosion is more apt to destroy them. The numbers below refer to the total number of cases in which the relevant feature or condition was present to some degree. DF9 includes ordinal scales for intensity of the effects, ranging from limited to total destruction",,FALSE,FALSE,FALSE,FALSE,FALSE,TRUE,"SPLIT??? If ""present but unspecified magnitude"" has many values;; Split presence/absence from magnitude"
107,LOOTPITS,pitLoot,pitLoot,pitLoot,V209,condition,Data_condition,Codes_altering_features,Modern Context,Survey Surface Conditions,Land Use Disturbances,-1,TRUE,Integer,Ordinal,TRUE,Ordered,"0=absent or virtually absent; 1=present, but sparse or limited in effects; 2=present in sufficient degree to have considerable effect; 3=present, but degree unspecified; 4=present in sufficient degree to have a very strong effect; 5=present in a degree that amounts to total destruction",Looter pits,Presence and effects of looter pits.,,,Features affecting condition of site when collection was made,Looter pits. Present in 249 cases (Figure 3.x).,"Features affecting the condition of site when collection made.  Many of these features, especially any kinds of pits, would tend to make more information about sites visible, including traces of exposed in situ architectural features. Others, such as land leveling, recent buildings, and silting, tend to obscure features. A moderate amount of erosion tends to reveal features, while strong erosion is more apt to destroy them. The numbers below refer to the total number of cases in which the relevant feature or condition was present to some degree. DF9 includes ordinal scales for intensity of the effects, ranging from limited to total destruction",,FALSE,FALSE,FALSE,FALSE,FALSE,TRUE,"SPLIT??? If ""present but unspecified magnitude"" has many values;; Split presence/absence from magnitude"
108,ARCHEXCV,archaeoExcRest,archaeoExcRest,archaeoExcRest,V209,condition,Data_condition,Codes_altering_features,Modern Context,Survey Surface Conditions,Land Use Disturbances,-1,TRUE,Integer,Ordinal,TRUE,Ordered,"0=absent or virtually absent; 1=present, but sparse or limited in effects; 2=present in sufficient degree to have considerable effect; 3=present, but degree unspecified; 4=present in sufficient degree to have a very strong effect; 5=present in a degree that amounts to total destruction",Archaeological restoration or excavation,Presence and effects of archaeological restoration or excavation.,,,Features affecting condition of site when collection was made,"Archaeological restoration or excavation. Present in 146 cases (Figure 3.x). Surface collections were usually impossible in restored sites, and these account for most of the cases for which we have no data on ceramics and other objects in our files. To widely varying extents, publications on excavated sites provide some of this kind of data.","Features affecting the condition of site when collection made.  Many of these features, especially any kinds of pits, would tend to make more information about sites visible, including traces of exposed in situ architectural features. Others, such as land leveling, recent buildings, and silting, tend to obscure features. A moderate amount of erosion tends to reveal features, while strong erosion is more apt to destroy them. The numbers below refer to the total number of cases in which the relevant feature or condition was present to some degree. DF9 includes ordinal scales for intensity of the effects, ranging from limited to total destruction",,FALSE,FALSE,FALSE,FALSE,FALSE,TRUE,"SPLIT??? If ""present but unspecified magnitude"" has many values;; Split presence/absence from magnitude"
109,MISCPITS,pitMisc,pitMisc,pitMisc,V209,condition,Data_condition,Codes_altering_features,Modern Context,Survey Surface Conditions,Land Use Disturbances,-1,TRUE,Integer,Ordinal,TRUE,Ordered,"0=absent or virtually absent; 1=present, but sparse or limited in effects; 2=present in sufficient degree to have considerable effect; 3=present, but degree unspecified; 4=present in sufficient degree to have a very strong effect; 5=present in a degree that amounts to total destruction",Miscellaneous pits,Presence and effects of miscellaneous pits.,,,Features affecting condition of site when collection was made,Miscellaneous pits. There are 335 cases (Figure 3.x).,"Features affecting the condition of site when collection made.  Many of these features, especially any kinds of pits, would tend to make more information about sites visible, including traces of exposed in situ architectural features. Others, such as land leveling, recent buildings, and silting, tend to obscure features. A moderate amount of erosion tends to reveal features, while strong erosion is more apt to destroy them. The numbers below refer to the total number of cases in which the relevant feature or condition was present to some degree. DF9 includes ordinal scales for intensity of the effects, ranging from limited to total destruction",,FALSE,FALSE,FALSE,FALSE,FALSE,TRUE,"SPLIT??? If ""present but unspecified magnitude"" has many values;; Split presence/absence from magnitude"
110,QRRYING,quarrying,quarrying,quarrying,V209,condition,Data_condition,Codes_altering_features,Modern Context,Survey Surface Conditions,Land Use Disturbances,-1,TRUE,Integer,Ordinal,TRUE,Ordered,"0=absent or virtually absent; 1=present, but sparse or limited in effects; 2=present in sufficient degree to have considerable effect; 3=present, but degree unspecified; 4=present in sufficient degree to have a very strong effect; 5=present in a degree that amounts to total destruction",Quarrying,Presence and effects of quarrying.,,,Features affecting condition of site when collection was made,"Quarrying. There are 15 cases (Figure 3.x). Cowgill is no longer sure what this means. It probably refers to recent digging for stone for building material, but it may include cases where there has been recent extensive digging of clay for making pottery or bricks.","Features affecting the condition of site when collection made.  Many of these features, especially any kinds of pits, would tend to make more information about sites visible, including traces of exposed in situ architectural features. Others, such as land leveling, recent buildings, and silting, tend to obscure features. A moderate amount of erosion tends to reveal features, while strong erosion is more apt to destroy them. The numbers below refer to the total number of cases in which the relevant feature or condition was present to some degree. DF9 includes ordinal scales for intensity of the effects, ranging from limited to total destruction",,FALSE,FALSE,FALSE,FALSE,FALSE,TRUE,"SPLIT??? If ""present but unspecified magnitude"" has many values;; Split presence/absence from magnitude"
111,CLRSTONE,stoneClearing,stoneClearing,stoneClearing,V209,condition,Data_condition,Codes_altering_features,Modern Context,Survey Surface Conditions,Land Use Disturbances,-1,TRUE,Integer,Ordinal,TRUE,Ordered,"0=absent or virtually absent; 1=present, but sparse or limited in effects; 2=present in sufficient degree to have considerable effect; 3=present, but degree unspecified; 4=present in sufficient degree to have a very strong effect; 5=present in a degree that amounts to total destruction",Stone clearing,Presence and effects of stone clearing.,,,Features affecting condition of site when collection was made,"Clearing of stone. There are 404 cases (Figure 3.x). This generally refers to clearing stone to make cultivation easier, and concentrating it in piles or along field boundaries. Much of the cleared stone is from the ruins of Teotihuacan Period buildings. Stone clearing complicates interpretations of data fields 16 and 17, which refer to quantity and distribution of stone on the site.","Features affecting the condition of site when collection made.  Many of these features, especially any kinds of pits, would tend to make more information about sites visible, including traces of exposed in situ architectural features. Others, such as land leveling, recent buildings, and silting, tend to obscure features. A moderate amount of erosion tends to reveal features, while strong erosion is more apt to destroy them. The numbers below refer to the total number of cases in which the relevant feature or condition was present to some degree. DF9 includes ordinal scales for intensity of the effects, ranging from limited to total destruction",,FALSE,FALSE,FALSE,FALSE,FALSE,TRUE,"SPLIT??? If ""present but unspecified magnitude"" has many values;; Split presence/absence from magnitude"
112,LDLVLING,landLeveling,landLeveling,landLeveling,V209,condition,Data_condition,Codes_altering_features,Modern Context,Survey Surface Conditions,Land Use Disturbances,-1,TRUE,Integer,Ordinal,TRUE,Ordered,"0=absent or virtually absent; 1=present, but sparse or limited in effects; 2=present in sufficient degree to have considerable effect; 3=present, but degree unspecified; 4=present in sufficient degree to have a very strong effect; 5=present in a degree that amounts to total destruction",Land levelling,Presence and effects of land levelling.,,,Features affecting condition of site when collection was made,"Land leveling. There are 601 cases (Figure 3.x). Land leveling, especially by heavy machinery, tends to obscure or destroy mounds, but lower archaeological layers may survive.","Features affecting the condition of site when collection made.  Many of these features, especially any kinds of pits, would tend to make more information about sites visible, including traces of exposed in situ architectural features. Others, such as land leveling, recent buildings, and silting, tend to obscure features. A moderate amount of erosion tends to reveal features, while strong erosion is more apt to destroy them. The numbers below refer to the total number of cases in which the relevant feature or condition was present to some degree. DF9 includes ordinal scales for intensity of the effects, ranging from limited to total destruction",,FALSE,FALSE,FALSE,FALSE,FALSE,TRUE,"SPLIT??? If ""present but unspecified magnitude"" has many values;; Split presence/absence from magnitude"
113,TERRACNG,terracing,terracing,terracing,V209,condition,Data_condition,Codes_altering_features,Modern Context,Survey Surface Conditions,Land Use Disturbances,-1,TRUE,Integer,Ordinal,TRUE,Ordered,"0=absent or virtually absent; 1=present, but sparse or limited in effects; 2=present in sufficient degree to have considerable effect; 3=present, but degree unspecified; 4=present in sufficient degree to have a very strong effect; 5=present in a degree that amounts to total destruction",Terracing,Presence and effects of terracing.,,,Features affecting condition of site when collection was made,"Terracing. There are 452 cases, generally on more sloping ground (Figure 3.x).","Features affecting the condition of site when collection made.  Many of these features, especially any kinds of pits, would tend to make more information about sites visible, including traces of exposed in situ architectural features. Others, such as land leveling, recent buildings, and silting, tend to obscure features. A moderate amount of erosion tends to reveal features, while strong erosion is more apt to destroy them. The numbers below refer to the total number of cases in which the relevant feature or condition was present to some degree. DF9 includes ordinal scales for intensity of the effects, ranging from limited to total destruction",,FALSE,FALSE,FALSE,FALSE,FALSE,TRUE,"SPLIT??? If ""present but unspecified magnitude"" has many values;; Split presence/absence from magnitude"
114,DITCHING,ditching,ditching,ditching,V209,condition,Data_condition,Codes_altering_features,Modern Context,Survey Surface Conditions,Land Use Disturbances,-1,TRUE,Integer,Ordinal,TRUE,Ordered,"0=absent or virtually absent; 1=present, but sparse or limited in effects; 2=present in sufficient degree to have considerable effect; 3=present, but degree unspecified; 4=present in sufficient degree to have a very strong effect; 5=present in a degree that amounts to total destruction",Ditching,Presence and effects of ditching.,,,Features affecting condition of site when collection was made,Ditching. There are 228 cases (Figure 3.x).,"Features affecting the condition of site when collection made.  Many of these features, especially any kinds of pits, would tend to make more information about sites visible, including traces of exposed in situ architectural features. Others, such as land leveling, recent buildings, and silting, tend to obscure features. A moderate amount of erosion tends to reveal features, while strong erosion is more apt to destroy them. The numbers below refer to the total number of cases in which the relevant feature or condition was present to some degree. DF9 includes ordinal scales for intensity of the effects, ranging from limited to total destruction",,FALSE,FALSE,FALSE,FALSE,FALSE,TRUE,"SPLIT??? If ""present but unspecified magnitude"" has many values;; Split presence/absence from magnitude"
115,ROADORRR,roadOrRail,roadOrRail,roadOrRail,V209,condition,Data_condition,Codes_altering_features,Modern Context,Survey Surface Conditions,Land Use Disturbances,-1,TRUE,Integer,Ordinal,TRUE,Ordered,"0=absent or virtually absent; 1=present, but sparse or limited in effects; 2=present in sufficient degree to have considerable effect; 3=present, but degree unspecified; 4=present in sufficient degree to have a very strong effect; 5=present in a degree that amounts to total destruction",Road or railroad,Presence and effects of road or railroad construction.,,,Features affecting condition of site when collection was made,"Road or railroad. There are 1,260 cases (Figure 3.x). Many of these are unimproved dirt roads, but there are also highways and a number of sites affected by railroads. The major rail lines from Mexico City to the Gulf Lowlands and also to Oaxaca traverse the ancient city from southwest to northeast, leaving diagonal scars on our map of collection tracts, and underlining the continuing importance of the Teotihuacan Valley as a route of transportation from the Basin of Mexico to the east and southeast.","Features affecting the condition of site when collection made.  Many of these features, especially any kinds of pits, would tend to make more information about sites visible, including traces of exposed in situ architectural features. Others, such as land leveling, recent buildings, and silting, tend to obscure features. A moderate amount of erosion tends to reveal features, while strong erosion is more apt to destroy them. The numbers below refer to the total number of cases in which the relevant feature or condition was present to some degree. DF9 includes ordinal scales for intensity of the effects, ranging from limited to total destruction",,FALSE,FALSE,FALSE,FALSE,FALSE,TRUE,"SPLIT??? If ""present but unspecified magnitude"" has many values;; Split presence/absence from magnitude"
116,RCNTWALL,recentWall,recentWall,recentWall,V210,condition,Data_condition,Codes_altering_features,Modern Context,Survey Surface Conditions,Land Use Disturbances,-1,TRUE,Integer,Ordinal,TRUE,Ordered,"0=absent or virtually absent; 1=present, but sparse or limited in effects; 2=present in sufficient degree to have considerable effect; 3=present, but degree unspecified; 4=present in sufficient degree to have a very strong effect; 5=present in a degree that amounts to total destruction",Recent walls,Presence and effects of recent walls.,,,Features affecting condition of site when collection was made,"Recent walls. There are 180 (Figure 3.x). I believe these refer to masonry walls, mostly bounding fields or house lots.","Features affecting the condition of site when collection made.  Many of these features, especially any kinds of pits, would tend to make more information about sites visible, including traces of exposed in situ architectural features. Others, such as land leveling, recent buildings, and silting, tend to obscure features. A moderate amount of erosion tends to reveal features, while strong erosion is more apt to destroy them. The numbers below refer to the total number of cases in which the relevant feature or condition was present to some degree. DF9 includes ordinal scales for intensity of the effects, ranging from limited to total destruction",,FALSE,FALSE,FALSE,FALSE,FALSE,TRUE,"SPLIT??? If ""present but unspecified magnitude"" has many values;; Split presence/absence from magnitude"
117,STONERWS,stoneRows,stoneRows,stoneRows,V210,condition,Data_condition,Codes_altering_features,Modern Context,Survey Surface Conditions,Land Use Disturbances,-1,TRUE,Integer,Ordinal,TRUE,Ordered,"0=absent or virtually absent; 1=present, but sparse or limited in effects; 2=present in sufficient degree to have considerable effect; 3=present, but degree unspecified; 4=present in sufficient degree to have a very strong effect; 5=present in a degree that amounts to total destruction","Stone rows, rock piles",Presence and effects of stone rows and rock piles.,,,Features affecting condition of site when collection was made,"Stone rows, rock piles. There are 475 (Figure 3.x). These refer to rows and piles of rocks that are a result of field clearing, data field 111.","Features affecting the condition of site when collection made.  Many of these features, especially any kinds of pits, would tend to make more information about sites visible, including traces of exposed in situ architectural features. Others, such as land leveling, recent buildings, and silting, tend to obscure features. A moderate amount of erosion tends to reveal features, while strong erosion is more apt to destroy them. The numbers below refer to the total number of cases in which the relevant feature or condition was present to some degree. DF9 includes ordinal scales for intensity of the effects, ranging from limited to total destruction",,FALSE,FALSE,FALSE,FALSE,FALSE,TRUE,"SPLIT??? If ""present but unspecified magnitude"" has many values;; Split presence/absence from magnitude"
118,RCNTBLDG,recentBuild,recentBuild,recentBuild,V210,condition,Data_condition,Codes_altering_features,Modern Context,Survey Surface Conditions,Land Use Disturbances,-1,TRUE,Integer,Ordinal,TRUE,Ordered,"0=absent or virtually absent; 1=present, but sparse or limited in effects; 2=present in sufficient degree to have considerable effect; 3=present, but degree unspecified; 4=present in sufficient degree to have a very strong effect; 5=present in a degree that amounts to total destruction",Recent Buildings,Presence and effects of recent buildings.,,,Features affecting condition of site when collection was made,"Recent buildings. There were 527, most of them residences occupied at the time of survey (Figure 3.x). These do not include areas so covered with modern buildings that no survey was possible. Subsequently, the number of residences within the survey area has increased greatly.","Features affecting the condition of site when collection made.  Many of these features, especially any kinds of pits, would tend to make more information about sites visible, including traces of exposed in situ architectural features. Others, such as land leveling, recent buildings, and silting, tend to obscure features. A moderate amount of erosion tends to reveal features, while strong erosion is more apt to destroy them. The numbers below refer to the total number of cases in which the relevant feature or condition was present to some degree. DF9 includes ordinal scales for intensity of the effects, ranging from limited to total destruction",,FALSE,FALSE,FALSE,FALSE,FALSE,TRUE,"SPLIT??? If ""present but unspecified magnitude"" has many values;; Split presence/absence from magnitude"
119,DAM,dam,dam,dam,V210,condition,Data_condition,Codes_altering_features,Modern Context,Survey Surface Conditions,Land Use Disturbances,-1,TRUE,Integer,Ordinal,TRUE,Ordered,"0=absent or virtually absent; 1=present, but sparse or limited in effects; 2=present in sufficient degree to have considerable effect; 3=present, but degree unspecified; 4=present in sufficient degree to have a very strong effect; 5=present in a degree that amounts to total destruction",Dam,Presence and effects of dam construction.,,,Features affecting condition of site when collection was made,"Dam. There are 22 (Figure 3.x). This data field refers to recent features, in contrast to data fields 92-94, which refer to pre-Hispanic features.","Features affecting the condition of site when collection made.  Many of these features, especially any kinds of pits, would tend to make more information about sites visible, including traces of exposed in situ architectural features. Others, such as land leveling, recent buildings, and silting, tend to obscure features. A moderate amount of erosion tends to reveal features, while strong erosion is more apt to destroy them. The numbers below refer to the total number of cases in which the relevant feature or condition was present to some degree. DF9 includes ordinal scales for intensity of the effects, ranging from limited to total destruction",,FALSE,FALSE,FALSE,FALSE,FALSE,TRUE,"SPLIT??? If ""present but unspecified magnitude"" has many values;; Split presence/absence from magnitude"
120,JAGUEY,jaguey,jaguey,jagueyMod,V210,condition,Data_condition,Codes_altering_features,Modern Context,Survey Surface Conditions,Land Use Disturbances,-1,TRUE,Integer,Ordinal,TRUE,Ordered,"0=absent or virtually absent; 1=present, but sparse or limited in effects; 2=present in sufficient degree to have considerable effect; 3=present, but degree unspecified; 4=present in sufficient degree to have a very strong effect; 5=present in a degree that amounts to total destruction",Jaguey,Presence and effects of jaguey.,,,Features affecting condition of site when collection was made,Jaguey. There are 16 sites that include one of these recent man-made reservoirs (Figure 3.x).,"Features affecting the condition of site when collection made.  Many of these features, especially any kinds of pits, would tend to make more information about sites visible, including traces of exposed in situ architectural features. Others, such as land leveling, recent buildings, and silting, tend to obscure features. A moderate amount of erosion tends to reveal features, while strong erosion is more apt to destroy them. The numbers below refer to the total number of cases in which the relevant feature or condition was present to some degree. DF9 includes ordinal scales for intensity of the effects, ranging from limited to total destruction",Some variable names were changed in order to avoid duplicate variable names. The variable ‘jaguey’ was also present in both condition and archMaterial. The ‘jagueys’ in archMaterials was not changed. The ‘jaguey’ in condition was changed to ‘jagueyMod’ because this variable represents recently man-made jagueys not archaeological remnants.,FALSE,FALSE,FALSE,FALSE,FALSE,TRUE,"SPLIT??? If ""present but unspecified magnitude"" has many values;; Split presence/absence from magnitude"
121,EROSION,erosion,erosion,erosion,V210,condition,Data_condition,Codes_altering_features,Modern Context,Survey Surface Conditions,Land Use Disturbances,-1,TRUE,Integer,Ordinal,TRUE,Ordered,"0=absent or virtually absent; 1=present, but sparse or limited in effects; 2=present in sufficient degree to have considerable effect; 3=present, but degree unspecified; 4=present in sufficient degree to have a very strong effect; 5=present in a degree that amounts to total destruction",Erosion,Presence and effects of erosion.,,,Features affecting condition of site when collection was made,"Erosion. There are 2,270 cases where some degree of erosion was noted, ranging from slight to extreme. [Tabulate numbers of each degree of erosion] Figure 3.x shows cases with more than slight erosion.","Features affecting the condition of site when collection made.  Many of these features, especially any kinds of pits, would tend to make more information about sites visible, including traces of exposed in situ architectural features. Others, such as land leveling, recent buildings, and silting, tend to obscure features. A moderate amount of erosion tends to reveal features, while strong erosion is more apt to destroy them. The numbers below refer to the total number of cases in which the relevant feature or condition was present to some degree. DF9 includes ordinal scales for intensity of the effects, ranging from limited to total destruction",,FALSE,FALSE,FALSE,FALSE,FALSE,TRUE,"SPLIT??? If ""present but unspecified magnitude"" has many values;; Split presence/absence from magnitude"
122,SILTING,silting,silting,silting,V210,condition,Data_condition,Codes_altering_features,Modern Context,Survey Surface Conditions,Land Use Disturbances,-1,TRUE,Integer,Ordinal,TRUE,Ordered,"0=absent or virtually absent; 1=present, but sparse or limited in effects; 2=present in sufficient degree to have considerable effect; 3=present, but degree unspecified; 4=present in sufficient degree to have a very strong effect; 5=present in a degree that amounts to total destruction",Silting,Presence and effects of silting.,,,Features affecting condition of site when collection was made,Silting. Slight to extreme silting was noted in 879 cases [Tabulate by degrees of silting] (Figure 3.x).,"Features affecting the condition of site when collection made.  Many of these features, especially any kinds of pits, would tend to make more information about sites visible, including traces of exposed in situ architectural features. Others, such as land leveling, recent buildings, and silting, tend to obscure features. A moderate amount of erosion tends to reveal features, while strong erosion is more apt to destroy them. The numbers below refer to the total number of cases in which the relevant feature or condition was present to some degree. DF9 includes ordinal scales for intensity of the effects, ranging from limited to total destruction",,FALSE,FALSE,FALSE,FALSE,FALSE,TRUE,"SPLIT??? If ""present but unspecified magnitude"" has many values;; Split presence/absence from magnitude"
123,OBSCSITE,siteAlteration,siteAlteration,siteAlteration,V210,condition,Data_condition,Codes_overallcondition,Modern Context,Survey Surface Conditions,Land Use Disturbances,-1,TRUE,Integer,Ordinal,TRUE,Ordered,0=none or negligible; 1=slight; 2=moderate; 3=considerable; 4=extreme,Overall degree of site alteration,"Degree of site alteration, as the overall result of all features affecting its present condition.",,"""Degree to which the nature of the site has been obscured or altered, as the overall result of all features affecting its present condition""","Degree to which the nature of the site has been obscured or altered, as the overall result of all features affecting its present condition","Degree to which the nature of the site has been obscured or altered.  Simply adding up the codings for data fields 105-122 is not a satisfactory way to assess the overall extent to which the site seemed obscured or altered at the time of survey. Data field 123 is a judgmental assessment of this, based on data fields 105-122 and any other information available, especially in the ""description"" and ""comments"" fields of the SSRs. Judgments on an ordinal scale were ""none or negligible"" (2,954), ""slight"" (593), ""moderate"" (541), ""considerable"" (814), and ""extreme"" (68) (Figure 3.x).","Features affecting the condition of site when collection made.  Many of these features, especially any kinds of pits, would tend to make more information about sites visible, including traces of exposed in situ architectural features. Others, such as land leveling, recent buildings, and silting, tend to obscure features. A moderate amount of erosion tends to reveal features, while strong erosion is more apt to destroy them. The numbers below refer to the total number of cases in which the relevant feature or condition was present to some degree. DF9 includes ordinal scales for intensity of the effects, ranging from limited to total destruction",,FALSE,FALSE,FALSE,FALSE,FALSE,FALSE,
124,SLOPE,slope,slope,slope,V210,description,Data_description,Codes_slope,Modern Context,Survey Surface Conditions,Land Use Disturbances,-1,TRUE,Integer,Ordinal,TRUE,Ordered,0=flat or nearly flat; 1=slight slope; 2=moderate slope; 3=considerable slope; 4=very steep slope,slope,General slope of site surface.,,,General slope of site setting,"General slope of site setting. Cowgill is no longer sure whether much effort was made to standardize the use of terms like ""slight,"" ""moderate,"" and ""considerable"" for this data field. No DF9 cases were coded as occurring on very steep slopes, which is quite accurate according to Cowgill's concept of what counts as ""very steep."" Many sites in Mesoamerica are situated in far more rugged topography than any that occurs within the urban zone of Teotihuacan, most of which is in the range from flat to moderately sloping, with the steepest contexts being in the northwest, on the slopes of Cerros Colorado and Malinalco. In the far south, the land begins to slope upward toward Cerro Patlachique. In the final codings for this data field, some use may have been made of the contours on the field data sheets. In any case, those contours serve as a check on the data field 124 codings. Categories are ""flat or nearly flat"" (448), ""slight slope"" (3,745), ""moderate slope"" (604), and ""considerable slope"" (202) (Figure 3.x).",,,FALSE,FALSE,FALSE,FALSE,FALSE,FALSE,
125,GSWKSHOP,groundstoneField,groundstoneField,groundstoneField,V210,workshop,Data_workshop,Codes_workshopField,Archaeology,Interpretations,Workshops,-1,TRUE,Integer,Nominal? Ordinal?,TRUE,UNK-TBD,"0=nothing special noted in the field; 1=considered an area of concentration, of unspecified character; 2=judged to be a workshop area; 3=some sort of specialized concentration but not a workshop; 4=possible workshop area",Ground stone workshop,"Field judgment about whether the site was a pecked, ground, or polished stone workshop.",,,"Field judgments about whether the site was a workshop. Var.125 probably tells us little except that fieldworkers had an impression there was something unusual about the worked stone remains. For obsidian workshops, **DO NOT USE VAR.126; USE VARS.285-286.** (But var.126 may be of historical interest.)","Field judgments about whether the site was a workshop for pecked, ground, or polished stone. This data field probably tells us little except to identify cases where field crews had the impression that there was something unusual about the stone artifact remains. It should not be used as a basis for making inferences about ground stone industries at Teotihuacan. However, it is probably of value in planning future field studies of this industry at Teotihuacan.",,,FALSE,FALSE,FALSE,FALSE,FALSE,TRUE,SPLIT;; Split observation of concentration from functional interps
126,OBWKSHOP,obsidianField,obsidianField,obsidianField,V210,workshop,Data_workshop,Codes_workshopField,Archaeology,Interpretations,Workshops,-1,TRUE,Integer,Nominal? Ordinal?,TRUE,UNK-TBD,"0=nothing special noted in the field; 1=considered an area of concentration, of unspecified character; 2=judged to be a workshop area; 3=some sort of specialized concentration but not a workshop; 4=possible workshop area",Obsidian workshop,Field judgment about whether the site was an obsidian workshop.,,,"Field judgments about whether the site was a workshop. Var.125 probably tells us little except that fieldworkers had an impression there was something unusual about the worked stone remains. For obsidian workshops, **DO NOT USE VAR.126; USE VARS.285-286.** (But var.126 may be of historical interest.)","Field judgments about whether the site was an obsidian workshop. This data field is of some value for identifying sites where field crews thought there was an unusual concentration of obsidian objects (Figure 3.x). DON’T TRUST IT FOR ANYTHING MORE THAN THAT! Data fields 285-286 are better, but they should not be trusted either.",,,FALSE,FALSE,FALSE,FALSE,FALSE,TRUE,SPLIT;; Split observation of concentration from functional interps
127,MANOS,manos,manos,manos,V210,lithicGround,Data_lithicGround,,Archaeology,Artifact Counts,Lithics - Ground/Polished,-1,FALSE,Integer,Count,FALSE,,,Manos,Counts of mano fragments.,,,"Counts of pecked, ground, or polished stone objects collected. In 1981, Pedro Baños said that he did not recognize slingstones (var.137) nor palettes (var.140), and probably not whetstones (var.139) or anvils (var.143). Very likely, many finds of these objects were not identified as such on the site records, and thus are not coded in DF8. The coders probably also missed a number of occurrences of the less usual stone categories, even when they were noted on the site records.","Manos. 6,545 (Figure 3.x).","Counts of pecked, ground, or polished stone collected. No test has been made to see how uniform practices of field crews were in collecting these frequently heavy and bulky objects. Categories that were recognized by all field crews include manos, metates, mortars (stone molcajetes), pestles (tejolotes), hammer stones (martillos), reworked lajas (fragments of tabular stone, probably originally used in tableros, flaked along one edge to serve as choppers), and ""plastersmoothers."" Mano, metate, mortar, and pestle counts include some that are pre-Teotihuacan and many that are post-Teotihuacan. Work by Castañeda (1976), Cowgill (unpublished), and Biskowski (1986, 1997), relying in part on Blucher (1971) for pre-Teotihuacan, has identified a number of mano and metate types that can be roughly subdivided into predominantly pre-Teotihuacan, Teotihuacan Period, or post-Teotihuacan (especially Aztec), but finer chronological subdivisions have not been made, and no chronological information on these objects is captured in DF9. Rare categories only recognized and recorded in collections analyzed (in the field and later) by James Bennyhoff before his association with the TMP ended in 1966 are ""plumb bobs,"" sling stones, ""whetstones,"" palettes, and anvils. It is likely that counts of some of these categories would have been considerably higher if more TMP analysts had recognized them. Cowgill directed an extensive restudy of many ground stone categories by technicians Pedro Baños and Zeferino Ortega, beginning in the fall of 1984. Parts of the resulting paper records have been put into an electronic file by Biskowski, but most remain in the form of paper data sheets in the possession of Cowgill at ASU, with copies in the Teotihuacan Archaeological Research Center, awaiting further analysis. We list below the counts of fragments of various kinds of stone objects collected by the TMP. ",,FALSE,FALSE,FALSE,FALSE,FALSE,FALSE,
128,METATES,metates,metates,metates,V211,lithicGround,Data_lithicGround,,Archaeology,Artifact Counts,Lithics - Ground/Polished,-1,FALSE,Integer,Count,FALSE,,,Metates,Counts of metate fragments.,,,"Counts of pecked, ground, or polished stone objects collected. In 1981, Pedro Baños said that he did not recognize slingstones (var.137) nor palettes (var.140), and probably not whetstones (var.139) or anvils (var.143). Very likely, many finds of these objects were not identified as such on the site records, and thus are not coded in DF8. The coders probably also missed a number of occurrences of the less usual stone categories, even when they were noted on the site records.","Metates. 6,455 (Figure 3.x).","Counts of pecked, ground, or polished stone collected. No test has been made to see how uniform practices of field crews were in collecting these frequently heavy and bulky objects. Categories that were recognized by all field crews include manos, metates, mortars (stone molcajetes), pestles (tejolotes), hammer stones (martillos), reworked lajas (fragments of tabular stone, probably originally used in tableros, flaked along one edge to serve as choppers), and ""plastersmoothers."" Mano, metate, mortar, and pestle counts include some that are pre-Teotihuacan and many that are post-Teotihuacan. Work by Castañeda (1976), Cowgill (unpublished), and Biskowski (1986, 1997), relying in part on Blucher (1971) for pre-Teotihuacan, has identified a number of mano and metate types that can be roughly subdivided into predominantly pre-Teotihuacan, Teotihuacan Period, or post-Teotihuacan (especially Aztec), but finer chronological subdivisions have not been made, and no chronological information on these objects is captured in DF9. Rare categories only recognized and recorded in collections analyzed (in the field and later) by James Bennyhoff before his association with the TMP ended in 1966 are ""plumb bobs,"" sling stones, ""whetstones,"" palettes, and anvils. It is likely that counts of some of these categories would have been considerably higher if more TMP analysts had recognized them. Cowgill directed an extensive restudy of many ground stone categories by technicians Pedro Baños and Zeferino Ortega, beginning in the fall of 1984. Parts of the resulting paper records have been put into an electronic file by Biskowski, but most remain in the form of paper data sheets in the possession of Cowgill at ASU, with copies in the Teotihuacan Archaeological Research Center, awaiting further analysis. We list below the counts of fragments of various kinds of stone objects collected by the TMP. ",,FALSE,FALSE,FALSE,FALSE,FALSE,FALSE,
129,MORTARS,mortars,mortars,mortars,V211,lithicGround,Data_lithicGround,,Archaeology,Artifact Counts,Lithics - Ground/Polished,-1,FALSE,Integer,Count,FALSE,,,Mortars,Counts of mortar (molcajete) fragments.,,,"Counts of pecked, ground, or polished stone objects collected. In 1981, Pedro Baños said that he did not recognize slingstones (var.137) nor palettes (var.140), and probably not whetstones (var.139) or anvils (var.143). Very likely, many finds of these objects were not identified as such on the site records, and thus are not coded in DF8. The coders probably also missed a number of occurrences of the less usual stone categories, even when they were noted on the site records.","Mortars (molcajetes). 1,194 (Figure 3.x).","Counts of pecked, ground, or polished stone collected. No test has been made to see how uniform practices of field crews were in collecting these frequently heavy and bulky objects. Categories that were recognized by all field crews include manos, metates, mortars (stone molcajetes), pestles (tejolotes), hammer stones (martillos), reworked lajas (fragments of tabular stone, probably originally used in tableros, flaked along one edge to serve as choppers), and ""plastersmoothers."" Mano, metate, mortar, and pestle counts include some that are pre-Teotihuacan and many that are post-Teotihuacan. Work by Castañeda (1976), Cowgill (unpublished), and Biskowski (1986, 1997), relying in part on Blucher (1971) for pre-Teotihuacan, has identified a number of mano and metate types that can be roughly subdivided into predominantly pre-Teotihuacan, Teotihuacan Period, or post-Teotihuacan (especially Aztec), but finer chronological subdivisions have not been made, and no chronological information on these objects is captured in DF9. Rare categories only recognized and recorded in collections analyzed (in the field and later) by James Bennyhoff before his association with the TMP ended in 1966 are ""plumb bobs,"" sling stones, ""whetstones,"" palettes, and anvils. It is likely that counts of some of these categories would have been considerably higher if more TMP analysts had recognized them. Cowgill directed an extensive restudy of many ground stone categories by technicians Pedro Baños and Zeferino Ortega, beginning in the fall of 1984. Parts of the resulting paper records have been put into an electronic file by Biskowski, but most remain in the form of paper data sheets in the possession of Cowgill at ASU, with copies in the Teotihuacan Archaeological Research Center, awaiting further analysis. We list below the counts of fragments of various kinds of stone objects collected by the TMP. ",,FALSE,FALSE,FALSE,FALSE,FALSE,FALSE,
130,PESTLES,pestles,pestles,pestles,V211,lithicGround,Data_lithicGround,,Archaeology,Artifact Counts,Lithics - Ground/Polished,-1,FALSE,Integer,Count,FALSE,,,Pestles,Counts of pestle (tejolote) fragments.,,,"Counts of pecked, ground, or polished stone objects collected. In 1981, Pedro Baños said that he did not recognize slingstones (var.137) nor palettes (var.140), and probably not whetstones (var.139) or anvils (var.143). Very likely, many finds of these objects were not identified as such on the site records, and thus are not coded in DF8. The coders probably also missed a number of occurrences of the less usual stone categories, even when they were noted on the site records.",Pestles (tejolotes). 214 (Figure 3.x).,"Counts of pecked, ground, or polished stone collected. No test has been made to see how uniform practices of field crews were in collecting these frequently heavy and bulky objects. Categories that were recognized by all field crews include manos, metates, mortars (stone molcajetes), pestles (tejolotes), hammer stones (martillos), reworked lajas (fragments of tabular stone, probably originally used in tableros, flaked along one edge to serve as choppers), and ""plastersmoothers."" Mano, metate, mortar, and pestle counts include some that are pre-Teotihuacan and many that are post-Teotihuacan. Work by Castañeda (1976), Cowgill (unpublished), and Biskowski (1986, 1997), relying in part on Blucher (1971) for pre-Teotihuacan, has identified a number of mano and metate types that can be roughly subdivided into predominantly pre-Teotihuacan, Teotihuacan Period, or post-Teotihuacan (especially Aztec), but finer chronological subdivisions have not been made, and no chronological information on these objects is captured in DF9. Rare categories only recognized and recorded in collections analyzed (in the field and later) by James Bennyhoff before his association with the TMP ended in 1966 are ""plumb bobs,"" sling stones, ""whetstones,"" palettes, and anvils. It is likely that counts of some of these categories would have been considerably higher if more TMP analysts had recognized them. Cowgill directed an extensive restudy of many ground stone categories by technicians Pedro Baños and Zeferino Ortega, beginning in the fall of 1984. Parts of the resulting paper records have been put into an electronic file by Biskowski, but most remain in the form of paper data sheets in the possession of Cowgill at ASU, with copies in the Teotihuacan Archaeological Research Center, awaiting further analysis. We list below the counts of fragments of various kinds of stone objects collected by the TMP. ",,FALSE,FALSE,FALSE,FALSE,FALSE,FALSE,
131,PSMOOTHR,plasterSmoothers,plasterSmoothers,plasterSmoothers,V211,lithicGround,Data_lithicGround,,Archaeology,Artifact Counts,Lithics - Ground/Polished,-1,FALSE,Integer,Count,FALSE,,,"""Plaster smoothers""","Counts of ""plaster smoother"" fragments.",,,"Counts of pecked, ground, or polished stone objects collected. In 1981, Pedro Baños said that he did not recognize slingstones (var.137) nor palettes (var.140), and probably not whetstones (var.139) or anvils (var.143). Very likely, many finds of these objects were not identified as such on the site records, and thus are not coded in DF8. The coders probably also missed a number of occurrences of the less usual stone categories, even when they were noted on the site records.","""Plastersmoothers."" 4,240 (Figure 3.x). Most ""plastersmoothers"" are objects of porous lava with a tabular body and a knob handle (Figure 3.x), suitable for some kind of abrading but singularly ill-suited for spreading or smoothing plaster. They may have been used in some stage of building substantial structures, but they remain puzzling. A few ""plastersmoothers"" are objects of denser stone, often with loop handles, (Figure 3.x) that probably had a different use and seem somewhat more likely to have been employed in the building industry. All, or nearly all ""plastersmoothers"" pertain to the Teotihuacan Period.","Counts of pecked, ground, or polished stone collected. No test has been made to see how uniform practices of field crews were in collecting these frequently heavy and bulky objects. Categories that were recognized by all field crews include manos, metates, mortars (stone molcajetes), pestles (tejolotes), hammer stones (martillos), reworked lajas (fragments of tabular stone, probably originally used in tableros, flaked along one edge to serve as choppers), and ""plastersmoothers."" Mano, metate, mortar, and pestle counts include some that are pre-Teotihuacan and many that are post-Teotihuacan. Work by Castañeda (1976), Cowgill (unpublished), and Biskowski (1986, 1997), relying in part on Blucher (1971) for pre-Teotihuacan, has identified a number of mano and metate types that can be roughly subdivided into predominantly pre-Teotihuacan, Teotihuacan Period, or post-Teotihuacan (especially Aztec), but finer chronological subdivisions have not been made, and no chronological information on these objects is captured in DF9. Rare categories only recognized and recorded in collections analyzed (in the field and later) by James Bennyhoff before his association with the TMP ended in 1966 are ""plumb bobs,"" sling stones, ""whetstones,"" palettes, and anvils. It is likely that counts of some of these categories would have been considerably higher if more TMP analysts had recognized them. Cowgill directed an extensive restudy of many ground stone categories by technicians Pedro Baños and Zeferino Ortega, beginning in the fall of 1984. Parts of the resulting paper records have been put into an electronic file by Biskowski, but most remain in the form of paper data sheets in the possession of Cowgill at ASU, with copies in the Teotihuacan Archaeological Research Center, awaiting further analysis. We list below the counts of fragments of various kinds of stone objects collected by the TMP. ",,FALSE,FALSE,FALSE,FALSE,FALSE,FALSE,
132,PLUMBBOB,plumbBobs,plumbBobs,plumbBobs,V211,lithicGround,Data_lithicGround,,Archaeology,Artifact Counts,Lithics - Ground/Polished,-1,FALSE,Integer,Count,FALSE,,,"""Plumb-bobs""","Counts of ""plumb-bob"" fragments.",,,"Counts of pecked, ground, or polished stone objects collected. In 1981, Pedro Baños said that he did not recognize slingstones (var.137) nor palettes (var.140), and probably not whetstones (var.139) or anvils (var.143). Very likely, many finds of these objects were not identified as such on the site records, and thus are not coded in DF8. The coders probably also missed a number of occurrences of the less usual stone categories, even when they were noted on the site records.","""Plumb bobs."" 26 (Figure 3.x). [Describe. Relate to object mentioned by Linné (1942)?]","Counts of pecked, ground, or polished stone collected. No test has been made to see how uniform practices of field crews were in collecting these frequently heavy and bulky objects. Categories that were recognized by all field crews include manos, metates, mortars (stone molcajetes), pestles (tejolotes), hammer stones (martillos), reworked lajas (fragments of tabular stone, probably originally used in tableros, flaked along one edge to serve as choppers), and ""plastersmoothers."" Mano, metate, mortar, and pestle counts include some that are pre-Teotihuacan and many that are post-Teotihuacan. Work by Castañeda (1976), Cowgill (unpublished), and Biskowski (1986, 1997), relying in part on Blucher (1971) for pre-Teotihuacan, has identified a number of mano and metate types that can be roughly subdivided into predominantly pre-Teotihuacan, Teotihuacan Period, or post-Teotihuacan (especially Aztec), but finer chronological subdivisions have not been made, and no chronological information on these objects is captured in DF9. Rare categories only recognized and recorded in collections analyzed (in the field and later) by James Bennyhoff before his association with the TMP ended in 1966 are ""plumb bobs,"" sling stones, ""whetstones,"" palettes, and anvils. It is likely that counts of some of these categories would have been considerably higher if more TMP analysts had recognized them. Cowgill directed an extensive restudy of many ground stone categories by technicians Pedro Baños and Zeferino Ortega, beginning in the fall of 1984. Parts of the resulting paper records have been put into an electronic file by Biskowski, but most remain in the form of paper data sheets in the possession of Cowgill at ASU, with copies in the Teotihuacan Archaeological Research Center, awaiting further analysis. We list below the counts of fragments of various kinds of stone objects collected by the TMP. ",,FALSE,FALSE,FALSE,FALSE,FALSE,FALSE,
133,FIXTWALL,wallFixtures,wallFixSurf,wallFixSurf,V211,lithicGround,Data_lithicGround,,Archaeology,Artifact Counts,Lithics - Ground/Polished,-1,FALSE,Integer,Count,FALSE,,,Wall fixtures,Counts of wall fixture fragments.,,,"Counts of pecked, ground, or polished stone objects collected. In 1981, Pedro Baños said that he did not recognize slingstones (var.137) nor palettes (var.140), and probably not whetstones (var.139) or anvils (var.143). Very likely, many finds of these objects were not identified as such on the site records, and thus are not coded in DF8. The coders probably also missed a number of occurrences of the less usual stone categories, even when they were noted on the site records.",Wall fixtures. 140 (Figure 3.x). [Explain. Relate to data field 33.],"Counts of pecked, ground, or polished stone collected. No test has been made to see how uniform practices of field crews were in collecting these frequently heavy and bulky objects. Categories that were recognized by all field crews include manos, metates, mortars (stone molcajetes), pestles (tejolotes), hammer stones (martillos), reworked lajas (fragments of tabular stone, probably originally used in tableros, flaked along one edge to serve as choppers), and ""plastersmoothers."" Mano, metate, mortar, and pestle counts include some that are pre-Teotihuacan and many that are post-Teotihuacan. Work by Castañeda (1976), Cowgill (unpublished), and Biskowski (1986, 1997), relying in part on Blucher (1971) for pre-Teotihuacan, has identified a number of mano and metate types that can be roughly subdivided into predominantly pre-Teotihuacan, Teotihuacan Period, or post-Teotihuacan (especially Aztec), but finer chronological subdivisions have not been made, and no chronological information on these objects is captured in DF9. Rare categories only recognized and recorded in collections analyzed (in the field and later) by James Bennyhoff before his association with the TMP ended in 1966 are ""plumb bobs,"" sling stones, ""whetstones,"" palettes, and anvils. It is likely that counts of some of these categories would have been considerably higher if more TMP analysts had recognized them. Cowgill directed an extensive restudy of many ground stone categories by technicians Pedro Baños and Zeferino Ortega, beginning in the fall of 1984. Parts of the resulting paper records have been put into an electronic file by Biskowski, but most remain in the form of paper data sheets in the possession of Cowgill at ASU, with copies in the Teotihuacan Archaeological Research Center, awaiting further analysis. We list below the counts of fragments of various kinds of stone objects collected by the TMP. ",Some variable names were changed in order to avoid duplicate variable names. The variable ‘wallFixtures’ was found in both archMaterial and lithicGround. The ‘wallFixtures’ in archMaterial was changed to ‘wallFixSitu’ and the ‘wallFixtures’ in lithicGround was changed to ‘wallFixSurf.’,FALSE,FALSE,TRUE,FALSE,FALSE,FALSE,
134,FIREGODS,fireGods,fireGods,fireGods,V211,lithicGround,Data_lithicGround,,Archaeology,Artifact Counts,Lithics - Ground/Polished,-1,FALSE,Integer,Count,FALSE,,,Firegods,"Counts of ""firegod"" (Huehueteotl) censer fragments.",,,"Counts of pecked, ground, or polished stone objects collected. In 1981, Pedro Baños said that he did not recognize slingstones (var.137) nor palettes (var.140), and probably not whetstones (var.139) or anvils (var.143). Very likely, many finds of these objects were not identified as such on the site records, and thus are not coded in DF8. The coders probably also missed a number of occurrences of the less usual stone categories, even when they were noted on the site records.","Fire gods (Huehueteotls). 33 (Figure 3.x and 3.x). These stone figures of a bent old man with fangs, seated cross-legged and with a bowl on the head, are frequently found in excavations of Teotihuacan apartment compounds, often near the altar in a central courtyard. They are likely associated with ritual at the apartment compound level, involving the multiple households of the compound but probably not groups outside the compound. That is, they are probably an element in the ideational basis for corporate aspects of compounds. Umberger (1987) and López Luján (1989) discuss an interesting Aztec copy and partial reinterpretation of the form.","Counts of pecked, ground, or polished stone collected. No test has been made to see how uniform practices of field crews were in collecting these frequently heavy and bulky objects. Categories that were recognized by all field crews include manos, metates, mortars (stone molcajetes), pestles (tejolotes), hammer stones (martillos), reworked lajas (fragments of tabular stone, probably originally used in tableros, flaked along one edge to serve as choppers), and ""plastersmoothers."" Mano, metate, mortar, and pestle counts include some that are pre-Teotihuacan and many that are post-Teotihuacan. Work by Castañeda (1976), Cowgill (unpublished), and Biskowski (1986, 1997), relying in part on Blucher (1971) for pre-Teotihuacan, has identified a number of mano and metate types that can be roughly subdivided into predominantly pre-Teotihuacan, Teotihuacan Period, or post-Teotihuacan (especially Aztec), but finer chronological subdivisions have not been made, and no chronological information on these objects is captured in DF9. Rare categories only recognized and recorded in collections analyzed (in the field and later) by James Bennyhoff before his association with the TMP ended in 1966 are ""plumb bobs,"" sling stones, ""whetstones,"" palettes, and anvils. It is likely that counts of some of these categories would have been considerably higher if more TMP analysts had recognized them. Cowgill directed an extensive restudy of many ground stone categories by technicians Pedro Baños and Zeferino Ortega, beginning in the fall of 1984. Parts of the resulting paper records have been put into an electronic file by Biskowski, but most remain in the form of paper data sheets in the possession of Cowgill at ASU, with copies in the Teotihuacan Archaeological Research Center, awaiting further analysis. We list below the counts of fragments of various kinds of stone objects collected by the TMP. ",,FALSE,FALSE,FALSE,FALSE,FALSE,FALSE,
135,MSCSTNSC,sculptureFrags,sculptureFrags,sculptureFrags,V211,lithicGround,Data_lithicGround,,Archaeology,Artifact Counts,Lithics - Ground/Polished,-1,FALSE,Integer,Count,FALSE,,,Miscellaneous stone sculpture fragments,Counts of miscellaneous stone sculpture fragments.,,"Do not confuse [lithicGround].[sculptureFrags] with [lithicGround].[groundstoneOther]; the former contains fragments of stone sculpture, the latter stone objects, presumably mostly artifact fragments, which coders could not fit with the other [lithicGround] categories.","Counts of pecked, ground, or polished stone objects collected. In 1981, Pedro Baños said that he did not recognize slingstones (var.137) nor palettes (var.140), and probably not whetstones (var.139) or anvils (var.143). Very likely, many finds of these objects were not identified as such on the site records, and thus are not coded in DF8. The coders probably also missed a number of occurrences of the less usual stone categories, even when they were noted on the site records.","Miscellaneous stone sculpture fragments. 113 (Figure 3.x). There is more stone sculpture at Teotihuacan than is generally recognized, and it merits more systematic study.","Counts of pecked, ground, or polished stone collected. No test has been made to see how uniform practices of field crews were in collecting these frequently heavy and bulky objects. Categories that were recognized by all field crews include manos, metates, mortars (stone molcajetes), pestles (tejolotes), hammer stones (martillos), reworked lajas (fragments of tabular stone, probably originally used in tableros, flaked along one edge to serve as choppers), and ""plastersmoothers."" Mano, metate, mortar, and pestle counts include some that are pre-Teotihuacan and many that are post-Teotihuacan. Work by Castañeda (1976), Cowgill (unpublished), and Biskowski (1986, 1997), relying in part on Blucher (1971) for pre-Teotihuacan, has identified a number of mano and metate types that can be roughly subdivided into predominantly pre-Teotihuacan, Teotihuacan Period, or post-Teotihuacan (especially Aztec), but finer chronological subdivisions have not been made, and no chronological information on these objects is captured in DF9. Rare categories only recognized and recorded in collections analyzed (in the field and later) by James Bennyhoff before his association with the TMP ended in 1966 are ""plumb bobs,"" sling stones, ""whetstones,"" palettes, and anvils. It is likely that counts of some of these categories would have been considerably higher if more TMP analysts had recognized them. Cowgill directed an extensive restudy of many ground stone categories by technicians Pedro Baños and Zeferino Ortega, beginning in the fall of 1984. Parts of the resulting paper records have been put into an electronic file by Biskowski, but most remain in the form of paper data sheets in the possession of Cowgill at ASU, with copies in the Teotihuacan Archaeological Research Center, awaiting further analysis. We list below the counts of fragments of various kinds of stone objects collected by the TMP. ",,FALSE,FALSE,FALSE,FALSE,FALSE,FALSE,
136,HAMMERS,hammerStones,hammerStones,hammerStones,V211,lithicGround,Data_lithicGround,,Archaeology,Artifact Counts,Lithics - Ground/Polished,-1,FALSE,Integer,Count,FALSE,,,Hammer stones,Counts of hammer stone (martillo) fragments.,,,"Counts of pecked, ground, or polished stone objects collected. In 1981, Pedro Baños said that he did not recognize slingstones (var.137) nor palettes (var.140), and probably not whetstones (var.139) or anvils (var.143). Very likely, many finds of these objects were not identified as such on the site records, and thus are not coded in DF8. The coders probably also missed a number of occurrences of the less usual stone categories, even when they were noted on the site records.","Hammer stones (martillos). 3,067 (Figure 3.x). These are roundish stones with battered surfaces that indicate they had been used for pounding.","Counts of pecked, ground, or polished stone collected. No test has been made to see how uniform practices of field crews were in collecting these frequently heavy and bulky objects. Categories that were recognized by all field crews include manos, metates, mortars (stone molcajetes), pestles (tejolotes), hammer stones (martillos), reworked lajas (fragments of tabular stone, probably originally used in tableros, flaked along one edge to serve as choppers), and ""plastersmoothers."" Mano, metate, mortar, and pestle counts include some that are pre-Teotihuacan and many that are post-Teotihuacan. Work by Castañeda (1976), Cowgill (unpublished), and Biskowski (1986, 1997), relying in part on Blucher (1971) for pre-Teotihuacan, has identified a number of mano and metate types that can be roughly subdivided into predominantly pre-Teotihuacan, Teotihuacan Period, or post-Teotihuacan (especially Aztec), but finer chronological subdivisions have not been made, and no chronological information on these objects is captured in DF9. Rare categories only recognized and recorded in collections analyzed (in the field and later) by James Bennyhoff before his association with the TMP ended in 1966 are ""plumb bobs,"" sling stones, ""whetstones,"" palettes, and anvils. It is likely that counts of some of these categories would have been considerably higher if more TMP analysts had recognized them. Cowgill directed an extensive restudy of many ground stone categories by technicians Pedro Baños and Zeferino Ortega, beginning in the fall of 1984. Parts of the resulting paper records have been put into an electronic file by Biskowski, but most remain in the form of paper data sheets in the possession of Cowgill at ASU, with copies in the Teotihuacan Archaeological Research Center, awaiting further analysis. We list below the counts of fragments of various kinds of stone objects collected by the TMP. ",,FALSE,FALSE,FALSE,FALSE,FALSE,FALSE,
137,SLINGSTN,slingStones,slingStones,slingStones,V211,lithicGround,Data_lithicGround,,Archaeology,Artifact Counts,Lithics - Ground/Polished,-1,FALSE,Integer,Count,FALSE,,,Slingstones,Counts of slingstone fragments.,,,"Counts of pecked, ground, or polished stone objects collected. In 1981, Pedro Baños said that he did not recognize slingstones (var.137) nor palettes (var.140), and probably not whetstones (var.139) or anvils (var.143). Very likely, many finds of these objects were not identified as such on the site records, and thus are not coded in DF8. The coders probably also missed a number of occurrences of the less usual stone categories, even when they were noted on the site records.",Sling stones. 21 (Figure 3.x). This category was only recognized by Bennyhoff. Probably many more exist in the TMP collections.,"Counts of pecked, ground, or polished stone collected. No test has been made to see how uniform practices of field crews were in collecting these frequently heavy and bulky objects. Categories that were recognized by all field crews include manos, metates, mortars (stone molcajetes), pestles (tejolotes), hammer stones (martillos), reworked lajas (fragments of tabular stone, probably originally used in tableros, flaked along one edge to serve as choppers), and ""plastersmoothers."" Mano, metate, mortar, and pestle counts include some that are pre-Teotihuacan and many that are post-Teotihuacan. Work by Castañeda (1976), Cowgill (unpublished), and Biskowski (1986, 1997), relying in part on Blucher (1971) for pre-Teotihuacan, has identified a number of mano and metate types that can be roughly subdivided into predominantly pre-Teotihuacan, Teotihuacan Period, or post-Teotihuacan (especially Aztec), but finer chronological subdivisions have not been made, and no chronological information on these objects is captured in DF9. Rare categories only recognized and recorded in collections analyzed (in the field and later) by James Bennyhoff before his association with the TMP ended in 1966 are ""plumb bobs,"" sling stones, ""whetstones,"" palettes, and anvils. It is likely that counts of some of these categories would have been considerably higher if more TMP analysts had recognized them. Cowgill directed an extensive restudy of many ground stone categories by technicians Pedro Baños and Zeferino Ortega, beginning in the fall of 1984. Parts of the resulting paper records have been put into an electronic file by Biskowski, but most remain in the form of paper data sheets in the possession of Cowgill at ASU, with copies in the Teotihuacan Archaeological Research Center, awaiting further analysis. We list below the counts of fragments of various kinds of stone objects collected by the TMP. ",,FALSE,FALSE,FALSE,FALSE,FALSE,FALSE,
138,SMTHSTN,smoothStones,smoothStones,smoothStones,V211,lithicGround,Data_lithicGround,,Archaeology,Artifact Counts,Lithics - Ground/Polished,-1,FALSE,Integer,Count,FALSE,,,Smoothing/rubbing stones,Counts of smoothing/rubbing stone fragments.,,,"Counts of pecked, ground, or polished stone objects collected. In 1981, Pedro Baños said that he did not recognize slingstones (var.137) nor palettes (var.140), and probably not whetstones (var.139) or anvils (var.143). Very likely, many finds of these objects were not identified as such on the site records, and thus are not coded in DF8. The coders probably also missed a number of occurrences of the less usual stone categories, even when they were noted on the site records.",Smoothing/rubbing stones. 308 (Figure 3.x). These are roundish and usually rather dense stones with one or more surfaces smoothed by use as a polishing implement. Some of these may have been used in making pottery; others perhaps in polishing plastered walls and floors.,"Counts of pecked, ground, or polished stone collected. No test has been made to see how uniform practices of field crews were in collecting these frequently heavy and bulky objects. Categories that were recognized by all field crews include manos, metates, mortars (stone molcajetes), pestles (tejolotes), hammer stones (martillos), reworked lajas (fragments of tabular stone, probably originally used in tableros, flaked along one edge to serve as choppers), and ""plastersmoothers."" Mano, metate, mortar, and pestle counts include some that are pre-Teotihuacan and many that are post-Teotihuacan. Work by Castañeda (1976), Cowgill (unpublished), and Biskowski (1986, 1997), relying in part on Blucher (1971) for pre-Teotihuacan, has identified a number of mano and metate types that can be roughly subdivided into predominantly pre-Teotihuacan, Teotihuacan Period, or post-Teotihuacan (especially Aztec), but finer chronological subdivisions have not been made, and no chronological information on these objects is captured in DF9. Rare categories only recognized and recorded in collections analyzed (in the field and later) by James Bennyhoff before his association with the TMP ended in 1966 are ""plumb bobs,"" sling stones, ""whetstones,"" palettes, and anvils. It is likely that counts of some of these categories would have been considerably higher if more TMP analysts had recognized them. Cowgill directed an extensive restudy of many ground stone categories by technicians Pedro Baños and Zeferino Ortega, beginning in the fall of 1984. Parts of the resulting paper records have been put into an electronic file by Biskowski, but most remain in the form of paper data sheets in the possession of Cowgill at ASU, with copies in the Teotihuacan Archaeological Research Center, awaiting further analysis. We list below the counts of fragments of various kinds of stone objects collected by the TMP. ",,FALSE,FALSE,FALSE,FALSE,FALSE,FALSE,
139,WHETSTN,whetStones,whetStones,whetStones,V211,lithicGround,Data_lithicGround,,Archaeology,Artifact Counts,Lithics - Ground/Polished,-1,FALSE,Integer,Count,FALSE,,,Whetstones,Counts of whetstone fragments.,,,"Counts of pecked, ground, or polished stone objects collected. In 1981, Pedro Baños said that he did not recognize slingstones (var.137) nor palettes (var.140), and probably not whetstones (var.139) or anvils (var.143). Very likely, many finds of these objects were not identified as such on the site records, and thus are not coded in DF8. The coders probably also missed a number of occurrences of the less usual stone categories, even when they were noted on the site records.","""Whetstones."" 12 (Figure 3.x). This category was probably only recognized by Bennyhoff.","Counts of pecked, ground, or polished stone collected. No test has been made to see how uniform practices of field crews were in collecting these frequently heavy and bulky objects. Categories that were recognized by all field crews include manos, metates, mortars (stone molcajetes), pestles (tejolotes), hammer stones (martillos), reworked lajas (fragments of tabular stone, probably originally used in tableros, flaked along one edge to serve as choppers), and ""plastersmoothers."" Mano, metate, mortar, and pestle counts include some that are pre-Teotihuacan and many that are post-Teotihuacan. Work by Castañeda (1976), Cowgill (unpublished), and Biskowski (1986, 1997), relying in part on Blucher (1971) for pre-Teotihuacan, has identified a number of mano and metate types that can be roughly subdivided into predominantly pre-Teotihuacan, Teotihuacan Period, or post-Teotihuacan (especially Aztec), but finer chronological subdivisions have not been made, and no chronological information on these objects is captured in DF9. Rare categories only recognized and recorded in collections analyzed (in the field and later) by James Bennyhoff before his association with the TMP ended in 1966 are ""plumb bobs,"" sling stones, ""whetstones,"" palettes, and anvils. It is likely that counts of some of these categories would have been considerably higher if more TMP analysts had recognized them. Cowgill directed an extensive restudy of many ground stone categories by technicians Pedro Baños and Zeferino Ortega, beginning in the fall of 1984. Parts of the resulting paper records have been put into an electronic file by Biskowski, but most remain in the form of paper data sheets in the possession of Cowgill at ASU, with copies in the Teotihuacan Archaeological Research Center, awaiting further analysis. We list below the counts of fragments of various kinds of stone objects collected by the TMP. ",,FALSE,FALSE,FALSE,FALSE,FALSE,FALSE,
140,PALETTES,palettes,palettes,palettes,V212,lithicGround,Data_lithicGround,,Archaeology,Artifact Counts,Lithics - Ground/Polished,-1,FALSE,Integer,Count,FALSE,,,Palettes,Counts of palette fragments.,,,"Counts of pecked, ground, or polished stone objects collected. In 1981, Pedro Baños said that he did not recognize slingstones (var.137) nor palettes (var.140), and probably not whetstones (var.139) or anvils (var.143). Very likely, many finds of these objects were not identified as such on the site records, and thus are not coded in DF8. The coders probably also missed a number of occurrences of the less usual stone categories, even when they were noted on the site records.",Palettes. 40 (Figure 3.x). A category only recognized by Bennyhoff. [Describe to the extent possible.],"Counts of pecked, ground, or polished stone collected. No test has been made to see how uniform practices of field crews were in collecting these frequently heavy and bulky objects. Categories that were recognized by all field crews include manos, metates, mortars (stone molcajetes), pestles (tejolotes), hammer stones (martillos), reworked lajas (fragments of tabular stone, probably originally used in tableros, flaked along one edge to serve as choppers), and ""plastersmoothers."" Mano, metate, mortar, and pestle counts include some that are pre-Teotihuacan and many that are post-Teotihuacan. Work by Castañeda (1976), Cowgill (unpublished), and Biskowski (1986, 1997), relying in part on Blucher (1971) for pre-Teotihuacan, has identified a number of mano and metate types that can be roughly subdivided into predominantly pre-Teotihuacan, Teotihuacan Period, or post-Teotihuacan (especially Aztec), but finer chronological subdivisions have not been made, and no chronological information on these objects is captured in DF9. Rare categories only recognized and recorded in collections analyzed (in the field and later) by James Bennyhoff before his association with the TMP ended in 1966 are ""plumb bobs,"" sling stones, ""whetstones,"" palettes, and anvils. It is likely that counts of some of these categories would have been considerably higher if more TMP analysts had recognized them. Cowgill directed an extensive restudy of many ground stone categories by technicians Pedro Baños and Zeferino Ortega, beginning in the fall of 1984. Parts of the resulting paper records have been put into an electronic file by Biskowski, but most remain in the form of paper data sheets in the possession of Cowgill at ASU, with copies in the Teotihuacan Archaeological Research Center, awaiting further analysis. We list below the counts of fragments of various kinds of stone objects collected by the TMP. ",,FALSE,FALSE,FALSE,FALSE,FALSE,FALSE,
141,CELTS,celts,celts,celts,V212,lithicGround,Data_lithicGround,,Archaeology,Artifact Counts,Lithics - Ground/Polished,-1,FALSE,Integer,Count,FALSE,,,Celts,Counts of celt fragments.,,Category no longer used,"Counts of pecked, ground, or polished stone objects collected. In 1981, Pedro Baños said that he did not recognize slingstones (var.137) nor palettes (var.140), and probably not whetstones (var.139) or anvils (var.143). Very likely, many finds of these objects were not identified as such on the site records, and thus are not coded in DF8. The coders probably also missed a number of occurrences of the less usual stone categories, even when they were noted on the site records.","Celts. None, or at least none recorded as such. It is noteworthy that ground stone axes and celts are virtually absent at Teotihuacan (a fact already commented on by Sigvald Linné [1942]), and none were recorded by the TMP. Also absent, or at least not recognized, are any non-perishable agricultural implements, such as stone hoes. These absences are quite puzzling.","Counts of pecked, ground, or polished stone collected. No test has been made to see how uniform practices of field crews were in collecting these frequently heavy and bulky objects. Categories that were recognized by all field crews include manos, metates, mortars (stone molcajetes), pestles (tejolotes), hammer stones (martillos), reworked lajas (fragments of tabular stone, probably originally used in tableros, flaked along one edge to serve as choppers), and ""plastersmoothers."" Mano, metate, mortar, and pestle counts include some that are pre-Teotihuacan and many that are post-Teotihuacan. Work by Castañeda (1976), Cowgill (unpublished), and Biskowski (1986, 1997), relying in part on Blucher (1971) for pre-Teotihuacan, has identified a number of mano and metate types that can be roughly subdivided into predominantly pre-Teotihuacan, Teotihuacan Period, or post-Teotihuacan (especially Aztec), but finer chronological subdivisions have not been made, and no chronological information on these objects is captured in DF9. Rare categories only recognized and recorded in collections analyzed (in the field and later) by James Bennyhoff before his association with the TMP ended in 1966 are ""plumb bobs,"" sling stones, ""whetstones,"" palettes, and anvils. It is likely that counts of some of these categories would have been considerably higher if more TMP analysts had recognized them. Cowgill directed an extensive restudy of many ground stone categories by technicians Pedro Baños and Zeferino Ortega, beginning in the fall of 1984. Parts of the resulting paper records have been put into an electronic file by Biskowski, but most remain in the form of paper data sheets in the possession of Cowgill at ASU, with copies in the Teotihuacan Archaeological Research Center, awaiting further analysis. We list below the counts of fragments of various kinds of stone objects collected by the TMP. ",,FALSE,FALSE,FALSE,FALSE,FALSE,FALSE,
142,RWKDLAJA,lajasReworked,lajasReworked,lajasReworked,V212,lithicGround,Data_lithicGround,,Archaeology,Artifact Counts,Lithics - Ground/Polished,-1,FALSE,Integer,Count,FALSE,,,Reworked lajas,Counts of reworked laja fragments.,,,"Counts of pecked, ground, or polished stone objects collected. In 1981, Pedro Baños said that he did not recognize slingstones (var.137) nor palettes (var.140), and probably not whetstones (var.139) or anvils (var.143). Very likely, many finds of these objects were not identified as such on the site records, and thus are not coded in DF8. The coders probably also missed a number of occurrences of the less usual stone categories, even when they were noted on the site records.","Reworked lajas. 691 (Figure 3.x). Reworked laja choppers could have been used for some fairly heavy cutting, but it is hard to see how they could have been hafted. Unworked lajas indicative of architectural tableros are recorded in data field 19.","Counts of pecked, ground, or polished stone collected. No test has been made to see how uniform practices of field crews were in collecting these frequently heavy and bulky objects. Categories that were recognized by all field crews include manos, metates, mortars (stone molcajetes), pestles (tejolotes), hammer stones (martillos), reworked lajas (fragments of tabular stone, probably originally used in tableros, flaked along one edge to serve as choppers), and ""plastersmoothers."" Mano, metate, mortar, and pestle counts include some that are pre-Teotihuacan and many that are post-Teotihuacan. Work by Castañeda (1976), Cowgill (unpublished), and Biskowski (1986, 1997), relying in part on Blucher (1971) for pre-Teotihuacan, has identified a number of mano and metate types that can be roughly subdivided into predominantly pre-Teotihuacan, Teotihuacan Period, or post-Teotihuacan (especially Aztec), but finer chronological subdivisions have not been made, and no chronological information on these objects is captured in DF9. Rare categories only recognized and recorded in collections analyzed (in the field and later) by James Bennyhoff before his association with the TMP ended in 1966 are ""plumb bobs,"" sling stones, ""whetstones,"" palettes, and anvils. It is likely that counts of some of these categories would have been considerably higher if more TMP analysts had recognized them. Cowgill directed an extensive restudy of many ground stone categories by technicians Pedro Baños and Zeferino Ortega, beginning in the fall of 1984. Parts of the resulting paper records have been put into an electronic file by Biskowski, but most remain in the form of paper data sheets in the possession of Cowgill at ASU, with copies in the Teotihuacan Archaeological Research Center, awaiting further analysis. We list below the counts of fragments of various kinds of stone objects collected by the TMP. ",,FALSE,FALSE,FALSE,FALSE,FALSE,FALSE,
143,ANVILS,anvils,anvils,anvils,V212,lithicGround,Data_lithicGround,,Archaeology,Artifact Counts,Lithics - Ground/Polished,-1,FALSE,Integer,Count,FALSE,,,Anvils,Counts of anvil fragments.,,,"Counts of pecked, ground, or polished stone objects collected. In 1981, Pedro Baños said that he did not recognize slingstones (var.137) nor palettes (var.140), and probably not whetstones (var.139) or anvils (var.143). Very likely, many finds of these objects were not identified as such on the site records, and thus are not coded in DF8. The coders probably also missed a number of occurrences of the less usual stone categories, even when they were noted on the site records.",Anvils. 8 (Figure 3.x). These are relatively large stones with battering indicating they had been pounded on with other hard objects. This category was probably only recognized by Bennyhoff.,"Counts of pecked, ground, or polished stone collected. No test has been made to see how uniform practices of field crews were in collecting these frequently heavy and bulky objects. Categories that were recognized by all field crews include manos, metates, mortars (stone molcajetes), pestles (tejolotes), hammer stones (martillos), reworked lajas (fragments of tabular stone, probably originally used in tableros, flaked along one edge to serve as choppers), and ""plastersmoothers."" Mano, metate, mortar, and pestle counts include some that are pre-Teotihuacan and many that are post-Teotihuacan. Work by Castañeda (1976), Cowgill (unpublished), and Biskowski (1986, 1997), relying in part on Blucher (1971) for pre-Teotihuacan, has identified a number of mano and metate types that can be roughly subdivided into predominantly pre-Teotihuacan, Teotihuacan Period, or post-Teotihuacan (especially Aztec), but finer chronological subdivisions have not been made, and no chronological information on these objects is captured in DF9. Rare categories only recognized and recorded in collections analyzed (in the field and later) by James Bennyhoff before his association with the TMP ended in 1966 are ""plumb bobs,"" sling stones, ""whetstones,"" palettes, and anvils. It is likely that counts of some of these categories would have been considerably higher if more TMP analysts had recognized them. Cowgill directed an extensive restudy of many ground stone categories by technicians Pedro Baños and Zeferino Ortega, beginning in the fall of 1984. Parts of the resulting paper records have been put into an electronic file by Biskowski, but most remain in the form of paper data sheets in the possession of Cowgill at ASU, with copies in the Teotihuacan Archaeological Research Center, awaiting further analysis. We list below the counts of fragments of various kinds of stone objects collected by the TMP. ",,FALSE,FALSE,FALSE,FALSE,FALSE,FALSE,
144,DRAINS,drains,drainSurface,drainSurf,V212,lithicGround,Data_lithicGround,,Archaeology,Artifact Counts,Lithics - Ground/Polished,-1,FALSE,Integer,Count,FALSE,,,Drains,Counts of drain fragments.,,,"Counts of pecked, ground, or polished stone objects collected. In 1981, Pedro Baños said that he did not recognize slingstones (var.137) nor palettes (var.140), and probably not whetstones (var.139) or anvils (var.143). Very likely, many finds of these objects were not identified as such on the site records, and thus are not coded in DF8. The coders probably also missed a number of occurrences of the less usual stone categories, even when they were noted on the site records.",Drains. 54 (Figure 3.x). These are fragments judged to have been parts of the stone drains that underlay Teotihuacan apartment compound floors. See also data field 32.,"Counts of pecked, ground, or polished stone collected. No test has been made to see how uniform practices of field crews were in collecting these frequently heavy and bulky objects. Categories that were recognized by all field crews include manos, metates, mortars (stone molcajetes), pestles (tejolotes), hammer stones (martillos), reworked lajas (fragments of tabular stone, probably originally used in tableros, flaked along one edge to serve as choppers), and ""plastersmoothers."" Mano, metate, mortar, and pestle counts include some that are pre-Teotihuacan and many that are post-Teotihuacan. Work by Castañeda (1976), Cowgill (unpublished), and Biskowski (1986, 1997), relying in part on Blucher (1971) for pre-Teotihuacan, has identified a number of mano and metate types that can be roughly subdivided into predominantly pre-Teotihuacan, Teotihuacan Period, or post-Teotihuacan (especially Aztec), but finer chronological subdivisions have not been made, and no chronological information on these objects is captured in DF9. Rare categories only recognized and recorded in collections analyzed (in the field and later) by James Bennyhoff before his association with the TMP ended in 1966 are ""plumb bobs,"" sling stones, ""whetstones,"" palettes, and anvils. It is likely that counts of some of these categories would have been considerably higher if more TMP analysts had recognized them. Cowgill directed an extensive restudy of many ground stone categories by technicians Pedro Baños and Zeferino Ortega, beginning in the fall of 1984. Parts of the resulting paper records have been put into an electronic file by Biskowski, but most remain in the form of paper data sheets in the possession of Cowgill at ASU, with copies in the Teotihuacan Archaeological Research Center, awaiting further analysis. We list below the counts of fragments of various kinds of stone objects collected by the TMP. ",Some variable names were changed in order to avoid duplicate variable names. The variable ‘drains’ was found in two of the DF9 crosstab tables: archMaterials and lithicGround. The variable ‘drains’ in the archMaterials table was changed to drainSitu to represent that this variable represents drains identified in situ during survey. The variable ‘drains’ in the lithicGround table was changed to drainSurface to represent that this variable represents drain remnants found on the surface during survey.,FALSE,FALSE,TRUE,FALSE,FALSE,FALSE,
145,DRAINCVR,drainCovers,drainCovers,drainCovers,V212,lithicGround,Data_lithicGround,,Archaeology,Artifact Counts,Lithics - Ground/Polished,-1,FALSE,Integer,Count,FALSE,,,Drain covers and stoppers,Counts of drain cover and stopper fragments.,,,"Counts of pecked, ground, or polished stone objects collected. In 1981, Pedro Baños said that he did not recognize slingstones (var.137) nor palettes (var.140), and probably not whetstones (var.139) or anvils (var.143). Very likely, many finds of these objects were not identified as such on the site records, and thus are not coded in DF8. The coders probably also missed a number of occurrences of the less usual stone categories, even when they were noted on the site records.","Drain covers and stoppers. 53 (Figure 3.x). These are flat stones with perforations in the center that were embedded in Teotihuacan floors in courtyards and patios to serve as entrances to sub-floor drains, and the stone plugs that served as stoppers for these drain covers.","Counts of pecked, ground, or polished stone collected. No test has been made to see how uniform practices of field crews were in collecting these frequently heavy and bulky objects. Categories that were recognized by all field crews include manos, metates, mortars (stone molcajetes), pestles (tejolotes), hammer stones (martillos), reworked lajas (fragments of tabular stone, probably originally used in tableros, flaked along one edge to serve as choppers), and ""plastersmoothers."" Mano, metate, mortar, and pestle counts include some that are pre-Teotihuacan and many that are post-Teotihuacan. Work by Castañeda (1976), Cowgill (unpublished), and Biskowski (1986, 1997), relying in part on Blucher (1971) for pre-Teotihuacan, has identified a number of mano and metate types that can be roughly subdivided into predominantly pre-Teotihuacan, Teotihuacan Period, or post-Teotihuacan (especially Aztec), but finer chronological subdivisions have not been made, and no chronological information on these objects is captured in DF9. Rare categories only recognized and recorded in collections analyzed (in the field and later) by James Bennyhoff before his association with the TMP ended in 1966 are ""plumb bobs,"" sling stones, ""whetstones,"" palettes, and anvils. It is likely that counts of some of these categories would have been considerably higher if more TMP analysts had recognized them. Cowgill directed an extensive restudy of many ground stone categories by technicians Pedro Baños and Zeferino Ortega, beginning in the fall of 1984. Parts of the resulting paper records have been put into an electronic file by Biskowski, but most remain in the form of paper data sheets in the possession of Cowgill at ASU, with copies in the Teotihuacan Archaeological Research Center, awaiting further analysis. We list below the counts of fragments of various kinds of stone objects collected by the TMP. ",,FALSE,FALSE,FALSE,FALSE,FALSE,FALSE,
146,OTHERGS,groundstoneOther,groundstoneOther,groundstoneOther,V212,lithicGround,Data_lithicGround,,Archaeology,Artifact Counts,Lithics - Ground/Polished,-1,FALSE,Integer,Count,FALSE,,,"Other pecked, ground, or polished stone","Counts of other pecked, ground, or polished stone fragments.",,"Do not confuse [lithicGround].[sculptureFrags] with [lithicGround].[groundstoneOther]; the former contains fragments of stone sculpture, the latter stone objects, presumably mostly artifact fragments, which coders could not fit with the other [lithicGround] categories.","Counts of pecked, ground, or polished stone objects collected. In 1981, Pedro Baños said that he did not recognize slingstones (var.137) nor palettes (var.140), and probably not whetstones (var.139) or anvils (var.143). Very likely, many finds of these objects were not identified as such on the site records, and thus are not coded in DF8. The coders probably also missed a number of occurrences of the less usual stone categories, even when they were noted on the site records.","Other pecked, ground, or polished stone. 1,382 (Figure 3.x). This is a catch-all for stone objects that coders could not fit into any of the categories represented by data fields 127-145.","Counts of pecked, ground, or polished stone collected. No test has been made to see how uniform practices of field crews were in collecting these frequently heavy and bulky objects. Categories that were recognized by all field crews include manos, metates, mortars (stone molcajetes), pestles (tejolotes), hammer stones (martillos), reworked lajas (fragments of tabular stone, probably originally used in tableros, flaked along one edge to serve as choppers), and ""plastersmoothers."" Mano, metate, mortar, and pestle counts include some that are pre-Teotihuacan and many that are post-Teotihuacan. Work by Castañeda (1976), Cowgill (unpublished), and Biskowski (1986, 1997), relying in part on Blucher (1971) for pre-Teotihuacan, has identified a number of mano and metate types that can be roughly subdivided into predominantly pre-Teotihuacan, Teotihuacan Period, or post-Teotihuacan (especially Aztec), but finer chronological subdivisions have not been made, and no chronological information on these objects is captured in DF9. Rare categories only recognized and recorded in collections analyzed (in the field and later) by James Bennyhoff before his association with the TMP ended in 1966 are ""plumb bobs,"" sling stones, ""whetstones,"" palettes, and anvils. It is likely that counts of some of these categories would have been considerably higher if more TMP analysts had recognized them. Cowgill directed an extensive restudy of many ground stone categories by technicians Pedro Baños and Zeferino Ortega, beginning in the fall of 1984. Parts of the resulting paper records have been put into an electronic file by Biskowski, but most remain in the form of paper data sheets in the possession of Cowgill at ASU, with copies in the Teotihuacan Archaeological Research Center, awaiting further analysis. We list below the counts of fragments of various kinds of stone objects collected by the TMP. ",,FALSE,FALSE,FALSE,FALSE,FALSE,FALSE,
147,OBSITOTS,obsidianTot,obsidianTot,obsidianTot,V401,lithicFlaked,Data_lithicFlaked,,Archaeology,Artifact Counts,Lithics - Flaked,-1,FALSE,Integer,Count,FALSE,,,Total obsidian,Total obsidian counts.,,,"Total obsidian. The counts for **total obsidian, blades, bifacials (points + knives), and cores** are probably pretty good. In sum, **vars.147, 148, 151+153, and 152** should be good.",Total obsidian,"Obsidian category counts.  DF9 records a total of over 230,293 obsidian objects, of which the most abundant categories are waste, prismatic blades, scrapers, bifacial points/knives, and polyhedral cores. Regrettably and, in retrospect, quite oddly,  the SSRs and DF9 do not include distinctions between green obsidian (mostly from the Cerro de las Navajas source near Pachuca, about 55 km away), gray obsidian (nearly all from the nearby source near Otumba), and any unusual obsidian that might be from other sources. Tabulations making these distinction may exist in the possession of Michael Spence (ask him!). Some other obsidian data missing from earlier versions of DF8 and DF9 was provided by Spence in 1982. Unfortunately, the existing obsidian counts in DF9 are a mix of counts of categories as defined by Spence as of 1982 and tabulations based on category definitions used by various TMP personnel earlier, and it is not easy (impossible?) to tell which criteria are represented in specific DF9 cases. Personal communications from Spence suggest the following: (1) Data fields 151 and 153 (""points"" and ""knives"") are probably best thought of as a combined ""bifacial"" category (total 16,724, Figure 3.x), because the point/knife distinction is probably not very accurately reflected in DF9 counts. Spence tends to put more bifaces under ""knives"" than the field crews did. (2) The counts for total obsidian (data field 147, Figure 3.x), prismatic blades (data field 148, 72,351, Figure 3.x)), bifacials (points plus knives), and polyhedral cores (data field 152, 8,598, Figure 3.x) are probably pretty good. (3) Spence feels that field crews tended to miss quite a few scrapers (data field 150, 29,390, Figure 3.x) and put them into ""waste"" (data field 149, 89,427, Figure 3.x). This is particularly true of what Spence calls ""amorphous scrapers."" (4) Some prismatic blades were also missed by field crews and counted as ""waste"" and so were many nodule fragments (data field 157, 2,931, Figure 3.x). Cowgill believes that Spence counts anything still showing some outer cortex under ""nodules"" rather than ""waste."" (5) Utilized flakes were handled erratically in the field analyses, and this makes data field 156 pretty useless. Data field 154 (eccentrics, including figurines, 99, Figure 3.x) is probably pretty good, although coders may have missed some cases in going from the SSRs to the code sheets. All the above remarks apply to the success with which DF9 captures the information in the collections actually made by field crews. A separate issue is the extent to which different field crews had differing tendencies to make large or small obsidian collections and the extent to which they collected abundant but perhaps less interesting categories, such as ""waste."" [Spence may have data bearing on these issues.] ",,FALSE,FALSE,FALSE,FALSE,FALSE,FALSE,
148,OBSIBLDS,obsidianBlades,obsidianBlades,obsidianBlades,V301,lithicFlaked,Data_lithicFlaked,,Archaeology,Artifact Counts,Lithics - Flaked,-1,FALSE,Integer,Count,FALSE,,,Obsidian prismatic blades,Counts of obsidian prismatic blades.,,,"Prismatic blades. The counts for **total obsidian, blades, bifacials (points + knives), and cores** are probably pretty good. Some blades were also missed and counted as waste, and so were many nodule fragments. I believe Mike counts anything still showing some outer cortex under nodules rather than under waste. In sum, **vars.147, 148, 151+153, and 152** should be good.",Prismatic blades. ,"Obsidian category counts.  DF9 records a total of over 230,293 obsidian objects, of which the most abundant categories are waste, prismatic blades, scrapers, bifacial points/knives, and polyhedral cores. Regrettably and, in retrospect, quite oddly,  the SSRs and DF9 do not include distinctions between green obsidian (mostly from the Cerro de las Navajas source near Pachuca, about 55 km away), gray obsidian (nearly all from the nearby source near Otumba), and any unusual obsidian that might be from other sources. Tabulations making these distinction may exist in the possession of Michael Spence (ask him!). Some other obsidian data missing from earlier versions of DF8 and DF9 was provided by Spence in 1982. Unfortunately, the existing obsidian counts in DF9 are a mix of counts of categories as defined by Spence as of 1982 and tabulations based on category definitions used by various TMP personnel earlier, and it is not easy (impossible?) to tell which criteria are represented in specific DF9 cases. Personal communications from Spence suggest the following: (1) Data fields 151 and 153 (""points"" and ""knives"") are probably best thought of as a combined ""bifacial"" category (total 16,724, Figure 3.x), because the point/knife distinction is probably not very accurately reflected in DF9 counts. Spence tends to put more bifaces under ""knives"" than the field crews did. (2) The counts for total obsidian (data field 147, Figure 3.x), prismatic blades (data field 148, 72,351, Figure 3.x)), bifacials (points plus knives), and polyhedral cores (data field 152, 8,598, Figure 3.x) are probably pretty good. (3) Spence feels that field crews tended to miss quite a few scrapers (data field 150, 29,390, Figure 3.x) and put them into ""waste"" (data field 149, 89,427, Figure 3.x). This is particularly true of what Spence calls ""amorphous scrapers."" (4) Some prismatic blades were also missed by field crews and counted as ""waste"" and so were many nodule fragments (data field 157, 2,931, Figure 3.x). Cowgill believes that Spence counts anything still showing some outer cortex under ""nodules"" rather than ""waste."" (5) Utilized flakes were handled erratically in the field analyses, and this makes data field 156 pretty useless. Data field 154 (eccentrics, including figurines, 99, Figure 3.x) is probably pretty good, although coders may have missed some cases in going from the SSRs to the code sheets. All the above remarks apply to the success with which DF9 captures the information in the collections actually made by field crews. A separate issue is the extent to which different field crews had differing tendencies to make large or small obsidian collections and the extent to which they collected abundant but perhaps less interesting categories, such as ""waste."" [Spence may have data bearing on these issues.] ",,FALSE,FALSE,FALSE,FALSE,FALSE,FALSE,
149,OBSIWSTE,obsidianWaste,obsidianWaste,obsidianWaste,V401,lithicFlaked,Data_lithicFlaked,,Archaeology,Artifact Counts,Lithics - Flaked,-1,FALSE,Integer,Count,FALSE,,,Obsidian waste,Counts of obsidian waste flakes.,,,"Obsidian Waste. Some blades were also missed and counted as waste, and so were many nodule fragments. I believe Mike counts anything still showing some outer cortex under nodules rather than under waste. **Vars.149, 150+155, and 157** should be pretty good if used with caution.",Obsidian Waste. ,"Obsidian category counts.  DF9 records a total of over 230,293 obsidian objects, of which the most abundant categories are waste, prismatic blades, scrapers, bifacial points/knives, and polyhedral cores. Regrettably and, in retrospect, quite oddly,  the SSRs and DF9 do not include distinctions between green obsidian (mostly from the Cerro de las Navajas source near Pachuca, about 55 km away), gray obsidian (nearly all from the nearby source near Otumba), and any unusual obsidian that might be from other sources. Tabulations making these distinction may exist in the possession of Michael Spence (ask him!). Some other obsidian data missing from earlier versions of DF8 and DF9 was provided by Spence in 1982. Unfortunately, the existing obsidian counts in DF9 are a mix of counts of categories as defined by Spence as of 1982 and tabulations based on category definitions used by various TMP personnel earlier, and it is not easy (impossible?) to tell which criteria are represented in specific DF9 cases. Personal communications from Spence suggest the following: (1) Data fields 151 and 153 (""points"" and ""knives"") are probably best thought of as a combined ""bifacial"" category (total 16,724, Figure 3.x), because the point/knife distinction is probably not very accurately reflected in DF9 counts. Spence tends to put more bifaces under ""knives"" than the field crews did. (2) The counts for total obsidian (data field 147, Figure 3.x), prismatic blades (data field 148, 72,351, Figure 3.x)), bifacials (points plus knives), and polyhedral cores (data field 152, 8,598, Figure 3.x) are probably pretty good. (3) Spence feels that field crews tended to miss quite a few scrapers (data field 150, 29,390, Figure 3.x) and put them into ""waste"" (data field 149, 89,427, Figure 3.x). This is particularly true of what Spence calls ""amorphous scrapers."" (4) Some prismatic blades were also missed by field crews and counted as ""waste"" and so were many nodule fragments (data field 157, 2,931, Figure 3.x). Cowgill believes that Spence counts anything still showing some outer cortex under ""nodules"" rather than ""waste."" (5) Utilized flakes were handled erratically in the field analyses, and this makes data field 156 pretty useless. Data field 154 (eccentrics, including figurines, 99, Figure 3.x) is probably pretty good, although coders may have missed some cases in going from the SSRs to the code sheets. All the above remarks apply to the success with which DF9 captures the information in the collections actually made by field crews. A separate issue is the extent to which different field crews had differing tendencies to make large or small obsidian collections and the extent to which they collected abundant but perhaps less interesting categories, such as ""waste."" [Spence may have data bearing on these issues.] ",,FALSE,FALSE,FALSE,FALSE,FALSE,FALSE,
150,OBSISCRP,obsidianScrapers,obsidianScrapers,obsidianScrapers,V301,lithicFlaked,Data_lithicFlaked,,Archaeology,Artifact Counts,Lithics - Flaked,-1,FALSE,Integer,Count,FALSE,,,Obsidian scrapers,Counts of obsidian scrapers.,,,"Obsidian Scrapers. Mike feels that the field analyses tended to miss quite a few scrapers and put them into ""waste."" This is especially true of what he calls ""amorphous scrapers."" **Vars.149, 150+155, and 157** should be pretty good if used with caution.",Obsidian Scrapers. ,"Obsidian category counts.  DF9 records a total of over 230,293 obsidian objects, of which the most abundant categories are waste, prismatic blades, scrapers, bifacial points/knives, and polyhedral cores. Regrettably and, in retrospect, quite oddly,  the SSRs and DF9 do not include distinctions between green obsidian (mostly from the Cerro de las Navajas source near Pachuca, about 55 km away), gray obsidian (nearly all from the nearby source near Otumba), and any unusual obsidian that might be from other sources. Tabulations making these distinction may exist in the possession of Michael Spence (ask him!). Some other obsidian data missing from earlier versions of DF8 and DF9 was provided by Spence in 1982. Unfortunately, the existing obsidian counts in DF9 are a mix of counts of categories as defined by Spence as of 1982 and tabulations based on category definitions used by various TMP personnel earlier, and it is not easy (impossible?) to tell which criteria are represented in specific DF9 cases. Personal communications from Spence suggest the following: (1) Data fields 151 and 153 (""points"" and ""knives"") are probably best thought of as a combined ""bifacial"" category (total 16,724, Figure 3.x), because the point/knife distinction is probably not very accurately reflected in DF9 counts. Spence tends to put more bifaces under ""knives"" than the field crews did. (2) The counts for total obsidian (data field 147, Figure 3.x), prismatic blades (data field 148, 72,351, Figure 3.x)), bifacials (points plus knives), and polyhedral cores (data field 152, 8,598, Figure 3.x) are probably pretty good. (3) Spence feels that field crews tended to miss quite a few scrapers (data field 150, 29,390, Figure 3.x) and put them into ""waste"" (data field 149, 89,427, Figure 3.x). This is particularly true of what Spence calls ""amorphous scrapers."" (4) Some prismatic blades were also missed by field crews and counted as ""waste"" and so were many nodule fragments (data field 157, 2,931, Figure 3.x). Cowgill believes that Spence counts anything still showing some outer cortex under ""nodules"" rather than ""waste."" (5) Utilized flakes were handled erratically in the field analyses, and this makes data field 156 pretty useless. Data field 154 (eccentrics, including figurines, 99, Figure 3.x) is probably pretty good, although coders may have missed some cases in going from the SSRs to the code sheets. All the above remarks apply to the success with which DF9 captures the information in the collections actually made by field crews. A separate issue is the extent to which different field crews had differing tendencies to make large or small obsidian collections and the extent to which they collected abundant but perhaps less interesting categories, such as ""waste."" [Spence may have data bearing on these issues.] ",,FALSE,FALSE,FALSE,FALSE,FALSE,FALSE,
151,OBSIPNTS,obsidianPoints,obsidianBifaces,obsidianPoints,V301,lithicFlaked,Data_lithicFlaked,,Archaeology,Artifact Counts,Lithics - Flaked,-1,FALSE,Integer,Count,FALSE,,,Obsidian points,Counts of obsidian points.,,"With var.153, probably best thought of as a combined category of ""bifaces"".","Obsidian Points. **Vars.151 and 153 (""points"" and ""knives"")** are probably best thought of as a combined category of ""bifacials."" The distinction is probably not very accurately reflected in the DF8 coding. Spence tends to put more under ""knives"" than the fieldworkers did. The counts for **total obsidian, blades, bifacials (points + knives), and cores** are probably pretty good. In sum, **vars.147, 148, 151+153, and 152** should be good.",Obsidian Points. ,"Obsidian category counts.  DF9 records a total of over 230,293 obsidian objects, of which the most abundant categories are waste, prismatic blades, scrapers, bifacial points/knives, and polyhedral cores. Regrettably and, in retrospect, quite oddly,  the SSRs and DF9 do not include distinctions between green obsidian (mostly from the Cerro de las Navajas source near Pachuca, about 55 km away), gray obsidian (nearly all from the nearby source near Otumba), and any unusual obsidian that might be from other sources. Tabulations making these distinction may exist in the possession of Michael Spence (ask him!). Some other obsidian data missing from earlier versions of DF8 and DF9 was provided by Spence in 1982. Unfortunately, the existing obsidian counts in DF9 are a mix of counts of categories as defined by Spence as of 1982 and tabulations based on category definitions used by various TMP personnel earlier, and it is not easy (impossible?) to tell which criteria are represented in specific DF9 cases. Personal communications from Spence suggest the following: (1) Data fields 151 and 153 (""points"" and ""knives"") are probably best thought of as a combined ""bifacial"" category (total 16,724, Figure 3.x), because the point/knife distinction is probably not very accurately reflected in DF9 counts. Spence tends to put more bifaces under ""knives"" than the field crews did. (2) The counts for total obsidian (data field 147, Figure 3.x), prismatic blades (data field 148, 72,351, Figure 3.x)), bifacials (points plus knives), and polyhedral cores (data field 152, 8,598, Figure 3.x) are probably pretty good. (3) Spence feels that field crews tended to miss quite a few scrapers (data field 150, 29,390, Figure 3.x) and put them into ""waste"" (data field 149, 89,427, Figure 3.x). This is particularly true of what Spence calls ""amorphous scrapers."" (4) Some prismatic blades were also missed by field crews and counted as ""waste"" and so were many nodule fragments (data field 157, 2,931, Figure 3.x). Cowgill believes that Spence counts anything still showing some outer cortex under ""nodules"" rather than ""waste."" (5) Utilized flakes were handled erratically in the field analyses, and this makes data field 156 pretty useless. Data field 154 (eccentrics, including figurines, 99, Figure 3.x) is probably pretty good, although coders may have missed some cases in going from the SSRs to the code sheets. All the above remarks apply to the success with which DF9 captures the information in the collections actually made by field crews. A separate issue is the extent to which different field crews had differing tendencies to make large or small obsidian collections and the extent to which they collected abundant but perhaps less interesting categories, such as ""waste."" [Spence may have data bearing on these issues.] ",A new variable titled ‘obisidianBifaces’ was generated. This variable is the result of a merge of two original variables: ‘obsidianPoints’ and ‘obisidianKnives.’ This change was suggested in Cowgill and Robertson’s Electronic File Guide for DF9 in 2012 because the point/knife distinction is “probably not very accurately reflected in DF9 counts.”,FALSE,TRUE,FALSE,TRUE,FALSE,FALSE,
152,OBSICORS,obsidianCores,obsidianCores,obsidianCores,V301,lithicFlaked,Data_lithicFlaked,,Archaeology,Artifact Counts,Lithics - Flaked,-1,FALSE,Integer,Count,FALSE,,,Obsidian polyhedral cores,Counts of obsidian polyhedral cores.,,,"Obsidian Polyhedral cores. The counts for **total obsidian, blades, bifacials (points + knives), and cores** are probably pretty good. In sum, **vars.147, 148, 151+153, and 152** should be good.",Obsidian Polyhedral cores.,"Obsidian category counts.  DF9 records a total of over 230,293 obsidian objects, of which the most abundant categories are waste, prismatic blades, scrapers, bifacial points/knives, and polyhedral cores. Regrettably and, in retrospect, quite oddly,  the SSRs and DF9 do not include distinctions between green obsidian (mostly from the Cerro de las Navajas source near Pachuca, about 55 km away), gray obsidian (nearly all from the nearby source near Otumba), and any unusual obsidian that might be from other sources. Tabulations making these distinction may exist in the possession of Michael Spence (ask him!). Some other obsidian data missing from earlier versions of DF8 and DF9 was provided by Spence in 1982. Unfortunately, the existing obsidian counts in DF9 are a mix of counts of categories as defined by Spence as of 1982 and tabulations based on category definitions used by various TMP personnel earlier, and it is not easy (impossible?) to tell which criteria are represented in specific DF9 cases. Personal communications from Spence suggest the following: (1) Data fields 151 and 153 (""points"" and ""knives"") are probably best thought of as a combined ""bifacial"" category (total 16,724, Figure 3.x), because the point/knife distinction is probably not very accurately reflected in DF9 counts. Spence tends to put more bifaces under ""knives"" than the field crews did. (2) The counts for total obsidian (data field 147, Figure 3.x), prismatic blades (data field 148, 72,351, Figure 3.x)), bifacials (points plus knives), and polyhedral cores (data field 152, 8,598, Figure 3.x) are probably pretty good. (3) Spence feels that field crews tended to miss quite a few scrapers (data field 150, 29,390, Figure 3.x) and put them into ""waste"" (data field 149, 89,427, Figure 3.x). This is particularly true of what Spence calls ""amorphous scrapers."" (4) Some prismatic blades were also missed by field crews and counted as ""waste"" and so were many nodule fragments (data field 157, 2,931, Figure 3.x). Cowgill believes that Spence counts anything still showing some outer cortex under ""nodules"" rather than ""waste."" (5) Utilized flakes were handled erratically in the field analyses, and this makes data field 156 pretty useless. Data field 154 (eccentrics, including figurines, 99, Figure 3.x) is probably pretty good, although coders may have missed some cases in going from the SSRs to the code sheets. All the above remarks apply to the success with which DF9 captures the information in the collections actually made by field crews. A separate issue is the extent to which different field crews had differing tendencies to make large or small obsidian collections and the extent to which they collected abundant but perhaps less interesting categories, such as ""waste."" [Spence may have data bearing on these issues.] ",,FALSE,FALSE,FALSE,FALSE,FALSE,FALSE,
153,OBSIKNIV,obsidianKnives,obsidianBifaces,obsidianKnives,V212,lithicFlaked,Data_lithicFlaked,,Archaeology,Artifact Counts,Lithics - Flaked,-1,FALSE,Integer,Count,FALSE,,,Obsidian knives,Counts of obsidian knives.,,"With var.151, probably best thought of as a combined category of ""bifaces"".","Obsidian Knives. **Vars.151 and 153 (""points"" and ""knives"")** are probably best thought of as a combined category of ""bifacials."" The distinction is probably not very accurately reflected in the DF8 coding. Spence tends to put more under ""knives"" than the fieldworkers did. The counts for **total obsidian, blades, bifacials (points + knives), and cores** are probably pretty good. In sum, **vars.147, 148, 151+153, and 152** should be good.",Obsidian Knives,"Obsidian category counts.  DF9 records a total of over 230,293 obsidian objects, of which the most abundant categories are waste, prismatic blades, scrapers, bifacial points/knives, and polyhedral cores. Regrettably and, in retrospect, quite oddly,  the SSRs and DF9 do not include distinctions between green obsidian (mostly from the Cerro de las Navajas source near Pachuca, about 55 km away), gray obsidian (nearly all from the nearby source near Otumba), and any unusual obsidian that might be from other sources. Tabulations making these distinction may exist in the possession of Michael Spence (ask him!). Some other obsidian data missing from earlier versions of DF8 and DF9 was provided by Spence in 1982. Unfortunately, the existing obsidian counts in DF9 are a mix of counts of categories as defined by Spence as of 1982 and tabulations based on category definitions used by various TMP personnel earlier, and it is not easy (impossible?) to tell which criteria are represented in specific DF9 cases. Personal communications from Spence suggest the following: (1) Data fields 151 and 153 (""points"" and ""knives"") are probably best thought of as a combined ""bifacial"" category (total 16,724, Figure 3.x), because the point/knife distinction is probably not very accurately reflected in DF9 counts. Spence tends to put more bifaces under ""knives"" than the field crews did. (2) The counts for total obsidian (data field 147, Figure 3.x), prismatic blades (data field 148, 72,351, Figure 3.x)), bifacials (points plus knives), and polyhedral cores (data field 152, 8,598, Figure 3.x) are probably pretty good. (3) Spence feels that field crews tended to miss quite a few scrapers (data field 150, 29,390, Figure 3.x) and put them into ""waste"" (data field 149, 89,427, Figure 3.x). This is particularly true of what Spence calls ""amorphous scrapers."" (4) Some prismatic blades were also missed by field crews and counted as ""waste"" and so were many nodule fragments (data field 157, 2,931, Figure 3.x). Cowgill believes that Spence counts anything still showing some outer cortex under ""nodules"" rather than ""waste."" (5) Utilized flakes were handled erratically in the field analyses, and this makes data field 156 pretty useless. Data field 154 (eccentrics, including figurines, 99, Figure 3.x) is probably pretty good, although coders may have missed some cases in going from the SSRs to the code sheets. All the above remarks apply to the success with which DF9 captures the information in the collections actually made by field crews. A separate issue is the extent to which different field crews had differing tendencies to make large or small obsidian collections and the extent to which they collected abundant but perhaps less interesting categories, such as ""waste."" [Spence may have data bearing on these issues.] ",A new variable titled ‘obisidianBifaces’ was generated. This variable is the result of a merge of two original variables: ‘obsidianPoints’ and ‘obisidianKnives.’ This change was suggested in Cowgill and Robertson’s Electronic File Guide for DF9 in 2012 because the point/knife distinction is “probably not very accurately reflected in DF9 counts.”,FALSE,TRUE,FALSE,TRUE,FALSE,FALSE,
154,OBSIECCE,obsidianEccentrics,obsidianEccentrics,obsidianEccentrics,V212,lithicFlaked,Data_lithicFlaked,,Archaeology,Artifact Counts,Lithics - Flaked,-1,FALSE,Integer,Count,FALSE,,,Obsidian eccentrics,"Counts of obsidian eccentrics, including figurines.",,,"Obsidian Eccentrics, including figurines. **Var.154, eccentrics**, is probably pretty good, but jaded coders may have overlooked some.","Obsidian Eccentrics, including figurines","Obsidian category counts.  DF9 records a total of over 230,293 obsidian objects, of which the most abundant categories are waste, prismatic blades, scrapers, bifacial points/knives, and polyhedral cores. Regrettably and, in retrospect, quite oddly,  the SSRs and DF9 do not include distinctions between green obsidian (mostly from the Cerro de las Navajas source near Pachuca, about 55 km away), gray obsidian (nearly all from the nearby source near Otumba), and any unusual obsidian that might be from other sources. Tabulations making these distinction may exist in the possession of Michael Spence (ask him!). Some other obsidian data missing from earlier versions of DF8 and DF9 was provided by Spence in 1982. Unfortunately, the existing obsidian counts in DF9 are a mix of counts of categories as defined by Spence as of 1982 and tabulations based on category definitions used by various TMP personnel earlier, and it is not easy (impossible?) to tell which criteria are represented in specific DF9 cases. Personal communications from Spence suggest the following: (1) Data fields 151 and 153 (""points"" and ""knives"") are probably best thought of as a combined ""bifacial"" category (total 16,724, Figure 3.x), because the point/knife distinction is probably not very accurately reflected in DF9 counts. Spence tends to put more bifaces under ""knives"" than the field crews did. (2) The counts for total obsidian (data field 147, Figure 3.x), prismatic blades (data field 148, 72,351, Figure 3.x)), bifacials (points plus knives), and polyhedral cores (data field 152, 8,598, Figure 3.x) are probably pretty good. (3) Spence feels that field crews tended to miss quite a few scrapers (data field 150, 29,390, Figure 3.x) and put them into ""waste"" (data field 149, 89,427, Figure 3.x). This is particularly true of what Spence calls ""amorphous scrapers."" (4) Some prismatic blades were also missed by field crews and counted as ""waste"" and so were many nodule fragments (data field 157, 2,931, Figure 3.x). Cowgill believes that Spence counts anything still showing some outer cortex under ""nodules"" rather than ""waste."" (5) Utilized flakes were handled erratically in the field analyses, and this makes data field 156 pretty useless. Data field 154 (eccentrics, including figurines, 99, Figure 3.x) is probably pretty good, although coders may have missed some cases in going from the SSRs to the code sheets. All the above remarks apply to the success with which DF9 captures the information in the collections actually made by field crews. A separate issue is the extent to which different field crews had differing tendencies to make large or small obsidian collections and the extent to which they collected abundant but perhaps less interesting categories, such as ""waste."" [Spence may have data bearing on these issues.] ",,FALSE,FALSE,FALSE,FALSE,FALSE,FALSE,
155,OBSIMGSC,obsidianMagueyS,obsidianMagueyS,obsidianMagueyS,V212,lithicFlaked,Data_lithicFlaked,,Archaeology,Artifact Counts,Lithics - Flaked,-1,FALSE,Integer,Count,FALSE,,,Obsidian maguey scrapers,Counts of obsidian maguey scrapers.,,Almost never coded. The few exceptions are supposed to have been added to var.150 (Scrapers).,"Obsidian ""Maguey scrapers"". Almost never coded. The few exceptions are supposed to have been added to var.150. Mike feels that the field analyses tended to miss quite a few scrapers and put them into ""waste."" This is especially true of what he calls ""amorphous scrapers."" **Vars.149, 150+155, and 157** should be pretty good if used with caution.","Obsidian ""Maguey scrapers""","Obsidian category counts.  DF9 records a total of over 230,293 obsidian objects, of which the most abundant categories are waste, prismatic blades, scrapers, bifacial points/knives, and polyhedral cores. Regrettably and, in retrospect, quite oddly,  the SSRs and DF9 do not include distinctions between green obsidian (mostly from the Cerro de las Navajas source near Pachuca, about 55 km away), gray obsidian (nearly all from the nearby source near Otumba), and any unusual obsidian that might be from other sources. Tabulations making these distinction may exist in the possession of Michael Spence (ask him!). Some other obsidian data missing from earlier versions of DF8 and DF9 was provided by Spence in 1982. Unfortunately, the existing obsidian counts in DF9 are a mix of counts of categories as defined by Spence as of 1982 and tabulations based on category definitions used by various TMP personnel earlier, and it is not easy (impossible?) to tell which criteria are represented in specific DF9 cases. Personal communications from Spence suggest the following: (1) Data fields 151 and 153 (""points"" and ""knives"") are probably best thought of as a combined ""bifacial"" category (total 16,724, Figure 3.x), because the point/knife distinction is probably not very accurately reflected in DF9 counts. Spence tends to put more bifaces under ""knives"" than the field crews did. (2) The counts for total obsidian (data field 147, Figure 3.x), prismatic blades (data field 148, 72,351, Figure 3.x)), bifacials (points plus knives), and polyhedral cores (data field 152, 8,598, Figure 3.x) are probably pretty good. (3) Spence feels that field crews tended to miss quite a few scrapers (data field 150, 29,390, Figure 3.x) and put them into ""waste"" (data field 149, 89,427, Figure 3.x). This is particularly true of what Spence calls ""amorphous scrapers."" (4) Some prismatic blades were also missed by field crews and counted as ""waste"" and so were many nodule fragments (data field 157, 2,931, Figure 3.x). Cowgill believes that Spence counts anything still showing some outer cortex under ""nodules"" rather than ""waste."" (5) Utilized flakes were handled erratically in the field analyses, and this makes data field 156 pretty useless. Data field 154 (eccentrics, including figurines, 99, Figure 3.x) is probably pretty good, although coders may have missed some cases in going from the SSRs to the code sheets. All the above remarks apply to the success with which DF9 captures the information in the collections actually made by field crews. A separate issue is the extent to which different field crews had differing tendencies to make large or small obsidian collections and the extent to which they collected abundant but perhaps less interesting categories, such as ""waste."" [Spence may have data bearing on these issues.] ",,FALSE,FALSE,FALSE,FALSE,FALSE,FALSE,
156,OBSIUFLK,obsidianUtFlake,obsidianUtFlake,obsidianUtFlake,V301,lithicFlaked,Data_lithicFlaked,,Archaeology,Artifact Counts,Lithics - Flaked,-1,FALSE,Integer,Count,FALSE,,,Obsidian utilized flakes,Counts of obsidian utilized flakes.,,,"Obsidian Utilized flakes. **Utilized flakes** were handled erratically in the field analyses, and this makes var.156 pretty useless.",Obsidian Utilized flakes,"Obsidian category counts.  DF9 records a total of over 230,293 obsidian objects, of which the most abundant categories are waste, prismatic blades, scrapers, bifacial points/knives, and polyhedral cores. Regrettably and, in retrospect, quite oddly,  the SSRs and DF9 do not include distinctions between green obsidian (mostly from the Cerro de las Navajas source near Pachuca, about 55 km away), gray obsidian (nearly all from the nearby source near Otumba), and any unusual obsidian that might be from other sources. Tabulations making these distinction may exist in the possession of Michael Spence (ask him!). Some other obsidian data missing from earlier versions of DF8 and DF9 was provided by Spence in 1982. Unfortunately, the existing obsidian counts in DF9 are a mix of counts of categories as defined by Spence as of 1982 and tabulations based on category definitions used by various TMP personnel earlier, and it is not easy (impossible?) to tell which criteria are represented in specific DF9 cases. Personal communications from Spence suggest the following: (1) Data fields 151 and 153 (""points"" and ""knives"") are probably best thought of as a combined ""bifacial"" category (total 16,724, Figure 3.x), because the point/knife distinction is probably not very accurately reflected in DF9 counts. Spence tends to put more bifaces under ""knives"" than the field crews did. (2) The counts for total obsidian (data field 147, Figure 3.x), prismatic blades (data field 148, 72,351, Figure 3.x)), bifacials (points plus knives), and polyhedral cores (data field 152, 8,598, Figure 3.x) are probably pretty good. (3) Spence feels that field crews tended to miss quite a few scrapers (data field 150, 29,390, Figure 3.x) and put them into ""waste"" (data field 149, 89,427, Figure 3.x). This is particularly true of what Spence calls ""amorphous scrapers."" (4) Some prismatic blades were also missed by field crews and counted as ""waste"" and so were many nodule fragments (data field 157, 2,931, Figure 3.x). Cowgill believes that Spence counts anything still showing some outer cortex under ""nodules"" rather than ""waste."" (5) Utilized flakes were handled erratically in the field analyses, and this makes data field 156 pretty useless. Data field 154 (eccentrics, including figurines, 99, Figure 3.x) is probably pretty good, although coders may have missed some cases in going from the SSRs to the code sheets. All the above remarks apply to the success with which DF9 captures the information in the collections actually made by field crews. A separate issue is the extent to which different field crews had differing tendencies to make large or small obsidian collections and the extent to which they collected abundant but perhaps less interesting categories, such as ""waste."" [Spence may have data bearing on these issues.] ",,FALSE,FALSE,FALSE,FALSE,FALSE,FALSE,
157,OBSINODS,obsidianNodules,obsidianNodules,obsidianNodules,V301,lithicFlaked,Data_lithicFlaked,,Archaeology,Artifact Counts,Lithics - Flaked,-1,FALSE,Integer,Count,FALSE,,,Obsidian nodules,Counts of obsidian nodules.,,,"Obsidian nodules.  **Vars.149, 150+155, and 157** should be pretty good if used with caution.",Obsidian nodules,"Obsidian category counts.  DF9 records a total of over 230,293 obsidian objects, of which the most abundant categories are waste, prismatic blades, scrapers, bifacial points/knives, and polyhedral cores. Regrettably and, in retrospect, quite oddly,  the SSRs and DF9 do not include distinctions between green obsidian (mostly from the Cerro de las Navajas source near Pachuca, about 55 km away), gray obsidian (nearly all from the nearby source near Otumba), and any unusual obsidian that might be from other sources. Tabulations making these distinction may exist in the possession of Michael Spence (ask him!). Some other obsidian data missing from earlier versions of DF8 and DF9 was provided by Spence in 1982. Unfortunately, the existing obsidian counts in DF9 are a mix of counts of categories as defined by Spence as of 1982 and tabulations based on category definitions used by various TMP personnel earlier, and it is not easy (impossible?) to tell which criteria are represented in specific DF9 cases. Personal communications from Spence suggest the following: (1) Data fields 151 and 153 (""points"" and ""knives"") are probably best thought of as a combined ""bifacial"" category (total 16,724, Figure 3.x), because the point/knife distinction is probably not very accurately reflected in DF9 counts. Spence tends to put more bifaces under ""knives"" than the field crews did. (2) The counts for total obsidian (data field 147, Figure 3.x), prismatic blades (data field 148, 72,351, Figure 3.x)), bifacials (points plus knives), and polyhedral cores (data field 152, 8,598, Figure 3.x) are probably pretty good. (3) Spence feels that field crews tended to miss quite a few scrapers (data field 150, 29,390, Figure 3.x) and put them into ""waste"" (data field 149, 89,427, Figure 3.x). This is particularly true of what Spence calls ""amorphous scrapers."" (4) Some prismatic blades were also missed by field crews and counted as ""waste"" and so were many nodule fragments (data field 157, 2,931, Figure 3.x). Cowgill believes that Spence counts anything still showing some outer cortex under ""nodules"" rather than ""waste."" (5) Utilized flakes were handled erratically in the field analyses, and this makes data field 156 pretty useless. Data field 154 (eccentrics, including figurines, 99, Figure 3.x) is probably pretty good, although coders may have missed some cases in going from the SSRs to the code sheets. All the above remarks apply to the success with which DF9 captures the information in the collections actually made by field crews. A separate issue is the extent to which different field crews had differing tendencies to make large or small obsidian collections and the extent to which they collected abundant but perhaps less interesting categories, such as ""waste."" [Spence may have data bearing on these issues.] ",,FALSE,FALSE,FALSE,FALSE,FALSE,FALSE,
158,BSLTTOTS,basaltTot,basaltTot,basaltTot,V301,lithicFlaked,Data_lithicFlaked,,Archaeology,Artifact Counts,Lithics - Flaked,-1,FALSE,Integer,Count,FALSE,,,Total basalt,Total basalt counts.,,,Total basalt,"Total basalt. 8,333 (Figure 3.x).","Counts of other kinds of stone: ""Basalt"" refers here to a distinctive dark gray or black, dense, and fine-grained but not glassy stone, very different from the materials used for manos and metates, which tend to have small or large cavities. It also differs from the far more vesicular volcanic stone used for cascajo and most ""plaster smoothers,"" which is mostly voids and seems like solidified froth. Stone used in buildings and most sculptures is mostly andesitic, more granular and and much lighter in color. These compact basaltic objects are much less abundant than obsidian at Teotihuacan, but not rare. DF9 does not record types of basalt tools, but Cowgill believes that many, perhaps most, are scrapers (or polishers?) made on flakes. Chert, quartz, and related materials occur at Teotihuacan, but are extremely scarce relative to obsidian and ""basalt."" Turquoise is exceedingly scarce at Teotihuacan, if present at all, and no turquoise was identified by the TMP. Data field 166, ""jade"", probably includes a mix of true jade and other green stones. Data fields 165 (""serpentine"") and 166 should probably be grouped as a ""fine green stone"" category. Very few painted slate objects were collected during the TMP survey, probably because the paint, typically red, is quite fugitive. It is likely that many more slate objects were originally painted. DF9 does not record whether any of the objects of slate, green stone, or tecali (more properly called travertine rather than alabaster [Jiménez 2000]) were worked or workshop debris. However, it was a concentration of such fine stone fragments, many showing signs of working, in a small neighborhood in the southern part of sector N3E5 that led Millon to identify it as a district of lapidary workers, as was confirmed by TMP excavation E18 in site 8:N3E5 (Tecopac). Turner (1987a, 1987b, 1992) and O. Cabrera (1995) discuss the Teotihuacan lapidary industry.Most lapidary workshop waste and rejects are too small to be easily seen on surface survey. Most lapidary workshop waste and rejects are too small to be easily seen on surface survey. Excavations (often with fine screening) have revealed several sites with lapidary workshop evidence that were not spotted by the TMP survey. One is Tlajinga 33 (33:S3W1) (Widmer 1991) and an especially outstanding example is in Front 3 of the 1992-94 excavations in the La Ventilla district (Gómez Chávez 2000). There may well be other lapidary workshops missed by the TMP.",,FALSE,FALSE,FALSE,FALSE,FALSE,FALSE,
159,BSLTTOOL,basaltTools,basaltTools,basaltTools,V212,lithicFlaked,Data_lithicFlaked,,Archaeology,Artifact Counts,Lithics - Flaked,-1,FALSE,Integer,Count,FALSE,,,Basalt tools,Counts of basalt tools.,,,Basalt tools,"Basalt tools. 2,538 (Figure 3.x). ","Counts of other kinds of stone: ""Basalt"" refers here to a distinctive dark gray or black, dense, and fine-grained but not glassy stone, very different from the materials used for manos and metates, which tend to have small or large cavities. It also differs from the far more vesicular volcanic stone used for cascajo and most ""plaster smoothers,"" which is mostly voids and seems like solidified froth. Stone used in buildings and most sculptures is mostly andesitic, more granular and and much lighter in color. These compact basaltic objects are much less abundant than obsidian at Teotihuacan, but not rare. DF9 does not record types of basalt tools, but Cowgill believes that many, perhaps most, are scrapers (or polishers?) made on flakes. Chert, quartz, and related materials occur at Teotihuacan, but are extremely scarce relative to obsidian and ""basalt."" Turquoise is exceedingly scarce at Teotihuacan, if present at all, and no turquoise was identified by the TMP. Data field 166, ""jade"", probably includes a mix of true jade and other green stones. Data fields 165 (""serpentine"") and 166 should probably be grouped as a ""fine green stone"" category. Very few painted slate objects were collected during the TMP survey, probably because the paint, typically red, is quite fugitive. It is likely that many more slate objects were originally painted. DF9 does not record whether any of the objects of slate, green stone, or tecali (more properly called travertine rather than alabaster [Jiménez 2000]) were worked or workshop debris. However, it was a concentration of such fine stone fragments, many showing signs of working, in a small neighborhood in the southern part of sector N3E5 that led Millon to identify it as a district of lapidary workers, as was confirmed by TMP excavation E18 in site 8:N3E5 (Tecopac). Turner (1987a, 1987b, 1992) and O. Cabrera (1995) discuss the Teotihuacan lapidary industry.Most lapidary workshop waste and rejects are too small to be easily seen on surface survey. Most lapidary workshop waste and rejects are too small to be easily seen on surface survey. Excavations (often with fine screening) have revealed several sites with lapidary workshop evidence that were not spotted by the TMP survey. One is Tlajinga 33 (33:S3W1) (Widmer 1991) and an especially outstanding example is in Front 3 of the 1992-94 excavations in the La Ventilla district (Gómez Chávez 2000). There may well be other lapidary workshops missed by the TMP.",,FALSE,FALSE,FALSE,FALSE,FALSE,FALSE,
160,CHRTFRAG,chert,chert,chert,V212,lithicFlaked,Data_lithicFlaked,,Archaeology,Artifact Counts,Lithics - Flaked,-1,FALSE,Integer,Count,FALSE,,,Chert  fragments,Counts of chert and chert-like stone fragments.,,,Chert & chert-like stone fragments,Chert and chert-like fragments. 197 (Figure 3.x).,"Counts of other kinds of stone: ""Basalt"" refers here to a distinctive dark gray or black, dense, and fine-grained but not glassy stone, very different from the materials used for manos and metates, which tend to have small or large cavities. It also differs from the far more vesicular volcanic stone used for cascajo and most ""plaster smoothers,"" which is mostly voids and seems like solidified froth. Stone used in buildings and most sculptures is mostly andesitic, more granular and and much lighter in color. These compact basaltic objects are much less abundant than obsidian at Teotihuacan, but not rare. DF9 does not record types of basalt tools, but Cowgill believes that many, perhaps most, are scrapers (or polishers?) made on flakes. Chert, quartz, and related materials occur at Teotihuacan, but are extremely scarce relative to obsidian and ""basalt."" Turquoise is exceedingly scarce at Teotihuacan, if present at all, and no turquoise was identified by the TMP. Data field 166, ""jade"", probably includes a mix of true jade and other green stones. Data fields 165 (""serpentine"") and 166 should probably be grouped as a ""fine green stone"" category. Very few painted slate objects were collected during the TMP survey, probably because the paint, typically red, is quite fugitive. It is likely that many more slate objects were originally painted. DF9 does not record whether any of the objects of slate, green stone, or tecali (more properly called travertine rather than alabaster [Jiménez 2000]) were worked or workshop debris. However, it was a concentration of such fine stone fragments, many showing signs of working, in a small neighborhood in the southern part of sector N3E5 that led Millon to identify it as a district of lapidary workers, as was confirmed by TMP excavation E18 in site 8:N3E5 (Tecopac). Turner (1987a, 1987b, 1992) and O. Cabrera (1995) discuss the Teotihuacan lapidary industry.Most lapidary workshop waste and rejects are too small to be easily seen on surface survey. Most lapidary workshop waste and rejects are too small to be easily seen on surface survey. Excavations (often with fine screening) have revealed several sites with lapidary workshop evidence that were not spotted by the TMP survey. One is Tlajinga 33 (33:S3W1) (Widmer 1991) and an especially outstanding example is in Front 3 of the 1992-94 excavations in the La Ventilla district (Gómez Chávez 2000). There may well be other lapidary workshops missed by the TMP.",,FALSE,FALSE,FALSE,FALSE,FALSE,FALSE,
161,QUARTZ,quartz,quartz,quartz,V213,lithicFlaked,Data_lithicFlaked,,Archaeology,Artifact Counts,Lithics - Flaked,-1,FALSE,Integer,Count,FALSE,,,Quartz and quartzite,Counts of quartz and quartzite fragments.,,,Quartz and quartzite,Quartz and quartzite. 231 (Figure 3.x).,"Counts of other kinds of stone: ""Basalt"" refers here to a distinctive dark gray or black, dense, and fine-grained but not glassy stone, very different from the materials used for manos and metates, which tend to have small or large cavities. It also differs from the far more vesicular volcanic stone used for cascajo and most ""plaster smoothers,"" which is mostly voids and seems like solidified froth. Stone used in buildings and most sculptures is mostly andesitic, more granular and and much lighter in color. These compact basaltic objects are much less abundant than obsidian at Teotihuacan, but not rare. DF9 does not record types of basalt tools, but Cowgill believes that many, perhaps most, are scrapers (or polishers?) made on flakes. Chert, quartz, and related materials occur at Teotihuacan, but are extremely scarce relative to obsidian and ""basalt."" Turquoise is exceedingly scarce at Teotihuacan, if present at all, and no turquoise was identified by the TMP. Data field 166, ""jade"", probably includes a mix of true jade and other green stones. Data fields 165 (""serpentine"") and 166 should probably be grouped as a ""fine green stone"" category. Very few painted slate objects were collected during the TMP survey, probably because the paint, typically red, is quite fugitive. It is likely that many more slate objects were originally painted. DF9 does not record whether any of the objects of slate, green stone, or tecali (more properly called travertine rather than alabaster [Jiménez 2000]) were worked or workshop debris. However, it was a concentration of such fine stone fragments, many showing signs of working, in a small neighborhood in the southern part of sector N3E5 that led Millon to identify it as a district of lapidary workers, as was confirmed by TMP excavation E18 in site 8:N3E5 (Tecopac). Turner (1987a, 1987b, 1992) and O. Cabrera (1995) discuss the Teotihuacan lapidary industry.Most lapidary workshop waste and rejects are too small to be easily seen on surface survey. Most lapidary workshop waste and rejects are too small to be easily seen on surface survey. Excavations (often with fine screening) have revealed several sites with lapidary workshop evidence that were not spotted by the TMP survey. One is Tlajinga 33 (33:S3W1) (Widmer 1991) and an especially outstanding example is in Front 3 of the 1992-94 excavations in the La Ventilla district (Gómez Chávez 2000). There may well be other lapidary workshops missed by the TMP.",,FALSE,FALSE,FALSE,FALSE,FALSE,FALSE,
162,SLATETOT,slateTot,slateTot,slateTot,V213,lithicGround,Data_lithicGround,,Archaeology,Artifact Counts,Lithics - Ground/Polished,-1,FALSE,Integer,Count,FALSE,,,Total slate,Total slate counts.,,,Total slate,Total slate. 461 (Figure 3.x).,"Counts of other kinds of stone: ""Basalt"" refers here to a distinctive dark gray or black, dense, and fine-grained but not glassy stone, very different from the materials used for manos and metates, which tend to have small or large cavities. It also differs from the far more vesicular volcanic stone used for cascajo and most ""plaster smoothers,"" which is mostly voids and seems like solidified froth. Stone used in buildings and most sculptures is mostly andesitic, more granular and and much lighter in color. These compact basaltic objects are much less abundant than obsidian at Teotihuacan, but not rare. DF9 does not record types of basalt tools, but Cowgill believes that many, perhaps most, are scrapers (or polishers?) made on flakes. Chert, quartz, and related materials occur at Teotihuacan, but are extremely scarce relative to obsidian and ""basalt."" Turquoise is exceedingly scarce at Teotihuacan, if present at all, and no turquoise was identified by the TMP. Data field 166, ""jade"", probably includes a mix of true jade and other green stones. Data fields 165 (""serpentine"") and 166 should probably be grouped as a ""fine green stone"" category. Very few painted slate objects were collected during the TMP survey, probably because the paint, typically red, is quite fugitive. It is likely that many more slate objects were originally painted. DF9 does not record whether any of the objects of slate, green stone, or tecali (more properly called travertine rather than alabaster [Jiménez 2000]) were worked or workshop debris. However, it was a concentration of such fine stone fragments, many showing signs of working, in a small neighborhood in the southern part of sector N3E5 that led Millon to identify it as a district of lapidary workers, as was confirmed by TMP excavation E18 in site 8:N3E5 (Tecopac). Turner (1987a, 1987b, 1992) and O. Cabrera (1995) discuss the Teotihuacan lapidary industry.Most lapidary workshop waste and rejects are too small to be easily seen on surface survey. Most lapidary workshop waste and rejects are too small to be easily seen on surface survey. Excavations (often with fine screening) have revealed several sites with lapidary workshop evidence that were not spotted by the TMP survey. One is Tlajinga 33 (33:S3W1) (Widmer 1991) and an especially outstanding example is in Front 3 of the 1992-94 excavations in the La Ventilla district (Gómez Chávez 2000). There may well be other lapidary workshops missed by the TMP.",,FALSE,FALSE,FALSE,FALSE,FALSE,FALSE,
163,SLATEPNT,slatePainted,slatePainted,slatePainted,V213,lithicGround,Data_lithicGround,,Archaeology,Artifact Counts,Lithics - Ground/Polished,-1,FALSE,Integer,Count,FALSE,,,Painted slate,Counts of painted slate.,,,Painted slate,Painted slate. 7 (Figure 3.x). [This could be combined w/ the figure for total slate.],"Counts of other kinds of stone: ""Basalt"" refers here to a distinctive dark gray or black, dense, and fine-grained but not glassy stone, very different from the materials used for manos and metates, which tend to have small or large cavities. It also differs from the far more vesicular volcanic stone used for cascajo and most ""plaster smoothers,"" which is mostly voids and seems like solidified froth. Stone used in buildings and most sculptures is mostly andesitic, more granular and and much lighter in color. These compact basaltic objects are much less abundant than obsidian at Teotihuacan, but not rare. DF9 does not record types of basalt tools, but Cowgill believes that many, perhaps most, are scrapers (or polishers?) made on flakes. Chert, quartz, and related materials occur at Teotihuacan, but are extremely scarce relative to obsidian and ""basalt."" Turquoise is exceedingly scarce at Teotihuacan, if present at all, and no turquoise was identified by the TMP. Data field 166, ""jade"", probably includes a mix of true jade and other green stones. Data fields 165 (""serpentine"") and 166 should probably be grouped as a ""fine green stone"" category. Very few painted slate objects were collected during the TMP survey, probably because the paint, typically red, is quite fugitive. It is likely that many more slate objects were originally painted. DF9 does not record whether any of the objects of slate, green stone, or tecali (more properly called travertine rather than alabaster [Jiménez 2000]) were worked or workshop debris. However, it was a concentration of such fine stone fragments, many showing signs of working, in a small neighborhood in the southern part of sector N3E5 that led Millon to identify it as a district of lapidary workers, as was confirmed by TMP excavation E18 in site 8:N3E5 (Tecopac). Turner (1987a, 1987b, 1992) and O. Cabrera (1995) discuss the Teotihuacan lapidary industry.Most lapidary workshop waste and rejects are too small to be easily seen on surface survey. Most lapidary workshop waste and rejects are too small to be easily seen on surface survey. Excavations (often with fine screening) have revealed several sites with lapidary workshop evidence that were not spotted by the TMP survey. One is Tlajinga 33 (33:S3W1) (Widmer 1991) and an especially outstanding example is in Front 3 of the 1992-94 excavations in the La Ventilla district (Gómez Chávez 2000). There may well be other lapidary workshops missed by the TMP.",,FALSE,FALSE,FALSE,FALSE,FALSE,FALSE,
164,ALABASTR,alabaster,alabaster,alabaster,V213,lithicGround,Data_lithicGround,,Archaeology,Artifact Counts,Lithics - Ground/Polished,-1,FALSE,Integer,Count,FALSE,,,Alabaster,"Counts of alabaster (onyx, tecali) fragments.",,,"Alabaster (= onyx, tecali) ","Alabaster (onyx, tecali, travertine). 168 (Figure 3.x).","Counts of other kinds of stone: ""Basalt"" refers here to a distinctive dark gray or black, dense, and fine-grained but not glassy stone, very different from the materials used for manos and metates, which tend to have small or large cavities. It also differs from the far more vesicular volcanic stone used for cascajo and most ""plaster smoothers,"" which is mostly voids and seems like solidified froth. Stone used in buildings and most sculptures is mostly andesitic, more granular and and much lighter in color. These compact basaltic objects are much less abundant than obsidian at Teotihuacan, but not rare. DF9 does not record types of basalt tools, but Cowgill believes that many, perhaps most, are scrapers (or polishers?) made on flakes. Chert, quartz, and related materials occur at Teotihuacan, but are extremely scarce relative to obsidian and ""basalt."" Turquoise is exceedingly scarce at Teotihuacan, if present at all, and no turquoise was identified by the TMP. Data field 166, ""jade"", probably includes a mix of true jade and other green stones. Data fields 165 (""serpentine"") and 166 should probably be grouped as a ""fine green stone"" category. Very few painted slate objects were collected during the TMP survey, probably because the paint, typically red, is quite fugitive. It is likely that many more slate objects were originally painted. DF9 does not record whether any of the objects of slate, green stone, or tecali (more properly called travertine rather than alabaster [Jiménez 2000]) were worked or workshop debris. However, it was a concentration of such fine stone fragments, many showing signs of working, in a small neighborhood in the southern part of sector N3E5 that led Millon to identify it as a district of lapidary workers, as was confirmed by TMP excavation E18 in site 8:N3E5 (Tecopac). Turner (1987a, 1987b, 1992) and O. Cabrera (1995) discuss the Teotihuacan lapidary industry.Most lapidary workshop waste and rejects are too small to be easily seen on surface survey. Most lapidary workshop waste and rejects are too small to be easily seen on surface survey. Excavations (often with fine screening) have revealed several sites with lapidary workshop evidence that were not spotted by the TMP survey. One is Tlajinga 33 (33:S3W1) (Widmer 1991) and an especially outstanding example is in Front 3 of the 1992-94 excavations in the La Ventilla district (Gómez Chávez 2000). There may well be other lapidary workshops missed by the TMP.",,FALSE,FALSE,FALSE,FALSE,FALSE,FALSE,
165,SERPENTN,serpentine,fineGreenstone,serpentine,V213,lithicGround,Data_lithicGround,,Archaeology,Artifact Counts,Lithics - Ground/Polished,-1,FALSE,Integer,Count,FALSE,,,Serpentine,Counts of serpentine fragments.,,,Serpentine,Serpentine. 94 (Figure 3.x).,"Counts of other kinds of stone: ""Basalt"" refers here to a distinctive dark gray or black, dense, and fine-grained but not glassy stone, very different from the materials used for manos and metates, which tend to have small or large cavities. It also differs from the far more vesicular volcanic stone used for cascajo and most ""plaster smoothers,"" which is mostly voids and seems like solidified froth. Stone used in buildings and most sculptures is mostly andesitic, more granular and and much lighter in color. These compact basaltic objects are much less abundant than obsidian at Teotihuacan, but not rare. DF9 does not record types of basalt tools, but Cowgill believes that many, perhaps most, are scrapers (or polishers?) made on flakes. Chert, quartz, and related materials occur at Teotihuacan, but are extremely scarce relative to obsidian and ""basalt."" Turquoise is exceedingly scarce at Teotihuacan, if present at all, and no turquoise was identified by the TMP. Data field 166, ""jade"", probably includes a mix of true jade and other green stones. Data fields 165 (""serpentine"") and 166 should probably be grouped as a ""fine green stone"" category. Very few painted slate objects were collected during the TMP survey, probably because the paint, typically red, is quite fugitive. It is likely that many more slate objects were originally painted. DF9 does not record whether any of the objects of slate, green stone, or tecali (more properly called travertine rather than alabaster [Jiménez 2000]) were worked or workshop debris. However, it was a concentration of such fine stone fragments, many showing signs of working, in a small neighborhood in the southern part of sector N3E5 that led Millon to identify it as a district of lapidary workers, as was confirmed by TMP excavation E18 in site 8:N3E5 (Tecopac). Turner (1987a, 1987b, 1992) and O. Cabrera (1995) discuss the Teotihuacan lapidary industry.Most lapidary workshop waste and rejects are too small to be easily seen on surface survey. Most lapidary workshop waste and rejects are too small to be easily seen on surface survey. Excavations (often with fine screening) have revealed several sites with lapidary workshop evidence that were not spotted by the TMP survey. One is Tlajinga 33 (33:S3W1) (Widmer 1991) and an especially outstanding example is in Front 3 of the 1992-94 excavations in the La Ventilla district (Gómez Chávez 2000). There may well be other lapidary workshops missed by the TMP.","A new variable titled ‘fineGreenstone’ was generated. This variable is the result of a merge of two original variables: ‘jade’ and ‘serpentine.’ This is also following the suggestion of Cowgill and Robertson 2012 who state “many, but not all, of the objects coded as jade are more likely serpentine, and…perhaps often fuchsite, pending re-examination.”",FALSE,TRUE,FALSE,TRUE,FALSE,FALSE,
166,JADE,jade,fineGreenstone,jade,V213,lithicGround,Data_lithicGround,,Archaeology,Artifact Counts,Lithics - Ground/Polished,-1,FALSE,Integer,Count,FALSE,,,Jade,Counts of jade fragments.,,,Jade,"Jade. 95 (Figure 3.x). Many, but not all, of the objects coded as jade are more likely serpentine, and both data fields 165 and 166 are best regarded as polished greenstone objects, perhaps often fuchsite, pending re-examination.","Counts of other kinds of stone: ""Basalt"" refers here to a distinctive dark gray or black, dense, and fine-grained but not glassy stone, very different from the materials used for manos and metates, which tend to have small or large cavities. It also differs from the far more vesicular volcanic stone used for cascajo and most ""plaster smoothers,"" which is mostly voids and seems like solidified froth. Stone used in buildings and most sculptures is mostly andesitic, more granular and and much lighter in color. These compact basaltic objects are much less abundant than obsidian at Teotihuacan, but not rare. DF9 does not record types of basalt tools, but Cowgill believes that many, perhaps most, are scrapers (or polishers?) made on flakes. Chert, quartz, and related materials occur at Teotihuacan, but are extremely scarce relative to obsidian and ""basalt."" Turquoise is exceedingly scarce at Teotihuacan, if present at all, and no turquoise was identified by the TMP. Data field 166, ""jade"", probably includes a mix of true jade and other green stones. Data fields 165 (""serpentine"") and 166 should probably be grouped as a ""fine green stone"" category. Very few painted slate objects were collected during the TMP survey, probably because the paint, typically red, is quite fugitive. It is likely that many more slate objects were originally painted. DF9 does not record whether any of the objects of slate, green stone, or tecali (more properly called travertine rather than alabaster [Jiménez 2000]) were worked or workshop debris. However, it was a concentration of such fine stone fragments, many showing signs of working, in a small neighborhood in the southern part of sector N3E5 that led Millon to identify it as a district of lapidary workers, as was confirmed by TMP excavation E18 in site 8:N3E5 (Tecopac). Turner (1987a, 1987b, 1992) and O. Cabrera (1995) discuss the Teotihuacan lapidary industry.Most lapidary workshop waste and rejects are too small to be easily seen on surface survey. Most lapidary workshop waste and rejects are too small to be easily seen on surface survey. Excavations (often with fine screening) have revealed several sites with lapidary workshop evidence that were not spotted by the TMP survey. One is Tlajinga 33 (33:S3W1) (Widmer 1991) and an especially outstanding example is in Front 3 of the 1992-94 excavations in the La Ventilla district (Gómez Chávez 2000). There may well be other lapidary workshops missed by the TMP.","A new variable titled ‘fineGreenstone’ was generated. This variable is the result of a merge of two original variables: ‘jade’ and ‘serpentine.’ This is also following the suggestion of Cowgill and Robertson 2012 who state “many, but not all, of the objects coded as jade are more likely serpentine, and…perhaps often fuchsite, pending re-examination.”",FALSE,TRUE,FALSE,TRUE,FALSE,FALSE,
167,WRKDBONE,workedBone,workedBone,workedBone,V213,artifactOther,Data_artifactOther,,Archaeology,Artifact Counts,Bone/Shell,-1,FALSE,Integer,Count,FALSE,,,Worked bone,Counts of worked bone.,,,Worked bone,Worked bone. 22 (Figure 3.x).,"Bone and shell counts. Unworked shell fragments were not often found in the TMP survey, and worked bone and shell fragments were extremely scarce. This is undoubtedly because these materials do not survive well on the surface. The extent to which Teotihuacanos used these materials is not reflected by the TMP counts. Surface concentrations of these materials may be of some use in identifying likely spots to excavate in searching for evidence of Teotihuacan shell- and bone-working industries. O. Cabrera (2001) discusses the use of bone picks and needles in textile working at Teotihuacan.",,FALSE,FALSE,FALSE,FALSE,FALSE,FALSE,
168,SHELLTOT,shellTot,shellTot,shellTot,V213,artifactOther,Data_artifactOther,,Archaeology,Artifact Counts,Bone/Shell,-1,FALSE,Integer,Count,FALSE,,,Total shell,Total shell counts.,,,Total shell count,Total shell. 492 (Figure 3.x).,"Bone and shell counts. Unworked shell fragments were not often found in the TMP survey, and worked bone and shell fragments were extremely scarce. This is undoubtedly because these materials do not survive well on the surface. The extent to which Teotihuacanos used these materials is not reflected by the TMP counts. Surface concentrations of these materials may be of some use in identifying likely spots to excavate in searching for evidence of Teotihuacan shell- and bone-working industries. O. Cabrera (2001) discusses the use of bone picks and needles in textile working at Teotihuacan.",,FALSE,FALSE,FALSE,FALSE,FALSE,FALSE,
169,SHELLWKD,shellWorked,shellWorked,shellWorked,V213,artifactOther,Data_artifactOther,,Archaeology,Artifact Counts,Bone/Shell,-1,FALSE,Integer,Count,FALSE,,,Worked shell,Counts of worked shell fragments.,,,Worked shell fragments,Worked shell fragments. 19 (combine with figure for total shell?).,"Bone and shell counts. Unworked shell fragments were not often found in the TMP survey, and worked bone and shell fragments were extremely scarce. This is undoubtedly because these materials do not survive well on the surface. The extent to which Teotihuacanos used these materials is not reflected by the TMP counts. Surface concentrations of these materials may be of some use in identifying likely spots to excavate in searching for evidence of Teotihuacan shell- and bone-working industries. O. Cabrera (2001) discusses the use of bone picks and needles in textile working at Teotihuacan.",,FALSE,FALSE,FALSE,FALSE,FALSE,FALSE,
170,FIGUTOTS,figTot,figTot,figTot,V301,cerNonVessel,Data_cerNonVessel,,Archaeology,Artifact Counts,Ceramics,-1,FALSE,Integer,Count,FALSE,,,Total figurines,Total counts of figurine fragments.,,"""OK""","Total figurines. **Total figurines and ""puppet"" fragments are OK**, but the rest of the DF8 figurine data is so incomplete that it **SHOULD NOT BE USED AT ALL**.",,"Ceramic figurine counts. A total of 44,701 figurine fragments are recorded in DF9 (Figure 3.x). This total count is quite reliable, although occasionally analysts misclassified some fragments of other modeled objects as figurines, or the reverse. Fragments of jointed or ""puppet"" figurines (data field 181) were also readily recognized (total 4,892, Figure 3.x). However, virtually no data on figurines by phase were available for the creation of DF9 and data fields 172-180, figurine counts by phase, must be ignored. Data field 171 (figurine heads) is also not useful. Collections with exceptionally high numbers of figurine fragments are those from sites 4:N2E5 (341), 60`:N1E5 (264), and 5:N2E5 (262). These are all, however, from sites where exceptionally intensive collections were made, so these extreme numbers should be somewhat discounted. Perhaps more significant are sites such as 23:N5W3 (235) (now known as Cosotlan 23, where Kristin Sullivan has made an intensive surface collection [Sullivan 2007]), 79:N6W2 (176), 14:N5W3 (171) and 20W:N3E1 (136). These are among sites that might be compared with data field 288, which tabulates sites identified by Warren Barbour as having notable figurine concentrations. Sites with exceptionally high proportions of total figurines relative to total phased Miccaotli-Metepec sherds plus Thin Orange, where the denominator is 20 or more, are 74:N6W2 (60/37), 7:N5W3 (64/71), L18:N7E1 (35/46), and 37:N4W2 (28/40). These ratios should be treated with caution, because some cases may include considerable numbers of pre-Miccaotli or post-Metepec figurines, perhaps especially Aztec. Collections with unusually high proportions of ""puppet"" fragments relative to total phased Miccaotli-Metepec sherds plus Thin Orange are from 7:N5W3 (13/71), 66:N4E2 (7/57), 8:N6E1 (2/20), 46:N2W6 (2/22), and 43N:N1E5 (7/78). (None of these have yet had the benefit of Bayesian or other smoothing techniques.) Far more extensive tabulations of TMP figurines, by types, body parts, and attributes, as well as phases, were made by Dr. Kim Goldsmith in the 1980s. Sets of these paper records are in the Teotihuacan Archaeological Research Center and in Cowgill's possession at ASU. After unsatisfactory efforts to create an electronic file using an Apple II-E computer, these records have been entered by Kristin Sullivan and Janet Montoya into an Access database at ASU. This file will be an important addition to the data in the files we describe here [What is its name? Where can it be found?]. Especially important publications on Teotihuacan Period and later figurines include Barbour (1976, 1987, 1998), Goldsmith (2000), Scott (1982, 1993, 2001), and Montoya (____).",,FALSE,FALSE,FALSE,FALSE,FALSE,FALSE,
171,FIGHEADS,figHead,figHead,figHead,V213,cerNonVessel,Data_cerNonVessel,,Archaeology,Artifact Counts,Ceramics,-1,FALSE,Integer,Count,FALSE,,,Figurine heads,Total counts of figurine heads.,,"Includes animal heads but excludes detached headdresses. Incomplete, and should not be used at all.","Figurine Heads (includes animal heads but excludes detached headdresses). **Total figurines and ""puppet"" fragments are OK**, but the rest of the DF8 figurine data is so incomplete that it **SHOULD NOT BE USED AT ALL**.",,"Ceramic figurine counts. A total of 44,701 figurine fragments are recorded in DF9 (Figure 3.x). This total count is quite reliable, although occasionally analysts misclassified some fragments of other modeled objects as figurines, or the reverse. Fragments of jointed or ""puppet"" figurines (data field 181) were also readily recognized (total 4,892, Figure 3.x). However, virtually no data on figurines by phase were available for the creation of DF9 and data fields 172-180, figurine counts by phase, must be ignored. Data field 171 (figurine heads) is also not useful. Collections with exceptionally high numbers of figurine fragments are those from sites 4:N2E5 (341), 60`:N1E5 (264), and 5:N2E5 (262). These are all, however, from sites where exceptionally intensive collections were made, so these extreme numbers should be somewhat discounted. Perhaps more significant are sites such as 23:N5W3 (235) (now known as Cosotlan 23, where Kristin Sullivan has made an intensive surface collection [Sullivan 2007]), 79:N6W2 (176), 14:N5W3 (171) and 20W:N3E1 (136). These are among sites that might be compared with data field 288, which tabulates sites identified by Warren Barbour as having notable figurine concentrations. Sites with exceptionally high proportions of total figurines relative to total phased Miccaotli-Metepec sherds plus Thin Orange, where the denominator is 20 or more, are 74:N6W2 (60/37), 7:N5W3 (64/71), L18:N7E1 (35/46), and 37:N4W2 (28/40). These ratios should be treated with caution, because some cases may include considerable numbers of pre-Miccaotli or post-Metepec figurines, perhaps especially Aztec. Collections with unusually high proportions of ""puppet"" fragments relative to total phased Miccaotli-Metepec sherds plus Thin Orange are from 7:N5W3 (13/71), 66:N4E2 (7/57), 8:N6E1 (2/20), 46:N2W6 (2/22), and 43N:N1E5 (7/78). (None of these have yet had the benefit of Bayesian or other smoothing techniques.) Far more extensive tabulations of TMP figurines, by types, body parts, and attributes, as well as phases, were made by Dr. Kim Goldsmith in the 1980s. Sets of these paper records are in the Teotihuacan Archaeological Research Center and in Cowgill's possession at ASU. After unsatisfactory efforts to create an electronic file using an Apple II-E computer, these records have been entered by Kristin Sullivan and Janet Montoya into an Access database at ASU. This file will be an important addition to the data in the files we describe here [What is its name? Where can it be found?]. Especially important publications on Teotihuacan Period and later figurines include Barbour (1976, 1987, 1998), Goldsmith (2000), Scott (1982, 1993, 2001), and Montoya (____).",,FALSE,FALSE,FALSE,FALSE,FALSE,FALSE,
172,PPATFIGS,figPPat,figPPat,figPPat,V213,cerNonVessel,Data_cerNonVessel,,Archaeology,Artifact Counts,Ceramics,-1,FALSE,Integer,Count,FALSE,,,Pre-Patlachique figurines,Total counts of Pre-Patlachique figurines.,,"Incomplete, and should not be used at all.","Pre-Patlachique figurines. **Total figurines and ""puppet"" fragments are OK**, but the rest of the DF8 figurine data is so incomplete that it **SHOULD NOT BE USED AT ALL**.",,"Ceramic figurine counts. A total of 44,701 figurine fragments are recorded in DF9 (Figure 3.x). This total count is quite reliable, although occasionally analysts misclassified some fragments of other modeled objects as figurines, or the reverse. Fragments of jointed or ""puppet"" figurines (data field 181) were also readily recognized (total 4,892, Figure 3.x). However, virtually no data on figurines by phase were available for the creation of DF9 and data fields 172-180, figurine counts by phase, must be ignored. Data field 171 (figurine heads) is also not useful. Collections with exceptionally high numbers of figurine fragments are those from sites 4:N2E5 (341), 60`:N1E5 (264), and 5:N2E5 (262). These are all, however, from sites where exceptionally intensive collections were made, so these extreme numbers should be somewhat discounted. Perhaps more significant are sites such as 23:N5W3 (235) (now known as Cosotlan 23, where Kristin Sullivan has made an intensive surface collection [Sullivan 2007]), 79:N6W2 (176), 14:N5W3 (171) and 20W:N3E1 (136). These are among sites that might be compared with data field 288, which tabulates sites identified by Warren Barbour as having notable figurine concentrations. Sites with exceptionally high proportions of total figurines relative to total phased Miccaotli-Metepec sherds plus Thin Orange, where the denominator is 20 or more, are 74:N6W2 (60/37), 7:N5W3 (64/71), L18:N7E1 (35/46), and 37:N4W2 (28/40). These ratios should be treated with caution, because some cases may include considerable numbers of pre-Miccaotli or post-Metepec figurines, perhaps especially Aztec. Collections with unusually high proportions of ""puppet"" fragments relative to total phased Miccaotli-Metepec sherds plus Thin Orange are from 7:N5W3 (13/71), 66:N4E2 (7/57), 8:N6E1 (2/20), 46:N2W6 (2/22), and 43N:N1E5 (7/78). (None of these have yet had the benefit of Bayesian or other smoothing techniques.) Far more extensive tabulations of TMP figurines, by types, body parts, and attributes, as well as phases, were made by Dr. Kim Goldsmith in the 1980s. Sets of these paper records are in the Teotihuacan Archaeological Research Center and in Cowgill's possession at ASU. After unsatisfactory efforts to create an electronic file using an Apple II-E computer, these records have been entered by Kristin Sullivan and Janet Montoya into an Access database at ASU. This file will be an important addition to the data in the files we describe here [What is its name? Where can it be found?]. Especially important publications on Teotihuacan Period and later figurines include Barbour (1976, 1987, 1998), Goldsmith (2000), Scott (1982, 1993, 2001), and Montoya (____).",,FALSE,FALSE,FALSE,FALSE,FALSE,FALSE,
173,PATLFIGS,figPatl,figPatl,figPatl,V213,cerNonVessel,Data_cerNonVessel,,Archaeology,Artifact Counts,Ceramics,-1,FALSE,Integer,Count,FALSE,,,Patlachique,Total counts of Patlachique figurines.,,"Incomplete, and should not be used at all.","Patlachique figurines. **Total figurines and ""puppet"" fragments are OK**, but the rest of the DF8 figurine data is so incomplete that it **SHOULD NOT BE USED AT ALL**.",,"Ceramic figurine counts. A total of 44,701 figurine fragments are recorded in DF9 (Figure 3.x). This total count is quite reliable, although occasionally analysts misclassified some fragments of other modeled objects as figurines, or the reverse. Fragments of jointed or ""puppet"" figurines (data field 181) were also readily recognized (total 4,892, Figure 3.x). However, virtually no data on figurines by phase were available for the creation of DF9 and data fields 172-180, figurine counts by phase, must be ignored. Data field 171 (figurine heads) is also not useful. Collections with exceptionally high numbers of figurine fragments are those from sites 4:N2E5 (341), 60`:N1E5 (264), and 5:N2E5 (262). These are all, however, from sites where exceptionally intensive collections were made, so these extreme numbers should be somewhat discounted. Perhaps more significant are sites such as 23:N5W3 (235) (now known as Cosotlan 23, where Kristin Sullivan has made an intensive surface collection [Sullivan 2007]), 79:N6W2 (176), 14:N5W3 (171) and 20W:N3E1 (136). These are among sites that might be compared with data field 288, which tabulates sites identified by Warren Barbour as having notable figurine concentrations. Sites with exceptionally high proportions of total figurines relative to total phased Miccaotli-Metepec sherds plus Thin Orange, where the denominator is 20 or more, are 74:N6W2 (60/37), 7:N5W3 (64/71), L18:N7E1 (35/46), and 37:N4W2 (28/40). These ratios should be treated with caution, because some cases may include considerable numbers of pre-Miccaotli or post-Metepec figurines, perhaps especially Aztec. Collections with unusually high proportions of ""puppet"" fragments relative to total phased Miccaotli-Metepec sherds plus Thin Orange are from 7:N5W3 (13/71), 66:N4E2 (7/57), 8:N6E1 (2/20), 46:N2W6 (2/22), and 43N:N1E5 (7/78). (None of these have yet had the benefit of Bayesian or other smoothing techniques.) Far more extensive tabulations of TMP figurines, by types, body parts, and attributes, as well as phases, were made by Dr. Kim Goldsmith in the 1980s. Sets of these paper records are in the Teotihuacan Archaeological Research Center and in Cowgill's possession at ASU. After unsatisfactory efforts to create an electronic file using an Apple II-E computer, these records have been entered by Kristin Sullivan and Janet Montoya into an Access database at ASU. This file will be an important addition to the data in the files we describe here [What is its name? Where can it be found?]. Especially important publications on Teotihuacan Period and later figurines include Barbour (1976, 1987, 1998), Goldsmith (2000), Scott (1982, 1993, 2001), and Montoya (____).",,FALSE,FALSE,FALSE,FALSE,FALSE,FALSE,
174,TZACFIGS,figTzac,figTzac,figTzac,V214,cerNonVessel,Data_cerNonVessel,,Archaeology,Artifact Counts,Ceramics,-1,FALSE,Integer,Count,FALSE,,,Tzacualli,Total counts of Tzacualli figurines.,,"Incomplete, and should not be used at all.","Tzacualli figurines. **Total figurines and ""puppet"" fragments are OK**, but the rest of the DF8 figurine data is so incomplete that it **SHOULD NOT BE USED AT ALL**.",,"Ceramic figurine counts. A total of 44,701 figurine fragments are recorded in DF9 (Figure 3.x). This total count is quite reliable, although occasionally analysts misclassified some fragments of other modeled objects as figurines, or the reverse. Fragments of jointed or ""puppet"" figurines (data field 181) were also readily recognized (total 4,892, Figure 3.x). However, virtually no data on figurines by phase were available for the creation of DF9 and data fields 172-180, figurine counts by phase, must be ignored. Data field 171 (figurine heads) is also not useful. Collections with exceptionally high numbers of figurine fragments are those from sites 4:N2E5 (341), 60`:N1E5 (264), and 5:N2E5 (262). These are all, however, from sites where exceptionally intensive collections were made, so these extreme numbers should be somewhat discounted. Perhaps more significant are sites such as 23:N5W3 (235) (now known as Cosotlan 23, where Kristin Sullivan has made an intensive surface collection [Sullivan 2007]), 79:N6W2 (176), 14:N5W3 (171) and 20W:N3E1 (136). These are among sites that might be compared with data field 288, which tabulates sites identified by Warren Barbour as having notable figurine concentrations. Sites with exceptionally high proportions of total figurines relative to total phased Miccaotli-Metepec sherds plus Thin Orange, where the denominator is 20 or more, are 74:N6W2 (60/37), 7:N5W3 (64/71), L18:N7E1 (35/46), and 37:N4W2 (28/40). These ratios should be treated with caution, because some cases may include considerable numbers of pre-Miccaotli or post-Metepec figurines, perhaps especially Aztec. Collections with unusually high proportions of ""puppet"" fragments relative to total phased Miccaotli-Metepec sherds plus Thin Orange are from 7:N5W3 (13/71), 66:N4E2 (7/57), 8:N6E1 (2/20), 46:N2W6 (2/22), and 43N:N1E5 (7/78). (None of these have yet had the benefit of Bayesian or other smoothing techniques.) Far more extensive tabulations of TMP figurines, by types, body parts, and attributes, as well as phases, were made by Dr. Kim Goldsmith in the 1980s. Sets of these paper records are in the Teotihuacan Archaeological Research Center and in Cowgill's possession at ASU. After unsatisfactory efforts to create an electronic file using an Apple II-E computer, these records have been entered by Kristin Sullivan and Janet Montoya into an Access database at ASU. This file will be an important addition to the data in the files we describe here [What is its name? Where can it be found?]. Especially important publications on Teotihuacan Period and later figurines include Barbour (1976, 1987, 1998), Goldsmith (2000), Scott (1982, 1993, 2001), and Montoya (____).",,FALSE,FALSE,FALSE,FALSE,FALSE,FALSE,
175,MICCFIGS,figMicc,figMic,figMicc,V214,cerNonVessel,Data_cerNonVessel,,Archaeology,Artifact Counts,Ceramics,-1,FALSE,Integer,Count,FALSE,,,Miccaotli,Total counts of Miccaotli figurines.,,"Incomplete, and should not be used at all.","Miccaotli figurines. **Total figurines and ""puppet"" fragments are OK**, but the rest of the DF8 figurine data is so incomplete that it **SHOULD NOT BE USED AT ALL**.",,"Ceramic figurine counts. A total of 44,701 figurine fragments are recorded in DF9 (Figure 3.x). This total count is quite reliable, although occasionally analysts misclassified some fragments of other modeled objects as figurines, or the reverse. Fragments of jointed or ""puppet"" figurines (data field 181) were also readily recognized (total 4,892, Figure 3.x). However, virtually no data on figurines by phase were available for the creation of DF9 and data fields 172-180, figurine counts by phase, must be ignored. Data field 171 (figurine heads) is also not useful. Collections with exceptionally high numbers of figurine fragments are those from sites 4:N2E5 (341), 60`:N1E5 (264), and 5:N2E5 (262). These are all, however, from sites where exceptionally intensive collections were made, so these extreme numbers should be somewhat discounted. Perhaps more significant are sites such as 23:N5W3 (235) (now known as Cosotlan 23, where Kristin Sullivan has made an intensive surface collection [Sullivan 2007]), 79:N6W2 (176), 14:N5W3 (171) and 20W:N3E1 (136). These are among sites that might be compared with data field 288, which tabulates sites identified by Warren Barbour as having notable figurine concentrations. Sites with exceptionally high proportions of total figurines relative to total phased Miccaotli-Metepec sherds plus Thin Orange, where the denominator is 20 or more, are 74:N6W2 (60/37), 7:N5W3 (64/71), L18:N7E1 (35/46), and 37:N4W2 (28/40). These ratios should be treated with caution, because some cases may include considerable numbers of pre-Miccaotli or post-Metepec figurines, perhaps especially Aztec. Collections with unusually high proportions of ""puppet"" fragments relative to total phased Miccaotli-Metepec sherds plus Thin Orange are from 7:N5W3 (13/71), 66:N4E2 (7/57), 8:N6E1 (2/20), 46:N2W6 (2/22), and 43N:N1E5 (7/78). (None of these have yet had the benefit of Bayesian or other smoothing techniques.) Far more extensive tabulations of TMP figurines, by types, body parts, and attributes, as well as phases, were made by Dr. Kim Goldsmith in the 1980s. Sets of these paper records are in the Teotihuacan Archaeological Research Center and in Cowgill's possession at ASU. After unsatisfactory efforts to create an electronic file using an Apple II-E computer, these records have been entered by Kristin Sullivan and Janet Montoya into an Access database at ASU. This file will be an important addition to the data in the files we describe here [What is its name? Where can it be found?]. Especially important publications on Teotihuacan Period and later figurines include Barbour (1976, 1987, 1998), Goldsmith (2000), Scott (1982, 1993, 2001), and Montoya (____).",,FALSE,FALSE,FALSE,FALSE,FALSE,FALSE,
176,TLAMFIGS,figTlam,figTlam,figTlam,V214,cerNonVessel,Data_cerNonVessel,,Archaeology,Artifact Counts,Ceramics,-1,FALSE,Integer,Count,FALSE,,,Tlamimilolpa,Total counts of Tlamimilolpa figurines.,,"Incomplete, and should not be used at all.","Tlamimilolpa figurines. **Total figurines and ""puppet"" fragments are OK**, but the rest of the DF8 figurine data is so incomplete that it **SHOULD NOT BE USED AT ALL**.",,"Ceramic figurine counts. A total of 44,701 figurine fragments are recorded in DF9 (Figure 3.x). This total count is quite reliable, although occasionally analysts misclassified some fragments of other modeled objects as figurines, or the reverse. Fragments of jointed or ""puppet"" figurines (data field 181) were also readily recognized (total 4,892, Figure 3.x). However, virtually no data on figurines by phase were available for the creation of DF9 and data fields 172-180, figurine counts by phase, must be ignored. Data field 171 (figurine heads) is also not useful. Collections with exceptionally high numbers of figurine fragments are those from sites 4:N2E5 (341), 60`:N1E5 (264), and 5:N2E5 (262). These are all, however, from sites where exceptionally intensive collections were made, so these extreme numbers should be somewhat discounted. Perhaps more significant are sites such as 23:N5W3 (235) (now known as Cosotlan 23, where Kristin Sullivan has made an intensive surface collection [Sullivan 2007]), 79:N6W2 (176), 14:N5W3 (171) and 20W:N3E1 (136). These are among sites that might be compared with data field 288, which tabulates sites identified by Warren Barbour as having notable figurine concentrations. Sites with exceptionally high proportions of total figurines relative to total phased Miccaotli-Metepec sherds plus Thin Orange, where the denominator is 20 or more, are 74:N6W2 (60/37), 7:N5W3 (64/71), L18:N7E1 (35/46), and 37:N4W2 (28/40). These ratios should be treated with caution, because some cases may include considerable numbers of pre-Miccaotli or post-Metepec figurines, perhaps especially Aztec. Collections with unusually high proportions of ""puppet"" fragments relative to total phased Miccaotli-Metepec sherds plus Thin Orange are from 7:N5W3 (13/71), 66:N4E2 (7/57), 8:N6E1 (2/20), 46:N2W6 (2/22), and 43N:N1E5 (7/78). (None of these have yet had the benefit of Bayesian or other smoothing techniques.) Far more extensive tabulations of TMP figurines, by types, body parts, and attributes, as well as phases, were made by Dr. Kim Goldsmith in the 1980s. Sets of these paper records are in the Teotihuacan Archaeological Research Center and in Cowgill's possession at ASU. After unsatisfactory efforts to create an electronic file using an Apple II-E computer, these records have been entered by Kristin Sullivan and Janet Montoya into an Access database at ASU. This file will be an important addition to the data in the files we describe here [What is its name? Where can it be found?]. Especially important publications on Teotihuacan Period and later figurines include Barbour (1976, 1987, 1998), Goldsmith (2000), Scott (1982, 1993, 2001), and Montoya (____).",,FALSE,FALSE,FALSE,FALSE,FALSE,FALSE,
177,XOLAFIGS,figXola,figXola,figXola,V214,cerNonVessel,Data_cerNonVessel,,Archaeology,Artifact Counts,Ceramics,-1,FALSE,Integer,Count,FALSE,,,Xolalpan,Total counts of Xolalpan figurines.,,"Incomplete, and should not be used at all.","Xolalpan figurines. **Total figurines and ""puppet"" fragments are OK**, but the rest of the DF8 figurine data is so incomplete that it **SHOULD NOT BE USED AT ALL**.",,"Ceramic figurine counts. A total of 44,701 figurine fragments are recorded in DF9 (Figure 3.x). This total count is quite reliable, although occasionally analysts misclassified some fragments of other modeled objects as figurines, or the reverse. Fragments of jointed or ""puppet"" figurines (data field 181) were also readily recognized (total 4,892, Figure 3.x). However, virtually no data on figurines by phase were available for the creation of DF9 and data fields 172-180, figurine counts by phase, must be ignored. Data field 171 (figurine heads) is also not useful. Collections with exceptionally high numbers of figurine fragments are those from sites 4:N2E5 (341), 60`:N1E5 (264), and 5:N2E5 (262). These are all, however, from sites where exceptionally intensive collections were made, so these extreme numbers should be somewhat discounted. Perhaps more significant are sites such as 23:N5W3 (235) (now known as Cosotlan 23, where Kristin Sullivan has made an intensive surface collection [Sullivan 2007]), 79:N6W2 (176), 14:N5W3 (171) and 20W:N3E1 (136). These are among sites that might be compared with data field 288, which tabulates sites identified by Warren Barbour as having notable figurine concentrations. Sites with exceptionally high proportions of total figurines relative to total phased Miccaotli-Metepec sherds plus Thin Orange, where the denominator is 20 or more, are 74:N6W2 (60/37), 7:N5W3 (64/71), L18:N7E1 (35/46), and 37:N4W2 (28/40). These ratios should be treated with caution, because some cases may include considerable numbers of pre-Miccaotli or post-Metepec figurines, perhaps especially Aztec. Collections with unusually high proportions of ""puppet"" fragments relative to total phased Miccaotli-Metepec sherds plus Thin Orange are from 7:N5W3 (13/71), 66:N4E2 (7/57), 8:N6E1 (2/20), 46:N2W6 (2/22), and 43N:N1E5 (7/78). (None of these have yet had the benefit of Bayesian or other smoothing techniques.) Far more extensive tabulations of TMP figurines, by types, body parts, and attributes, as well as phases, were made by Dr. Kim Goldsmith in the 1980s. Sets of these paper records are in the Teotihuacan Archaeological Research Center and in Cowgill's possession at ASU. After unsatisfactory efforts to create an electronic file using an Apple II-E computer, these records have been entered by Kristin Sullivan and Janet Montoya into an Access database at ASU. This file will be an important addition to the data in the files we describe here [What is its name? Where can it be found?]. Especially important publications on Teotihuacan Period and later figurines include Barbour (1976, 1987, 1998), Goldsmith (2000), Scott (1982, 1993, 2001), and Montoya (____).",,FALSE,FALSE,FALSE,FALSE,FALSE,FALSE,
178,METEFIGS,figMete,figMete,figMete,V214,cerNonVessel,Data_cerNonVessel,,Archaeology,Artifact Counts,Ceramics,-1,FALSE,Integer,Count,FALSE,,,Metepec,Total counts of Metepec figurines.,,"Incomplete, and should not be used at all.","Metepec figurines. **Total figurines and ""puppet"" fragments are OK**, but the rest of the DF8 figurine data is so incomplete that it **SHOULD NOT BE USED AT ALL**.",,"Ceramic figurine counts. A total of 44,701 figurine fragments are recorded in DF9 (Figure 3.x). This total count is quite reliable, although occasionally analysts misclassified some fragments of other modeled objects as figurines, or the reverse. Fragments of jointed or ""puppet"" figurines (data field 181) were also readily recognized (total 4,892, Figure 3.x). However, virtually no data on figurines by phase were available for the creation of DF9 and data fields 172-180, figurine counts by phase, must be ignored. Data field 171 (figurine heads) is also not useful. Collections with exceptionally high numbers of figurine fragments are those from sites 4:N2E5 (341), 60`:N1E5 (264), and 5:N2E5 (262). These are all, however, from sites where exceptionally intensive collections were made, so these extreme numbers should be somewhat discounted. Perhaps more significant are sites such as 23:N5W3 (235) (now known as Cosotlan 23, where Kristin Sullivan has made an intensive surface collection [Sullivan 2007]), 79:N6W2 (176), 14:N5W3 (171) and 20W:N3E1 (136). These are among sites that might be compared with data field 288, which tabulates sites identified by Warren Barbour as having notable figurine concentrations. Sites with exceptionally high proportions of total figurines relative to total phased Miccaotli-Metepec sherds plus Thin Orange, where the denominator is 20 or more, are 74:N6W2 (60/37), 7:N5W3 (64/71), L18:N7E1 (35/46), and 37:N4W2 (28/40). These ratios should be treated with caution, because some cases may include considerable numbers of pre-Miccaotli or post-Metepec figurines, perhaps especially Aztec. Collections with unusually high proportions of ""puppet"" fragments relative to total phased Miccaotli-Metepec sherds plus Thin Orange are from 7:N5W3 (13/71), 66:N4E2 (7/57), 8:N6E1 (2/20), 46:N2W6 (2/22), and 43N:N1E5 (7/78). (None of these have yet had the benefit of Bayesian or other smoothing techniques.) Far more extensive tabulations of TMP figurines, by types, body parts, and attributes, as well as phases, were made by Dr. Kim Goldsmith in the 1980s. Sets of these paper records are in the Teotihuacan Archaeological Research Center and in Cowgill's possession at ASU. After unsatisfactory efforts to create an electronic file using an Apple II-E computer, these records have been entered by Kristin Sullivan and Janet Montoya into an Access database at ASU. This file will be an important addition to the data in the files we describe here [What is its name? Where can it be found?]. Especially important publications on Teotihuacan Period and later figurines include Barbour (1976, 1987, 1998), Goldsmith (2000), Scott (1982, 1993, 2001), and Montoya (____).",,FALSE,FALSE,FALSE,FALSE,FALSE,FALSE,
179,TOLTFIGS,figTolt,figTolt,figTolt,V214,cerNonVessel,Data_cerNonVessel,,Archaeology,Artifact Counts,Ceramics,-1,FALSE,Integer,Count,FALSE,,,"""Toltec""","Total counts of ""Toltec"" figurines.",,"Incomplete, and should not be used at all.","""Toltec"" figurines. **Total figurines and ""puppet"" fragments are OK**, but the rest of the DF8 figurine data is so incomplete that it **SHOULD NOT BE USED AT ALL**.",,"Ceramic figurine counts. A total of 44,701 figurine fragments are recorded in DF9 (Figure 3.x). This total count is quite reliable, although occasionally analysts misclassified some fragments of other modeled objects as figurines, or the reverse. Fragments of jointed or ""puppet"" figurines (data field 181) were also readily recognized (total 4,892, Figure 3.x). However, virtually no data on figurines by phase were available for the creation of DF9 and data fields 172-180, figurine counts by phase, must be ignored. Data field 171 (figurine heads) is also not useful. Collections with exceptionally high numbers of figurine fragments are those from sites 4:N2E5 (341), 60`:N1E5 (264), and 5:N2E5 (262). These are all, however, from sites where exceptionally intensive collections were made, so these extreme numbers should be somewhat discounted. Perhaps more significant are sites such as 23:N5W3 (235) (now known as Cosotlan 23, where Kristin Sullivan has made an intensive surface collection [Sullivan 2007]), 79:N6W2 (176), 14:N5W3 (171) and 20W:N3E1 (136). These are among sites that might be compared with data field 288, which tabulates sites identified by Warren Barbour as having notable figurine concentrations. Sites with exceptionally high proportions of total figurines relative to total phased Miccaotli-Metepec sherds plus Thin Orange, where the denominator is 20 or more, are 74:N6W2 (60/37), 7:N5W3 (64/71), L18:N7E1 (35/46), and 37:N4W2 (28/40). These ratios should be treated with caution, because some cases may include considerable numbers of pre-Miccaotli or post-Metepec figurines, perhaps especially Aztec. Collections with unusually high proportions of ""puppet"" fragments relative to total phased Miccaotli-Metepec sherds plus Thin Orange are from 7:N5W3 (13/71), 66:N4E2 (7/57), 8:N6E1 (2/20), 46:N2W6 (2/22), and 43N:N1E5 (7/78). (None of these have yet had the benefit of Bayesian or other smoothing techniques.) Far more extensive tabulations of TMP figurines, by types, body parts, and attributes, as well as phases, were made by Dr. Kim Goldsmith in the 1980s. Sets of these paper records are in the Teotihuacan Archaeological Research Center and in Cowgill's possession at ASU. After unsatisfactory efforts to create an electronic file using an Apple II-E computer, these records have been entered by Kristin Sullivan and Janet Montoya into an Access database at ASU. This file will be an important addition to the data in the files we describe here [What is its name? Where can it be found?]. Especially important publications on Teotihuacan Period and later figurines include Barbour (1976, 1987, 1998), Goldsmith (2000), Scott (1982, 1993, 2001), and Montoya (____).",,FALSE,FALSE,FALSE,FALSE,FALSE,FALSE,
180,AZTEFIGS,figAzte,figAzte,figAzte,V214,cerNonVessel,Data_cerNonVessel,,Archaeology,Artifact Counts,Ceramics,-1,FALSE,Integer,Count,FALSE,,,Aztec,Total counts of Aztec figurines.,,"Incomplete, and should not be used at all.","Aztec figurines. **Total figurines and ""puppet"" fragments are OK**, but the rest of the DF8 figurine data is so incomplete that it **SHOULD NOT BE USED AT ALL**.",,"Ceramic figurine counts. A total of 44,701 figurine fragments are recorded in DF9 (Figure 3.x). This total count is quite reliable, although occasionally analysts misclassified some fragments of other modeled objects as figurines, or the reverse. Fragments of jointed or ""puppet"" figurines (data field 181) were also readily recognized (total 4,892, Figure 3.x). However, virtually no data on figurines by phase were available for the creation of DF9 and data fields 172-180, figurine counts by phase, must be ignored. Data field 171 (figurine heads) is also not useful. Collections with exceptionally high numbers of figurine fragments are those from sites 4:N2E5 (341), 60`:N1E5 (264), and 5:N2E5 (262). These are all, however, from sites where exceptionally intensive collections were made, so these extreme numbers should be somewhat discounted. Perhaps more significant are sites such as 23:N5W3 (235) (now known as Cosotlan 23, where Kristin Sullivan has made an intensive surface collection [Sullivan 2007]), 79:N6W2 (176), 14:N5W3 (171) and 20W:N3E1 (136). These are among sites that might be compared with data field 288, which tabulates sites identified by Warren Barbour as having notable figurine concentrations. Sites with exceptionally high proportions of total figurines relative to total phased Miccaotli-Metepec sherds plus Thin Orange, where the denominator is 20 or more, are 74:N6W2 (60/37), 7:N5W3 (64/71), L18:N7E1 (35/46), and 37:N4W2 (28/40). These ratios should be treated with caution, because some cases may include considerable numbers of pre-Miccaotli or post-Metepec figurines, perhaps especially Aztec. Collections with unusually high proportions of ""puppet"" fragments relative to total phased Miccaotli-Metepec sherds plus Thin Orange are from 7:N5W3 (13/71), 66:N4E2 (7/57), 8:N6E1 (2/20), 46:N2W6 (2/22), and 43N:N1E5 (7/78). (None of these have yet had the benefit of Bayesian or other smoothing techniques.) Far more extensive tabulations of TMP figurines, by types, body parts, and attributes, as well as phases, were made by Dr. Kim Goldsmith in the 1980s. Sets of these paper records are in the Teotihuacan Archaeological Research Center and in Cowgill's possession at ASU. After unsatisfactory efforts to create an electronic file using an Apple II-E computer, these records have been entered by Kristin Sullivan and Janet Montoya into an Access database at ASU. This file will be an important addition to the data in the files we describe here [What is its name? Where can it be found?]. Especially important publications on Teotihuacan Period and later figurines include Barbour (1976, 1987, 1998), Goldsmith (2000), Scott (1982, 1993, 2001), and Montoya (____).",,FALSE,FALSE,FALSE,FALSE,FALSE,FALSE,
181,PUPPFIGS,figPupp,figPupp,figPupp,V214,cerNonVessel,Data_cerNonVessel,,Archaeology,Artifact Counts,Ceramics,-1,FALSE,Integer,Count,FALSE,,,"""Puppet"" fragments","Total counts of ""puppet"" figurines.",,"""OK""","""Puppet"" figurine fragments. **Total figurines and ""puppet"" fragments are OK**, but the rest of the DF8 figurine data is so incomplete that it **SHOULD NOT BE USED AT ALL**.",,"Ceramic figurine counts. A total of 44,701 figurine fragments are recorded in DF9 (Figure 3.x). This total count is quite reliable, although occasionally analysts misclassified some fragments of other modeled objects as figurines, or the reverse. Fragments of jointed or ""puppet"" figurines (data field 181) were also readily recognized (total 4,892, Figure 3.x). However, virtually no data on figurines by phase were available for the creation of DF9 and data fields 172-180, figurine counts by phase, must be ignored. Data field 171 (figurine heads) is also not useful. Collections with exceptionally high numbers of figurine fragments are those from sites 4:N2E5 (341), 60`:N1E5 (264), and 5:N2E5 (262). These are all, however, from sites where exceptionally intensive collections were made, so these extreme numbers should be somewhat discounted. Perhaps more significant are sites such as 23:N5W3 (235) (now known as Cosotlan 23, where Kristin Sullivan has made an intensive surface collection [Sullivan 2007]), 79:N6W2 (176), 14:N5W3 (171) and 20W:N3E1 (136). These are among sites that might be compared with data field 288, which tabulates sites identified by Warren Barbour as having notable figurine concentrations. Sites with exceptionally high proportions of total figurines relative to total phased Miccaotli-Metepec sherds plus Thin Orange, where the denominator is 20 or more, are 74:N6W2 (60/37), 7:N5W3 (64/71), L18:N7E1 (35/46), and 37:N4W2 (28/40). These ratios should be treated with caution, because some cases may include considerable numbers of pre-Miccaotli or post-Metepec figurines, perhaps especially Aztec. Collections with unusually high proportions of ""puppet"" fragments relative to total phased Miccaotli-Metepec sherds plus Thin Orange are from 7:N5W3 (13/71), 66:N4E2 (7/57), 8:N6E1 (2/20), 46:N2W6 (2/22), and 43N:N1E5 (7/78). (None of these have yet had the benefit of Bayesian or other smoothing techniques.) Far more extensive tabulations of TMP figurines, by types, body parts, and attributes, as well as phases, were made by Dr. Kim Goldsmith in the 1980s. Sets of these paper records are in the Teotihuacan Archaeological Research Center and in Cowgill's possession at ASU. After unsatisfactory efforts to create an electronic file using an Apple II-E computer, these records have been entered by Kristin Sullivan and Janet Montoya into an Access database at ASU. This file will be an important addition to the data in the files we describe here [What is its name? Where can it be found?]. Especially important publications on Teotihuacan Period and later figurines include Barbour (1976, 1987, 1998), Goldsmith (2000), Scott (1982, 1993, 2001), and Montoya (____).",,FALSE,FALSE,FALSE,FALSE,FALSE,FALSE,
182,SPINWHRL,spindleWhorl,spindleWhorl,spindleWhorl,V214,cerNonVessel,Data_cerNonVessel,,Archaeology,Artifact Counts,Ceramics,-1,FALSE,Integer,Count,FALSE,,,Spindle whorls,Counts of spindle whorls.,,Probably nearly all Aztec. Inattentive coders probably missed a few occurences of the less common categories.,Spindle whorls (probably nearly all Aztec),"Ceramic spindle whorls. The TMP collected 460 spindle whorls (Figure 3.x), but they are nearly all Aztec. Spindle whorls that likely date to the Teotihuacan-period are rare. Mary Parsons (1972) discusses Teotihuacan Valley spindle whorls and Oralia Cabrera (2001) discusses the Teotihuacan textile industry.",,,FALSE,FALSE,FALSE,FALSE,FALSE,FALSE,
183,SEALSTMP,sealStamp,sealStamp,sealStamp,V214,cerNonVessel,Data_cerNonVessel,,Archaeology,Artifact Counts,Ceramics,-1,FALSE,Integer,Count,FALSE,,,Seals and stamps,Counts of seals and stamps.,,Inattentive coders probably missed a few occurences of the less common categories.,Seals and stamps. Inattentive coders probably missed a few occurrences.,"Ceramic seals and stamps. It is probable that many of these, but not all, are post-Teotihuacan. DF9 serves essentially as an aid to researchers interested in examining the actual objects.",,,FALSE,FALSE,FALSE,FALSE,FALSE,FALSE,
184,EARSPOOL,earSpool,earSpool,earSpool,V214,cerNonVessel,Data_cerNonVessel,,Archaeology,Artifact Counts,Ceramics,-1,FALSE,Integer,Count,FALSE,,,Earspools,Counts of earspools.,,Inattentive coders probably missed a few occurences of the less common categories.,Earspools. Inattentive coders probably missed a few occurrences.,Ceramic earspools. Many of these may be pre- or post-Teotihuacan.,,,FALSE,FALSE,FALSE,FALSE,FALSE,FALSE,
185,WHISTLES,whistle,whistle,whistle,V214,cerNonVessel,Data_cerNonVessel,,Archaeology,Artifact Counts,Ceramics,-1,FALSE,Integer,Count,FALSE,,,Whistles,Counts of whistles.,,Inattentive coders probably missed a few occurences of the less common categories.,Whistles. Inattentive coders probably missed a few occurrences.,Ceramics whistles. Many of these may be pre- or post-Teotihuacan.,,,FALSE,FALSE,FALSE,FALSE,FALSE,FALSE,
186,FLUTES,flute,flute,flute,V215,cerNonVessel,Data_cerNonVessel,,Archaeology,Artifact Counts,Ceramics,-1,FALSE,Integer,Count,FALSE,,,Flutes,Counts of flutes.,,Doesn't include simple clay tubes. Inattentive coders probably missed a few occurences of the less common categories.,Flutes (not including simple clay tubes). Inattentive coders probably missed a few occurrences.,Ceramic flutes. This category does not include simple clay tubes. Many of these may be pre- or post-Teotihuacan. Arne Adje Both (20__) has recently published on musical instruments at Teotihuacan.,,,FALSE,FALSE,FALSE,FALSE,FALSE,FALSE,
187,CERANWK1,labAnalysts,workLab1,labAnalyst1,V215,labAnalysts,Data_labAnalysts,Codes_personnel,Metadata,Survey Methods Metadata,Personnel Involved,-1,TRUE,Integer,Nominal,TRUE,Unordered,1=René Millon; 2=Bruce Drewitt; 3=James A. Bennyhoff; 4=Pedro Baños; 5=George L. Cowgill; 6=Michael W. Spence; 7=Matthew Wallrath; 8=Joseph D. Marino; 9=Warren T. D. Barbour; 10=Arnulfo de Lucio; 11=José de Lucio; 12=Darlena K. Blucher; 13=Daniel W. Hungerford; 14=Donald R. Sutherland; 15=S. Jeffrey K. Wilkerson; 16=Steve M. Sharnoff; 17=Silvestre Sánchez; 18=Charles K. Fletcher; 19=Charles C. Kolb; 20=Clara Millon; 21=Wendy Drewitt; 22=James W. Dow; 23=Mario de Lucio; 24=Paul Shankman; 25=Chris D. Dodds; 26=G. Raymond Krotser; 27=A. Jane Quisenberry; 28=Michael S. West; 29=Dan B. Bruhns; 30=Karen O. Bruhns; 31=Silvia G. Duran; 32=Erica West,Ceramic analyst,,,,Persons mainly responsible for the ceramic analysis. The coding categories and system for vars. 187-189 are the same as for vars.6-10 (field workers).,,"Up to three persons most responsible for the ceramic analysis. DF9 is often highly misleading because coders tended to simply include anyone whose initials were on the SSR on which the relevant ceramic analysis data were recorded because they had been part of the field crew, even though they had nothing to do with the ceramic tabulations used for DF9, which were often added long after the field survey. Persons who may have actually been responsible for a ceramic analysis include René Millon (a maximum of 16 cases), Bruce Drewitt (358 or far fewer??), James Bennyhoff (194), Pedro Baños (2,567 fewer?), Michael Spence (311?, but maybe none?), Matthew Wallrath (1,004 none?), Warren Barbour (248 none?), José de Lucio (1,682 did quite a few). Others listed in data fields 187-189 were responsible for very few, if any, of the ceramic analyses represented in DF9, even when their names occur very often (e.g., Arnulfo de Lucio [2,280] and Silvestre Sánchez [1,103]). (I think the great majority were done by Pedro Baños, José de Lucio, and probably Matt Wallrath, whose counts add to 5,253. At least a few actually done by Jim Bennyhoff appear in DF9, as do 3 done by Erica West under Jim's supervision. We really have to go back to the SSRs and code sheets to disentangle who was really responsible for the DF9 tabulation in most cases. Ultimately a map of who probably really did which analyses may be useful.)",,FALSE,FALSE,TRUE,FALSE,FALSE,TRUE,Change to Presence/Absence for each person;; This would mean converting these 5 variables into 32 boolean variables (one for each lab worker) -- or 24 boolean variables if excluding the 8 of 32 personnel that are not present in any row
188,CERANWK2,labAnalysts,workLab2,labAnalyst2,V215,labAnalysts,Data_labAnalysts,Codes_personnel,Metadata,Survey Methods Metadata,Personnel Involved,-1,TRUE,Integer,Nominal,TRUE,Unordered,1=René Millon; 2=Bruce Drewitt; 3=James A. Bennyhoff; 4=Pedro Baños; 5=George L. Cowgill; 6=Michael W. Spence; 7=Matthew Wallrath; 8=Joseph D. Marino; 9=Warren T. D. Barbour; 10=Arnulfo de Lucio; 11=José de Lucio; 12=Darlena K. Blucher; 13=Daniel W. Hungerford; 14=Donald R. Sutherland; 15=S. Jeffrey K. Wilkerson; 16=Steve M. Sharnoff; 17=Silvestre Sánchez; 18=Charles K. Fletcher; 19=Charles C. Kolb; 20=Clara Millon; 21=Wendy Drewitt; 22=James W. Dow; 23=Mario de Lucio; 24=Paul Shankman; 25=Chris D. Dodds; 26=G. Raymond Krotser; 27=A. Jane Quisenberry; 28=Michael S. West; 29=Dan B. Bruhns; 30=Karen O. Bruhns; 31=Silvia G. Duran; 32=Erica West,Ceramic analyst,,,,Persons mainly responsible for the ceramic analysis. The coding categories and system for vars. 187-189 are the same as for vars.6-10 (field workers).,,"Up to three persons most responsible for the ceramic analysis. DF9 is often highly misleading because coders tended to simply include anyone whose initials were on the SSR on which the relevant ceramic analysis data were recorded because they had been part of the field crew, even though they had nothing to do with the ceramic tabulations used for DF9, which were often added long after the field survey. Persons who may have actually been responsible for a ceramic analysis include René Millon (a maximum of 16 cases), Bruce Drewitt (358 or far fewer??), James Bennyhoff (194), Pedro Baños (2,567 fewer?), Michael Spence (311?, but maybe none?), Matthew Wallrath (1,004 none?), Warren Barbour (248 none?), José de Lucio (1,682 did quite a few). Others listed in data fields 187-189 were responsible for very few, if any, of the ceramic analyses represented in DF9, even when their names occur very often (e.g., Arnulfo de Lucio [2,280] and Silvestre Sánchez [1,103]). (I think the great majority were done by Pedro Baños, José de Lucio, and probably Matt Wallrath, whose counts add to 5,253. At least a few actually done by Jim Bennyhoff appear in DF9, as do 3 done by Erica West under Jim's supervision. We really have to go back to the SSRs and code sheets to disentangle who was really responsible for the DF9 tabulation in most cases. Ultimately a map of who probably really did which analyses may be useful.)",,FALSE,FALSE,TRUE,FALSE,FALSE,TRUE,Change to Presence/Absence for each person;; This would mean converting these 5 variables into 32 boolean variables (one for each lab worker) -- or 24 boolean variables if excluding the 8 of 32 personnel that are not present in any row
189,CERANWK3,labAnalysts,workLab3,labAnalyst3,V215,labAnalysts,Data_labAnalysts,Codes_personnel,Metadata,Survey Methods Metadata,Personnel Involved,-1,TRUE,Integer,Nominal,TRUE,Unordered,1=René Millon; 2=Bruce Drewitt; 3=James A. Bennyhoff; 4=Pedro Baños; 5=George L. Cowgill; 6=Michael W. Spence; 7=Matthew Wallrath; 8=Joseph D. Marino; 9=Warren T. D. Barbour; 10=Arnulfo de Lucio; 11=José de Lucio; 12=Darlena K. Blucher; 13=Daniel W. Hungerford; 14=Donald R. Sutherland; 15=S. Jeffrey K. Wilkerson; 16=Steve M. Sharnoff; 17=Silvestre Sánchez; 18=Charles K. Fletcher; 19=Charles C. Kolb; 20=Clara Millon; 21=Wendy Drewitt; 22=James W. Dow; 23=Mario de Lucio; 24=Paul Shankman; 25=Chris D. Dodds; 26=G. Raymond Krotser; 27=A. Jane Quisenberry; 28=Michael S. West; 29=Dan B. Bruhns; 30=Karen O. Bruhns; 31=Silvia G. Duran; 32=Erica West,Ceramic analyst,,,,Persons mainly responsible for the ceramic analysis. The coding categories and system for vars. 187-189 are the same as for vars.6-10 (field workers).,,"Up to three persons most responsible for the ceramic analysis. DF9 is often highly misleading because coders tended to simply include anyone whose initials were on the SSR on which the relevant ceramic analysis data were recorded because they had been part of the field crew, even though they had nothing to do with the ceramic tabulations used for DF9, which were often added long after the field survey. Persons who may have actually been responsible for a ceramic analysis include René Millon (a maximum of 16 cases), Bruce Drewitt (358 or far fewer??), James Bennyhoff (194), Pedro Baños (2,567 fewer?), Michael Spence (311?, but maybe none?), Matthew Wallrath (1,004 none?), Warren Barbour (248 none?), José de Lucio (1,682 did quite a few). Others listed in data fields 187-189 were responsible for very few, if any, of the ceramic analyses represented in DF9, even when their names occur very often (e.g., Arnulfo de Lucio [2,280] and Silvestre Sánchez [1,103]). (I think the great majority were done by Pedro Baños, José de Lucio, and probably Matt Wallrath, whose counts add to 5,253. At least a few actually done by Jim Bennyhoff appear in DF9, as do 3 done by Erica West under Jim's supervision. We really have to go back to the SSRs and code sheets to disentangle who was really responsible for the DF9 tabulation in most cases. Ultimately a map of who probably really did which analyses may be useful.)",,FALSE,FALSE,TRUE,FALSE,FALSE,TRUE,Change to Presence/Absence for each person;; This would mean converting these 5 variables into 32 boolean variables (one for each lab worker) -- or 24 boolean variables if excluding the 8 of 32 personnel that are not present in any row
190,CERANYR,analysisYear,analysisYear,analysisYear,V215,admin,Data_admin,,Metadata,Survey Methods Metadata,Temporal Provenience,-1,FALSE,Integer,Interval,FALSE,,,Year of ceramic analysis,The last two digits of the year in which the ceramic analysis occurred.,,Analyses carried out in December are coded for the following year.,Year of ceramic analysis. The last two digits of the year are given. December of each year gets assigned to the next year.,,"Year and quarter of the ceramic analysis. Most of the ceramic analyses used in DF9 were done between 1965 and 1967, although a few were done as early as 1962 (likely by James Bennyhoff or under his close supervision) or as late as 1971. Counts by year are 1962 (28), 1963 (158), 1964 (298), 1965 (1,160), 1966 (1,464), 1967 (1,335), 1968 (186), 1969 (61), 1970 (104), and 1971 (29).  (As w/ vars 11-12, we must look up how it was handled when collections made at different times were merged.) Data field 191 codes quarters in which the analyses were done; 1 = December (of previous year) to February (1,141), 2 = March to May (904), 3 = June to August (1,429), and 4 = September to November (1,343).",,FALSE,FALSE,FALSE,FALSE,FALSE,FALSE,
191,CERANQT,analysisQuarter,analysisQuarter,analysisQuarter,V215,admin,Data_admin,Codes_quarter,Metadata,Survey Methods Metadata,Temporal Provenience,-1,TRUE,Integer,Ordinal,TRUE,Ordered,1=December-February; 2=March-May; 3=June-August; 4=September-November,Quarter in which the ceramic analysis was done,Quarter in which the ceramic analysis occurred.,,,Quarter in which the ceramic analysis was done: 1. December - February; 2. March - May; 3. June - August; 4. September - November.,,"Year and quarter of the ceramic analysis. Most of the ceramic analyses used in DF9 were done between 1965 and 1967, although a few were done as early as 1962 (likely by James Bennyhoff or under his close supervision) or as late as 1971. Counts by year are 1962 (28), 1963 (158), 1964 (298), 1965 (1,160), 1966 (1,464), 1967 (1,335), 1968 (186), 1969 (61), 1970 (104), and 1971 (29).  (As w/ vars 11-12, we must look up how it was handled when collections made at different times were merged.) Data field 191 codes quarters in which the analyses were done; 1 = December (of previous year) to February (1,141), 2 = March to May (904), 3 = June to August (1,429), and 4 = September to November (1,343).",,FALSE,FALSE,FALSE,FALSE,FALSE,FALSE,
192,FLDCWKSH,ceramicField,ceramicField,ceramicField,V215,workshop,Data_workshop,Codes_workshopField,Archaeology,Artifact Counts,Ceramics,-1,TRUE,Integer,Nominal? Ordinal?,TRUE,UNK-TBD,"0=nothing special noted in the field; 1=considered an area of concentration, of unspecified character; 2=judged to be a workshop area; 3=some sort of specialized concentration but not a workshop; 4=possible workshop area",Field judgement about whether the site was a ceramic workshop,,,"Coding is the same as for vars.125-126, but it is SUPERSEDED by var.287.","Field judgment about whether the site was a ceramic workshop. Coding is the same as for vars.125-126, but it is **SUPERSEDED BY VAR.287**.",Field judgment about whether the site was a ceramic workshop. This is extremely unreliable and should not be used! Data field 287 is somewhat better but should be used with great caution.,,,FALSE,FALSE,FALSE,FALSE,FALSE,TRUE,SPLIT;; Split observation of concentration from functional interps
193,FLDCABUN,ceramicAbundance,ceramicAbundance,ceramicAbundance,V215,description,Data_description,Codes_ceramicAbundance,Archaeology,Artifact Counts,Ceramics,-1,TRUE,Integer,Ordinal,TRUE,Ordered,0=Absent; 1=Very Sparse; 2=Very Sparse to Sparse; 3=Sparse; 4=Sparse to Moderate; 5=Moderate; 6=Moderate to Abundant; 7=Abundant; 8=Abundant to Very Abundant; 9=Very Abundant,Field rating of ceramic abundance,,,,Field rating of ceramic abundance,"Field rating of ceramic abundance. Cowgill does not recollect any explicit standards for arriving at these judgments (Figure 3.x). It is not clear how these terms compare with those used in other surface survey projects, such as the Basin of Mexico surveys reported by Sanders, Parsons, and Santley (1979). [Does Millon 1973 say anything about this?!] It would be of interest to see how they compare with sherds per hectare, which can be computed by dividing data field 204 (total sherds) by data field 203 (area of collection tract in multiples of ten square meters) and multiplying by 1000. DF9 ratings are absent (probably mostly archaeologically restored sites with no sherds visible, 38), very sparse (605), sparse to very sparse (202), sparse (1,165), sparse to moderate (534), moderate (1,123), moderate to abundant (499), abundant to very abundant (41), and very abundant (96).",,,FALSE,FALSE,FALSE,FALSE,FALSE,FALSE,
194,CANDTOTS,candTot,candTot,candTot,V301,cerNonVessel,Data_cerNonVessel,,Archaeology,Artifact Counts,Ceramics,-1,FALSE,Integer,Count,FALSE,,,Total candeleros,,,OK,"Total Candeleros (""Candeleros"" abbreviated as ""Cdos"")",,"Candelero fragments.  The TMP collected 15,521 candelero fragments, of which 9,118 were ""common"" (Figure 3.x) and 6,403 were other kinds (Figure 3.x). Candeleros are small unslipped objects, usually with twin chambers, thought to have been used for burning incense. Data field 194 records total candelero fragments of all types. Data field 200 is the count of so-called ""common"" candeleros, relatively crude examples with finger-gouging in the soft clay and two chambers (Figure 3.x). Attempts to phase other candelero types for DF9 were largely unsuccessful and data fields 195-199 should be ignored. On the basis of more recent evidence, including excavations at the Feathered Serpent Pyramid in 1988-89, Cowgill doubts if any candeleros were made before the Late Tlamimilolpa phase and thinks that most of them at that time were single-chambered. Some analysts think that ""common"" candeleros are distinctive of the Metepec phase, but Cowgill thinks that many ""common"" candeleros may date to Xolalpan and that other types did not necessarily disappear in the Metepec phase. By subtracting data field 200 from data field 194 one can get the count of the quite heterogeneous category of ""non-common"" candeleros. For more information on Teotihuacan candeleros, see Kolb (1988). A promising study of TMP candeleros by Deborah Cembellin has foundered. It has been carried further by Nawa Sugiyama (20__) but has not yet been integrated with other TMP data files. Figure 3.x illustrates examples of ""non-common"" candeleros. It is likely that candeleros were a local Teotihuacan invention, beginning as single-chambered objects in the Late Tlamimilolpa phase, then being made of two (rarely more) joined chambers, and, in the Xolalpan and Metepec phases, the great majority were made as single objects in which two chambers were formed. Candeleros do not seem to survive the fall of Teotihuacan. In spite of their simplicity and seeming association with individual rituals, Cowgill suspects that they were somehow connected with the state ideology. When they occur outside the Teotihuacan core area, they are probably one of the best markers of a Teotihuacan connection we have. (More about candeleros abroad, Matacapan, Pacific Guatemala, etc.). Candeleros were recounted during the ceramics reanalyses carried out in the 1970s. However, Cowgill decided not add the data to the Reanalysis file because only the same two categories, total candeleros and ""common"" candeleros, were recorded, and these are both so obvious that it seemed extremely unlikely that the new counts would differ appreciably from those already in DF9. In retrospect, having this information readily available might have helped to resolve questions about whether exactly the same collections as in DF9 were being reanalyzed in some problematic cases. 	Districts with unusually high ratios of ""common"" candeleros to total phased Xolalpan-Metepec ceramics, ranging upwards from 12%, include the southern part of sector N1W2 (the northern part of the La Ventilla district), sector N2E3, and, to a lesser extent, much of the Great Compound (sector N1W1) (Figure 3.x). Other more localized high ratios occur in the northeastern part of N6W3, southwestern N2E5, southeastern N1E8, and southwestern S1W1. Unusually high ratios of non-common candeleros to total phased Xolalpan-Metepec ceramics (upwards of 9%) occur in the eastern part of N6W4, the northeastern part of N2E3, southeastern N2W2 and northeastern N1W2, northwestern N1E6, and northwestern S1W3 (Figure 3.x). Relative to total candeleros, ""common"" ones are especially above average in western N4W1, southeastern N2E2 and northwestern N1E3, southern N1W2, southwestern S1W1, and southern S3W1 (in the Tlajinga district) (Figure 3.x). Non-common candeleros are especially abundant relative to ""common"" ones in northeastern N6W4, southeastern N5W3 and northeastern N4W3, northwestern N3E4 (the Merchants' Enclave), and northeastern N1E7 (the Hacienda Metepec area) (Figure 3.x).",,FALSE,FALSE,FALSE,FALSE,FALSE,FALSE,
195,COATCAND,candCoat,candCoat,candCoat,V215,cerNonVessel,Data_cerNonVessel,,Archaeology,Artifact Counts,Ceramics,-1,FALSE,Integer,Count,FALSE,,,"""Coatlan"" (Early Tlamamilolpa) candeleros",,,Variable not useful.,Coatlan (E Tla) Cdos. **Vars.195-199 are not useful.**,,"Candelero fragments.  The TMP collected 15,521 candelero fragments, of which 9,118 were ""common"" (Figure 3.x) and 6,403 were other kinds (Figure 3.x). Candeleros are small unslipped objects, usually with twin chambers, thought to have been used for burning incense. Data field 194 records total candelero fragments of all types. Data field 200 is the count of so-called ""common"" candeleros, relatively crude examples with finger-gouging in the soft clay and two chambers (Figure 3.x). Attempts to phase other candelero types for DF9 were largely unsuccessful and data fields 195-199 should be ignored. On the basis of more recent evidence, including excavations at the Feathered Serpent Pyramid in 1988-89, Cowgill doubts if any candeleros were made before the Late Tlamimilolpa phase and thinks that most of them at that time were single-chambered. Some analysts think that ""common"" candeleros are distinctive of the Metepec phase, but Cowgill thinks that many ""common"" candeleros may date to Xolalpan and that other types did not necessarily disappear in the Metepec phase. By subtracting data field 200 from data field 194 one can get the count of the quite heterogeneous category of ""non-common"" candeleros. For more information on Teotihuacan candeleros, see Kolb (1988). A promising study of TMP candeleros by Deborah Cembellin has foundered. It has been carried further by Nawa Sugiyama (20__) but has not yet been integrated with other TMP data files. Figure 3.x illustrates examples of ""non-common"" candeleros. It is likely that candeleros were a local Teotihuacan invention, beginning as single-chambered objects in the Late Tlamimilolpa phase, then being made of two (rarely more) joined chambers, and, in the Xolalpan and Metepec phases, the great majority were made as single objects in which two chambers were formed. Candeleros do not seem to survive the fall of Teotihuacan. In spite of their simplicity and seeming association with individual rituals, Cowgill suspects that they were somehow connected with the state ideology. When they occur outside the Teotihuacan core area, they are probably one of the best markers of a Teotihuacan connection we have. (More about candeleros abroad, Matacapan, Pacific Guatemala, etc.). Candeleros were recounted during the ceramics reanalyses carried out in the 1970s. However, Cowgill decided not add the data to the Reanalysis file because only the same two categories, total candeleros and ""common"" candeleros, were recorded, and these are both so obvious that it seemed extremely unlikely that the new counts would differ appreciably from those already in DF9. In retrospect, having this information readily available might have helped to resolve questions about whether exactly the same collections as in DF9 were being reanalyzed in some problematic cases. 	Districts with unusually high ratios of ""common"" candeleros to total phased Xolalpan-Metepec ceramics, ranging upwards from 12%, include the southern part of sector N1W2 (the northern part of the La Ventilla district), sector N2E3, and, to a lesser extent, much of the Great Compound (sector N1W1) (Figure 3.x). Other more localized high ratios occur in the northeastern part of N6W3, southwestern N2E5, southeastern N1E8, and southwestern S1W1. Unusually high ratios of non-common candeleros to total phased Xolalpan-Metepec ceramics (upwards of 9%) occur in the eastern part of N6W4, the northeastern part of N2E3, southeastern N2W2 and northeastern N1W2, northwestern N1E6, and northwestern S1W3 (Figure 3.x). Relative to total candeleros, ""common"" ones are especially above average in western N4W1, southeastern N2E2 and northwestern N1E3, southern N1W2, southwestern S1W1, and southern S3W1 (in the Tlajinga district) (Figure 3.x). Non-common candeleros are especially abundant relative to ""common"" ones in northeastern N6W4, southeastern N5W3 and northeastern N4W3, northwestern N3E4 (the Merchants' Enclave), and northeastern N1E7 (the Hacienda Metepec area) (Figure 3.x).",,FALSE,FALSE,FALSE,FALSE,FALSE,FALSE,
196,ATOYCAND,candAtoy,candAtoy,candAtoy,V215,cerNonVessel,Data_cerNonVessel,,Archaeology,Artifact Counts,Ceramics,-1,FALSE,Integer,Count,FALSE,,,"""Atoyac"" (Late Tlamimilolpa) candeleros",,,Variable not useful.,"""Atoyac"" (L Tla) Cdos. **Vars.195-199 are not useful.**",,"Candelero fragments.  The TMP collected 15,521 candelero fragments, of which 9,118 were ""common"" (Figure 3.x) and 6,403 were other kinds (Figure 3.x). Candeleros are small unslipped objects, usually with twin chambers, thought to have been used for burning incense. Data field 194 records total candelero fragments of all types. Data field 200 is the count of so-called ""common"" candeleros, relatively crude examples with finger-gouging in the soft clay and two chambers (Figure 3.x). Attempts to phase other candelero types for DF9 were largely unsuccessful and data fields 195-199 should be ignored. On the basis of more recent evidence, including excavations at the Feathered Serpent Pyramid in 1988-89, Cowgill doubts if any candeleros were made before the Late Tlamimilolpa phase and thinks that most of them at that time were single-chambered. Some analysts think that ""common"" candeleros are distinctive of the Metepec phase, but Cowgill thinks that many ""common"" candeleros may date to Xolalpan and that other types did not necessarily disappear in the Metepec phase. By subtracting data field 200 from data field 194 one can get the count of the quite heterogeneous category of ""non-common"" candeleros. For more information on Teotihuacan candeleros, see Kolb (1988). A promising study of TMP candeleros by Deborah Cembellin has foundered. It has been carried further by Nawa Sugiyama (20__) but has not yet been integrated with other TMP data files. Figure 3.x illustrates examples of ""non-common"" candeleros. It is likely that candeleros were a local Teotihuacan invention, beginning as single-chambered objects in the Late Tlamimilolpa phase, then being made of two (rarely more) joined chambers, and, in the Xolalpan and Metepec phases, the great majority were made as single objects in which two chambers were formed. Candeleros do not seem to survive the fall of Teotihuacan. In spite of their simplicity and seeming association with individual rituals, Cowgill suspects that they were somehow connected with the state ideology. When they occur outside the Teotihuacan core area, they are probably one of the best markers of a Teotihuacan connection we have. (More about candeleros abroad, Matacapan, Pacific Guatemala, etc.). Candeleros were recounted during the ceramics reanalyses carried out in the 1970s. However, Cowgill decided not add the data to the Reanalysis file because only the same two categories, total candeleros and ""common"" candeleros, were recorded, and these are both so obvious that it seemed extremely unlikely that the new counts would differ appreciably from those already in DF9. In retrospect, having this information readily available might have helped to resolve questions about whether exactly the same collections as in DF9 were being reanalyzed in some problematic cases. 	Districts with unusually high ratios of ""common"" candeleros to total phased Xolalpan-Metepec ceramics, ranging upwards from 12%, include the southern part of sector N1W2 (the northern part of the La Ventilla district), sector N2E3, and, to a lesser extent, much of the Great Compound (sector N1W1) (Figure 3.x). Other more localized high ratios occur in the northeastern part of N6W3, southwestern N2E5, southeastern N1E8, and southwestern S1W1. Unusually high ratios of non-common candeleros to total phased Xolalpan-Metepec ceramics (upwards of 9%) occur in the eastern part of N6W4, the northeastern part of N2E3, southeastern N2W2 and northeastern N1W2, northwestern N1E6, and northwestern S1W3 (Figure 3.x). Relative to total candeleros, ""common"" ones are especially above average in western N4W1, southeastern N2E2 and northwestern N1E3, southern N1W2, southwestern S1W1, and southern S3W1 (in the Tlajinga district) (Figure 3.x). Non-common candeleros are especially abundant relative to ""common"" ones in northeastern N6W4, southeastern N5W3 and northeastern N4W3, northwestern N3E4 (the Merchants' Enclave), and northeastern N1E7 (the Hacienda Metepec area) (Figure 3.x).",,FALSE,FALSE,FALSE,FALSE,FALSE,FALSE,
197,EXOLCAND,candEXol,candEXol,candEXol,V215,cerNonVessel,Data_cerNonVessel,,Archaeology,Artifact Counts,Ceramics,-1,FALSE,Integer,Count,FALSE,,,Early Xolalpan candeleros,,,Variable not useful.,Early Xol Cdos. **Vars.195-199 are not useful.**,,"Candelero fragments.  The TMP collected 15,521 candelero fragments, of which 9,118 were ""common"" (Figure 3.x) and 6,403 were other kinds (Figure 3.x). Candeleros are small unslipped objects, usually with twin chambers, thought to have been used for burning incense. Data field 194 records total candelero fragments of all types. Data field 200 is the count of so-called ""common"" candeleros, relatively crude examples with finger-gouging in the soft clay and two chambers (Figure 3.x). Attempts to phase other candelero types for DF9 were largely unsuccessful and data fields 195-199 should be ignored. On the basis of more recent evidence, including excavations at the Feathered Serpent Pyramid in 1988-89, Cowgill doubts if any candeleros were made before the Late Tlamimilolpa phase and thinks that most of them at that time were single-chambered. Some analysts think that ""common"" candeleros are distinctive of the Metepec phase, but Cowgill thinks that many ""common"" candeleros may date to Xolalpan and that other types did not necessarily disappear in the Metepec phase. By subtracting data field 200 from data field 194 one can get the count of the quite heterogeneous category of ""non-common"" candeleros. For more information on Teotihuacan candeleros, see Kolb (1988). A promising study of TMP candeleros by Deborah Cembellin has foundered. It has been carried further by Nawa Sugiyama (20__) but has not yet been integrated with other TMP data files. Figure 3.x illustrates examples of ""non-common"" candeleros. It is likely that candeleros were a local Teotihuacan invention, beginning as single-chambered objects in the Late Tlamimilolpa phase, then being made of two (rarely more) joined chambers, and, in the Xolalpan and Metepec phases, the great majority were made as single objects in which two chambers were formed. Candeleros do not seem to survive the fall of Teotihuacan. In spite of their simplicity and seeming association with individual rituals, Cowgill suspects that they were somehow connected with the state ideology. When they occur outside the Teotihuacan core area, they are probably one of the best markers of a Teotihuacan connection we have. (More about candeleros abroad, Matacapan, Pacific Guatemala, etc.). Candeleros were recounted during the ceramics reanalyses carried out in the 1970s. However, Cowgill decided not add the data to the Reanalysis file because only the same two categories, total candeleros and ""common"" candeleros, were recorded, and these are both so obvious that it seemed extremely unlikely that the new counts would differ appreciably from those already in DF9. In retrospect, having this information readily available might have helped to resolve questions about whether exactly the same collections as in DF9 were being reanalyzed in some problematic cases. 	Districts with unusually high ratios of ""common"" candeleros to total phased Xolalpan-Metepec ceramics, ranging upwards from 12%, include the southern part of sector N1W2 (the northern part of the La Ventilla district), sector N2E3, and, to a lesser extent, much of the Great Compound (sector N1W1) (Figure 3.x). Other more localized high ratios occur in the northeastern part of N6W3, southwestern N2E5, southeastern N1E8, and southwestern S1W1. Unusually high ratios of non-common candeleros to total phased Xolalpan-Metepec ceramics (upwards of 9%) occur in the eastern part of N6W4, the northeastern part of N2E3, southeastern N2W2 and northeastern N1W2, northwestern N1E6, and northwestern S1W3 (Figure 3.x). Relative to total candeleros, ""common"" ones are especially above average in western N4W1, southeastern N2E2 and northwestern N1E3, southern N1W2, southwestern S1W1, and southern S3W1 (in the Tlajinga district) (Figure 3.x). Non-common candeleros are especially abundant relative to ""common"" ones in northeastern N6W4, southeastern N5W3 and northeastern N4W3, northwestern N3E4 (the Merchants' Enclave), and northeastern N1E7 (the Hacienda Metepec area) (Figure 3.x).",,FALSE,FALSE,FALSE,FALSE,FALSE,FALSE,
198,LXOLCAND,candLXol,candLXol,candLXol,V215,cerNonVessel,Data_cerNonVessel,,Archaeology,Artifact Counts,Ceramics,-1,FALSE,Integer,Count,FALSE,,,Late Xolalpan candeleros,,,Variable not useful.,Late Xol Cdos. **Vars.195-199 are not useful.**,,"Candelero fragments.  The TMP collected 15,521 candelero fragments, of which 9,118 were ""common"" (Figure 3.x) and 6,403 were other kinds (Figure 3.x). Candeleros are small unslipped objects, usually with twin chambers, thought to have been used for burning incense. Data field 194 records total candelero fragments of all types. Data field 200 is the count of so-called ""common"" candeleros, relatively crude examples with finger-gouging in the soft clay and two chambers (Figure 3.x). Attempts to phase other candelero types for DF9 were largely unsuccessful and data fields 195-199 should be ignored. On the basis of more recent evidence, including excavations at the Feathered Serpent Pyramid in 1988-89, Cowgill doubts if any candeleros were made before the Late Tlamimilolpa phase and thinks that most of them at that time were single-chambered. Some analysts think that ""common"" candeleros are distinctive of the Metepec phase, but Cowgill thinks that many ""common"" candeleros may date to Xolalpan and that other types did not necessarily disappear in the Metepec phase. By subtracting data field 200 from data field 194 one can get the count of the quite heterogeneous category of ""non-common"" candeleros. For more information on Teotihuacan candeleros, see Kolb (1988). A promising study of TMP candeleros by Deborah Cembellin has foundered. It has been carried further by Nawa Sugiyama (20__) but has not yet been integrated with other TMP data files. Figure 3.x illustrates examples of ""non-common"" candeleros. It is likely that candeleros were a local Teotihuacan invention, beginning as single-chambered objects in the Late Tlamimilolpa phase, then being made of two (rarely more) joined chambers, and, in the Xolalpan and Metepec phases, the great majority were made as single objects in which two chambers were formed. Candeleros do not seem to survive the fall of Teotihuacan. In spite of their simplicity and seeming association with individual rituals, Cowgill suspects that they were somehow connected with the state ideology. When they occur outside the Teotihuacan core area, they are probably one of the best markers of a Teotihuacan connection we have. (More about candeleros abroad, Matacapan, Pacific Guatemala, etc.). Candeleros were recounted during the ceramics reanalyses carried out in the 1970s. However, Cowgill decided not add the data to the Reanalysis file because only the same two categories, total candeleros and ""common"" candeleros, were recorded, and these are both so obvious that it seemed extremely unlikely that the new counts would differ appreciably from those already in DF9. In retrospect, having this information readily available might have helped to resolve questions about whether exactly the same collections as in DF9 were being reanalyzed in some problematic cases. 	Districts with unusually high ratios of ""common"" candeleros to total phased Xolalpan-Metepec ceramics, ranging upwards from 12%, include the southern part of sector N1W2 (the northern part of the La Ventilla district), sector N2E3, and, to a lesser extent, much of the Great Compound (sector N1W1) (Figure 3.x). Other more localized high ratios occur in the northeastern part of N6W3, southwestern N2E5, southeastern N1E8, and southwestern S1W1. Unusually high ratios of non-common candeleros to total phased Xolalpan-Metepec ceramics (upwards of 9%) occur in the eastern part of N6W4, the northeastern part of N2E3, southeastern N2W2 and northeastern N1W2, northwestern N1E6, and northwestern S1W3 (Figure 3.x). Relative to total candeleros, ""common"" ones are especially above average in western N4W1, southeastern N2E2 and northwestern N1E3, southern N1W2, southwestern S1W1, and southern S3W1 (in the Tlajinga district) (Figure 3.x). Non-common candeleros are especially abundant relative to ""common"" ones in northeastern N6W4, southeastern N5W3 and northeastern N4W3, northwestern N3E4 (the Merchants' Enclave), and northeastern N1E7 (the Hacienda Metepec area) (Figure 3.x).",,FALSE,FALSE,FALSE,FALSE,FALSE,FALSE,
199,METECAND,candMete,candMete,candMete,V301,cerNonVessel,Data_cerNonVessel,,Archaeology,Artifact Counts,Ceramics,-1,FALSE,Integer,Count,FALSE,,,Metepec candeleros,,,Variable not useful.,Metepec Cdos. **Vars.195-199 are not useful.**,,"Candelero fragments.  The TMP collected 15,521 candelero fragments, of which 9,118 were ""common"" (Figure 3.x) and 6,403 were other kinds (Figure 3.x). Candeleros are small unslipped objects, usually with twin chambers, thought to have been used for burning incense. Data field 194 records total candelero fragments of all types. Data field 200 is the count of so-called ""common"" candeleros, relatively crude examples with finger-gouging in the soft clay and two chambers (Figure 3.x). Attempts to phase other candelero types for DF9 were largely unsuccessful and data fields 195-199 should be ignored. On the basis of more recent evidence, including excavations at the Feathered Serpent Pyramid in 1988-89, Cowgill doubts if any candeleros were made before the Late Tlamimilolpa phase and thinks that most of them at that time were single-chambered. Some analysts think that ""common"" candeleros are distinctive of the Metepec phase, but Cowgill thinks that many ""common"" candeleros may date to Xolalpan and that other types did not necessarily disappear in the Metepec phase. By subtracting data field 200 from data field 194 one can get the count of the quite heterogeneous category of ""non-common"" candeleros. For more information on Teotihuacan candeleros, see Kolb (1988). A promising study of TMP candeleros by Deborah Cembellin has foundered. It has been carried further by Nawa Sugiyama (20__) but has not yet been integrated with other TMP data files. Figure 3.x illustrates examples of ""non-common"" candeleros. It is likely that candeleros were a local Teotihuacan invention, beginning as single-chambered objects in the Late Tlamimilolpa phase, then being made of two (rarely more) joined chambers, and, in the Xolalpan and Metepec phases, the great majority were made as single objects in which two chambers were formed. Candeleros do not seem to survive the fall of Teotihuacan. In spite of their simplicity and seeming association with individual rituals, Cowgill suspects that they were somehow connected with the state ideology. When they occur outside the Teotihuacan core area, they are probably one of the best markers of a Teotihuacan connection we have. (More about candeleros abroad, Matacapan, Pacific Guatemala, etc.). Candeleros were recounted during the ceramics reanalyses carried out in the 1970s. However, Cowgill decided not add the data to the Reanalysis file because only the same two categories, total candeleros and ""common"" candeleros, were recorded, and these are both so obvious that it seemed extremely unlikely that the new counts would differ appreciably from those already in DF9. In retrospect, having this information readily available might have helped to resolve questions about whether exactly the same collections as in DF9 were being reanalyzed in some problematic cases. 	Districts with unusually high ratios of ""common"" candeleros to total phased Xolalpan-Metepec ceramics, ranging upwards from 12%, include the southern part of sector N1W2 (the northern part of the La Ventilla district), sector N2E3, and, to a lesser extent, much of the Great Compound (sector N1W1) (Figure 3.x). Other more localized high ratios occur in the northeastern part of N6W3, southwestern N2E5, southeastern N1E8, and southwestern S1W1. Unusually high ratios of non-common candeleros to total phased Xolalpan-Metepec ceramics (upwards of 9%) occur in the eastern part of N6W4, the northeastern part of N2E3, southeastern N2W2 and northeastern N1W2, northwestern N1E6, and northwestern S1W3 (Figure 3.x). Relative to total candeleros, ""common"" ones are especially above average in western N4W1, southeastern N2E2 and northwestern N1E3, southern N1W2, southwestern S1W1, and southern S3W1 (in the Tlajinga district) (Figure 3.x). Non-common candeleros are especially abundant relative to ""common"" ones in northeastern N6W4, southeastern N5W3 and northeastern N4W3, northwestern N3E4 (the Merchants' Enclave), and northeastern N1E7 (the Hacienda Metepec area) (Figure 3.x).",,FALSE,FALSE,FALSE,FALSE,FALSE,FALSE,
200,COMMCAND,candComm,candComm,candComm,V301,cerNonVessel,Data_cerNonVessel,,Archaeology,Artifact Counts,Ceramics,-1,FALSE,Integer,Count,FALSE,,,"""Common"" candeleros",,,OK,Common Cdos,,"Candelero fragments.  The TMP collected 15,521 candelero fragments, of which 9,118 were ""common"" (Figure 3.x) and 6,403 were other kinds (Figure 3.x). Candeleros are small unslipped objects, usually with twin chambers, thought to have been used for burning incense. Data field 194 records total candelero fragments of all types. Data field 200 is the count of so-called ""common"" candeleros, relatively crude examples with finger-gouging in the soft clay and two chambers (Figure 3.x). Attempts to phase other candelero types for DF9 were largely unsuccessful and data fields 195-199 should be ignored. On the basis of more recent evidence, including excavations at the Feathered Serpent Pyramid in 1988-89, Cowgill doubts if any candeleros were made before the Late Tlamimilolpa phase and thinks that most of them at that time were single-chambered. Some analysts think that ""common"" candeleros are distinctive of the Metepec phase, but Cowgill thinks that many ""common"" candeleros may date to Xolalpan and that other types did not necessarily disappear in the Metepec phase. By subtracting data field 200 from data field 194 one can get the count of the quite heterogeneous category of ""non-common"" candeleros. For more information on Teotihuacan candeleros, see Kolb (1988). A promising study of TMP candeleros by Deborah Cembellin has foundered. It has been carried further by Nawa Sugiyama (20__) but has not yet been integrated with other TMP data files. Figure 3.x illustrates examples of ""non-common"" candeleros. It is likely that candeleros were a local Teotihuacan invention, beginning as single-chambered objects in the Late Tlamimilolpa phase, then being made of two (rarely more) joined chambers, and, in the Xolalpan and Metepec phases, the great majority were made as single objects in which two chambers were formed. Candeleros do not seem to survive the fall of Teotihuacan. In spite of their simplicity and seeming association with individual rituals, Cowgill suspects that they were somehow connected with the state ideology. When they occur outside the Teotihuacan core area, they are probably one of the best markers of a Teotihuacan connection we have. (More about candeleros abroad, Matacapan, Pacific Guatemala, etc.). Candeleros were recounted during the ceramics reanalyses carried out in the 1970s. However, Cowgill decided not add the data to the Reanalysis file because only the same two categories, total candeleros and ""common"" candeleros, were recorded, and these are both so obvious that it seemed extremely unlikely that the new counts would differ appreciably from those already in DF9. In retrospect, having this information readily available might have helped to resolve questions about whether exactly the same collections as in DF9 were being reanalyzed in some problematic cases. 	Districts with unusually high ratios of ""common"" candeleros to total phased Xolalpan-Metepec ceramics, ranging upwards from 12%, include the southern part of sector N1W2 (the northern part of the La Ventilla district), sector N2E3, and, to a lesser extent, much of the Great Compound (sector N1W1) (Figure 3.x). Other more localized high ratios occur in the northeastern part of N6W3, southwestern N2E5, southeastern N1E8, and southwestern S1W1. Unusually high ratios of non-common candeleros to total phased Xolalpan-Metepec ceramics (upwards of 9%) occur in the eastern part of N6W4, the northeastern part of N2E3, southeastern N2W2 and northeastern N1W2, northwestern N1E6, and northwestern S1W3 (Figure 3.x). Relative to total candeleros, ""common"" ones are especially above average in western N4W1, southeastern N2E2 and northwestern N1E3, southern N1W2, southwestern S1W1, and southern S3W1 (in the Tlajinga district) (Figure 3.x). Non-common candeleros are especially abundant relative to ""common"" ones in northeastern N6W4, southeastern N5W3 and northeastern N4W3, northwestern N3E4 (the Merchants' Enclave), and northeastern N1E7 (the Hacienda Metepec area) (Figure 3.x).",,FALSE,FALSE,FALSE,FALSE,FALSE,FALSE,
201,BRN3PRNG,burner3P,burner3P,burner3P,V302,cerVessel,Data_cerVessel,,Archaeology,Artifact Counts,Ceramics,-1,FALSE,Integer,Count,FALSE,,,Three-prong burners,,,,Three-prong burners,"Three-prong burners. The TMP collected 5,182 fragments of these objects (Figure 3.x). They are open bowls of Coarse Matte Ware, with flat bottoms, relatively straight outslanting sides, and usually direct undecorated rims. Three hollow prongs are attached to the rim and slant upward and inwardly (Figure 3.x). Sometimes moldmade figures are attached to the prongs (Figure 3.x). Note that the example published by Berrin and Pasztory (1993:248, Figure 129) has been extensively and very clumsily and inaccurately restored [Look for better illos. to cite]. No one could claim that any three-prong burners are objects of great beauty, but they are not the lumpy and asymmetrical monstrosities depicted in this figure. Variants with clear chronological significance have not been recognized, although Cowgill suspects that the form is rare or absent in the earlier part of the Teotihuacan Period. This is curious, if true, because vessels of the same general form, though differing in details, are found in the Middle Preclassic, especially in the Late Cantera phase, ca. 600-500 BC, at Chalcatzingo in the nearby Valley of Morelos, (Grove 1984:78-79, Fig. 20; Cyphers 1987:247, Fig. 13.67) and also at Tres Zapotes in the southern Gulf lowlands (Cyphers 1987:248; Cowgill, personal observation). Body sherds of three-prong burners are often impossible to distinguish from those of the Coarse Matte bowls that formed the bases for Teotihuacan composite censers. However, censer bowls have flanged rims and lack prongs, and since the TMP only collected feature sherds, it is rarely a problem to distinguish three-prong burners from censers in the DF9 material. Three-prong burners sometimes show evidence of burning on the interior. They may have been used to some extent for incense burning in rituals, but they also very likely functioned as utilitarian little stoves. During the winter months it can become very chilly indoors at Teotihuacan, and three-prong burners could have been effective space heaters. It has very often been assumed that other vessels containing food to be cooked or heated were set atop the prongs, but Cowgill has examined hundreds of the prongs without ever seeing one that showed the slightest trace of the abrasion that would be expected if other ceramic objects had been placed atop them. As space heaters, the burners might have been moved from room to room, and handles that stayed relatively cool would have facilitated moving the burners. However, the positions of the prongs make them seem very ill-suited for use as handles. Many, but not all, prongs have perforations at both ends, and it is possible that cords were passed through the prongs so that the vessels could be suspended. It would seem that such cords would be in danger of burning, but perhaps this could have been avoided by restricting the fire to charcoal in the lower part of the vessel. This may be the most plausible interpretation of what is still a puzzling form. Relative to total phased Xolalpan-Metepec ceramics, ratios of three-prong burners were above average (6% and more) in the ""Outer Old City"" [rename?] (in and near sector N6W3), the southeastern part of N5W3, in N5E2 and N5E3, in N3E5 and N2E5, and in S2W1 (Figure 3.x). It has been suggested that burners, as well as the technologically similar Coarse Matte bowls for composite censers, may have been manufactured in the ""Outer Old City,"" but at present this is only a suggestion. [Ring binder shd be checked for possibly a bit to add; there's a lot more detail noted.]",,,FALSE,FALSE,FALSE,FALSE,FALSE,FALSE,
202,HANDCOVR,coverHandled,coverHandled,coverHandled,V302,cerVessel,Data_cerVessel,,Archaeology,Artifact Counts,Ceramics,-1,FALSE,Integer,Count,FALSE,,,Handled covers,,,,Handled covers,"Handled covers (tapaplatos). DF9 includes 6,661 tapaplato fragments. These are plates or very shallow dishes made of Fine Matte Ware  (Figure 3.x). Berrin and Pasztory (1993:248, Fig. 128) show three good examples. Less experienced ceramic analysts sometimes have difficulty distinguishing small rim sherds of handled covers from those of very shallow crudely burnished bowls, and a few cases in DF9 may be misclassified. Many, but not all, have three loop handles attached to the convex side. Set with the convex side down, these loop handles serve as supports, and it is very common to see flat abraded facets on the loops, suggesting that they had been set on hard, flat surfaces. Many have a shallow mold-impressed design on the convex surface (Figure 3.x). These molded designs may prove to have chronological significance, but so far handled covers have not been phased. Excavations in the Feathered Serpent Pyramid indicate that handled covers with loop handles begin to occur at least as early as the Early Tlamimilolpa phase, but various statistical analyses of TMP data repeatedly imply that they were especially associated with the Metepec phase. Cowgill does not believe there is any evidence that they continued to be made in post-Metepec times. Some handled covers show evidence of burning on their concave (interior) surface, and some may show evidence of burning on the convex (exterior) surface. It is likely that at least one of their uses was as censers (Cowgill 1987; Rattray 1987b). Cowgill (1987) considered the possibility that one use may have been as lids over other vessels, ""lunch buckets"" intended to keep contents warm and fresh, with cords passed through the loop handles to keep them in place, but he judged this unlikely. In some Teotihuacan burials handled covers have in fact been found placed as lids over other vessels (Séjourné 1966:53 and plate 15) but this mortuary usage need not reflect how they were used among the living. Handled covers remain a distinctive and rather enigmatic form apparently strongly associated with Teotihuacan. They were collected in highest proportions (over 10% of total phased Xolalpan-Metepec sherds) in a broad strip along and east of the Avenue of the Dead, from the Moon Pyramid to somewhat south of the Sun Pyramid, and in the Ciudadela (Figure 3.x). Although proportions of handled covers tend to be high in this district, absolute numbers are not great because Xolalpan-Metepec sherds are not abundant in this district, in part because of the great number of restored structures along the Avenue. Proportions are also high in the southeastern part of N3W3, where 123 fragments were collected at 20:N3W3 (29% of the 467 Xolalpan-Metepec sherds collected here). In general, lowest proportions relative to Xolalpan-Metepec are toward the edges of the city. At site 25:S4W1 141 tapaplato fragments were collected, nearly 26% of the 549 phased Xolalpan-Metepec sherds collected from this site. Between 50 and 94 fragments were collected at each of another nine sites. [Check ring binder with output from Fortran programs listing sites with high counts or high percents of categories, based on DF8, for more.]",,,FALSE,FALSE,FALSE,FALSE,FALSE,FALSE,
203,AREASITE,areaSite,areaSite,areaSite,V401,description,Data_description,,Metadata,Survey Methods Metadata,Spatial Provenience,-1,FALSE,Integer,Ratio,FALSE,,,Area of collection tract,,,Var.203 (not289) is appropriate for the denominator in computing local densities of things collected; in multiples of 10 sq.m.,"Area of collection tract. This is given in multiples of 10 square meters. Thus, a coded value of ""276"" means ""about 2,760 square meters."" Var.203 refers to the actual area from which the collection(s) was/were made. Normally, this is the area enclosed by dashed boundaries on the ""Field Data"" sheets in Millon, Drewitt, and Cowgill (1973). The relevant areas have been summed when the DF8 unit is a merger of two or more of the Field Data units. In some cases, because of modern buildings and other things, only a small part of the surface of an ancient structure could be used for making a collection. In these cases, it is probably only the small area actually collected from that is coded for var.203, but this may not have always been done. Var.289 gives the areas of ancient substantial structures, as estimated by the red lines on the ""Interpretations"" sheets of Millon et al. (1973). Var.203 (not 289) is appropriate for the denominator in computing local densities of things collected. The cumulative value of Var.203 for all DF8 units is 1,811,352; that is, a total area of 18,113,520 square meters, or 1,811.35 hectares, or 18.11 square kilometers. A much larger area was covered by the survey (around 30 square kilometers?), but this is the total area judged to have some sort of ancient occupation and from which a surface collection could be made.","Area of collection tract. In order to conserve columns in fixed format data fields, areas are given in multiples of 10 m2. Thus, a coded value of ""276"" means ""about 2760 m2."" (For the online file it will be very easy to multiply DF9 values by 10 & just say that areas are rounded to the nearest 10 m2. Maybe this has already been done.) Data field 203 refers to the actual area from which the collection was made. Normally this is the area enclosed by dashed lines on the ""field data"" sheets of Millon et al. (1973). This is usually somewhat larger than the area of the corresponding substantial structure shown in red on the ""interpretations"" sheet, which is DF9 data field 289. In some cases, however, because of modern buildings and paved-over areas, only a small part of the surface of an ancient structure could be used for making a collection. In these cases, data field 203 probably usually records only the small area from which the collection was actually made, but this may not always be the case. (Add a little on how areas were measured or estimated when the tract boundaries were not a simple rectangle. I think Cowgill & Sload checked these quite a bit.) The relevant areas have been summed (by computer) when the DF9 unit is a merger of two or more of the units for which code sheets were filled out. 	Data field 203, rather than data field 289, is appropriate for the denominator when computing objects collected per hectare, since it is data field 203 that reports the actual areas over which collections were made. The cumulative value of data field 203 for all DF9 units is 18,113,520 m2, or 1,811.35 ha, or 18.11 km2. A much larger area, about 30 km2, was covered by the TMP survey, but this is the total area judged to have had some sort of ancient occupation or utilization (including plazas and major streets) and from which a surface collection could be made. To get an estimate of the cumulative surface area covered by individual Teotihuacan-period substantial structures, see data field 289.",,"Additionally one variables needed to be updated to reflect the increase storage capacity of modern computers. The old variable areaSite was given in multiples of 10 meters squared, i.e a value of 45 would mean 450 meters squared. The variable has now been changed to no longer be a multiple of ten but just the square meters area of the collection unit.",FALSE,FALSE,FALSE,FALSE,FALSE,FALSE,
204,SHRDSTOT,totAll,totAll,totAll,V401,cerPhTot,Data_cerPhTot,,Archaeology,Artifact Counts,Ceramics,-1,FALSE,Integer,Count,FALSE,,,Total sherds collected,,,Includes vars. 205-217; 201; 202; 230; 265; 274; 275; 276; 277; 284.  Does not include vars. 170-186; 194-200.,"Total sherds collected. Var.204 does not include all ceramic categories. It includes all phase totals (vars.205-217), plus the following unphased categories: - Burners (var.201), Handled covers (var.202), Total Thin Orange (var.230), Foreign sherds (var.265), Adornos (var.274), Miniatures (var.275), Copas (var.276), ""Matte Ware"" (var.277), and Disks (var.284). It does **not** include figurines, whorls, seals & stamps, whistles, flutes, earspools, and candeleros.","Total sherds collected. This includes all phased sherds plus most unphased ceramic categories, including three-prong burners (data field 201), tapaplatos (202), total Thin Orange (230), foreign (265), censer or vase ornaments (274), miniatures (275), copas (276), unphased Matte Ware (277), and disks (284). For all DF9 units, total sherds collected sums to 832,974. For some reason, probably because they do not come from vessels, several ceramic categories were not included in data field 204 counts. These are figurines (data field 170), whorls (182), seals and stamps (183), earspools (184), whistles (185), flutes (186), and candeleros (194). When these are added, the grand total of ceramic objects collected by the TMP surface survey is 893,817. This omits some collections, mainly made in 1962, that could not be related in any simple way to DF9 cases, including some that were outside the area covered by the maps in Millon et al. (1973). We should explain that Rattray (2001) divides most locally-made ceramics into several wares: Coarse Matte, Fine Matte, Burnished, Polished Monochrome, Copa (and Copoid), Painted, and San Martín Orange. In fact, however, she has sorted mainly according to forms. In general, each ware has a distinct repertoire of forms, so that any particular form occurs in only one ware. Burnished Ware is mostly ollas and other utilitarian forms, while Polished Ware forms are more likely for serving food and other non-utilitarian purposes. However, in the case of Burnished and Polished Wares, there is actually a continuum of quality of finish, ranging from rather poorly burnished to a very fine polish in which tool marks are scarcely visible. This is partially recognized by categories or adjectives such as ""low burnished,"" ""low polished,"" ""pattern polished,"" and so on. However, one should recognize that a well-defined shape category such as ""polished outcurving bowl"" (data fields 461-465) includes examples ranging from very finely polished examples to those more accurately described as well burnished. Also, the category ""Painted Ware"" does not consist of a distinctive repertoire of shapes, but instead reflects the presence of a particular kind of decorative mode on vessels that would otherwise be included in the ""Polished Ware"" category.",,,FALSE,FALSE,FALSE,FALSE,FALSE,FALSE,
205,OTHPCLAS,totPrec,PreCl,totPrec,V216,cerPhTot,Data_cerPhTot,,Archaeology,Artifact Counts,Ceramics,-1,FALSE,Integer,Count,FALSE,,,"""Other"" Preclassic",,,,"Phased sherds. **Phase identifications that, in the light of ceramic reanalyses and other investigations in the 1970s and early 80s, appear to sometimes be confused include:** ""Other"" Preclassic (ill-defined category?); Cuanalan (confusion with Patl); Patl (confusion with Tzac); Tzac (confusion with Patl & Mic); Mic (confusion with Tzac, Tla, Xol, & Met); Met (confusion with Xol and earlier); Oxto (confusion with Xometla). Except for some confusions with immediately preceding and following phases, most DF8 phase counts are pretty good. Vars.205-217 include phase totals for all the phased categories included below in vars.220-283 (not the unphased ones) and many other ceramic categories that were phased but not otherwise recorded in the analyses on which DF8 is based. Many more phased categories were tabulated in the ceramic reanalyses completed by early in the 80s, but (as of January 1993), most of this ceramic reanalysis data is still not in computer files. ","""Other"" Preclassic.  The Teotihuacan Valley survey (Sanders et al. 1979) located several Middle Preclassic or earlier sites in the Teotihuacan Valley. It is doubtful, however, that there was any appreciable occupation in the area covered by the TMP survey before Late Preclassic times. The 61 sherds coded as ""other"" Preclassic in DF9 are probably a mixed bag, of uncertain antiquity. These cases might be re-examined, however, to see if any of the sherds are really Middle Preclassic or otherwise of any special interest.","Phased sherd totals. Troublesome problems for exact counts of certain specific categories generated by poorly documented removal of some ""special"" sherds from collections have little effect on phase totals, because the problematic sherds are such small proportions of phase totals. Both Bennyhoff and Rattray followed the practice, for most ceramic categories, of assigning sherds unequivocally to one phase or another, depending on the phase for which they seem most typical, and they trained other TMP ceramic analysts to do the same. Given that the TMP collections consist of feature sherds, this practice is less problematic than it would be if relatively featureless small body sherds were also included. Nevertheless, it results in some sherds being assigned to a phase on the basis of very strong evidence, while in other cases the phase assignment is a guess based on more ambiguous evidence. It also makes no allowance for the fact that a category highly typical of a specific phase may have begun to be produced in small amounts in the preceding phase and may have continued to be produced in small amounts in the following phase. These are far from fatal flaws, but they must be borne in mind in assessing chronological tabulations for specific sherd lots, from excavations as well as surface collections. The ceramic phase totals include all the specific phased categories listed in data fields following 217; that is to say, censers, San Martín Orange Ware, ollas, comales, nubbin supports, and Granular Ware, and also many phased sherds of categories not tabulated as such in DF9, including flat-bottomed outcurving bowls, vases, basins, cazuelas, floreros, and ""Storm God"" jars, among others. Many of these additional phased categories are tabulated in the reanalysis data file. The phased sherd totals do not include less well phased categories such as candeleros, burners, covers, Thin Orange, foreign wares other than Granular, and figurines. Corresponding phase totals for the ceramic reanalyses are given by data fields 300 to 309, in Chapter Four.",,FALSE,FALSE,TRUE,FALSE,FALSE,FALSE,
206,CUANALAN,totCuan,Cuan,totCuan,V302,cerPhTot,Data_cerPhTot,,Archaeology,Artifact Counts,Ceramics,-1,FALSE,Integer,Count,FALSE,,,Cuanalan (Ticoman),,,,"Phased sherds. **Phase identifications that, in the light of ceramic reanalyses and other investigations in the 1970s and early 80s, appear to sometimes be confused include:** ""Other"" Preclassic (ill-defined category?); Cuanalan (confusion with Patl); Patl (confusion with Tzac); Tzac (confusion with Patl & Mic); Mic (confusion with Tzac, Tla, Xol, & Met); Met (confusion with Xol and earlier); Oxto (confusion with Xometla). Except for some confusions with immediately preceding and following phases, most DF8 phase counts are pretty good. Vars.205-217 include phase totals for all the phased categories included below in vars.220-283 (not the unphased ones) and many other ceramic categories that were phased but not otherwise recorded in the analyses on which DF8 is based. Many more phased categories were tabulated in the ceramic reanalyses completed by early in the 80s, but (as of January 1993), most of this ceramic reanalysis data is still not in computer files. ","Cuanalan Phase (Ticoman).  Figure 3.x. There is clear evidence of significant Late Preclassic settlements within the TMP survey area, reported summarily and somewhat inaccurately by Sanders et al. (1979), and there are other substantial settlements of this period within the Teotihuacan Valley, notably the type site of Cuanalan (refs, including Manzanilla). Cuanalan is the local variant of what Vaillant (1931) calls Ticoman. Our analyses did not break Cuanalan phase ceramics down by subphases, but probably the majority correspond to Late Ticoman, probably ca. 300-150 B.C. The DF9 total for this phase is 2,736, although a few of these are probably later. By far the largest settlement of this period in the TMP survey area is centered on sector S1W6, where a large village, covering 15 to 30 ha, with perhaps a thousand or more occupants, was located on the nearest well-drained land to the marshy area fed by perennial springs. Today, this is an area of wetland agriculture, with drained fields, in the Puxtla barrio of the municipio of San Juan. Gamboa (2000) reports evidence of wetland practices here as early as Late Tlamimilolpa. However, the proximity of the Cuanalan phase settlement to the marshy area suggests that wetland agriculture may already have been important at that time. If so, this, rather than any special religious or other significance, may have been a major reason for the location of the large Cuanalan village. A much smaller village, not reported by Sanders et al. (1979), covers 6-9 ha and is located in the northeastern part of sector S3E6. There are very sparse scatters of Cuanalan phase ceramics elsewhere within the TMP survey area. However, re-examination of collections by Cowgill suggests that many of the supposed Cuanalan sherds in the apparent weak concentrations in an earlier map (Cowgill 1974:379), especially in sectors N4W7, N4W6, N4W5, N6W4, and N5W2, are probably later. That map remains quite accurate for the large and small villages mentioned above, but is superseded by Figure 3.x. Cuanalan ceramics also occur in the zone just northwest of the area covered by the 1963-70 TMP survey, including the site of Tlachinolpan in sector N7W8 (Blucher 1971) and in N6W6 and N5W6. These revisions in our ideas about the spatial distribution of Cuanalan phase ceramics strengthen the evidence for spatial discontinuities between Cuanalan phase settlements and those of the following Patlachique phase. The map published by Cowgill (1974:379) shows a modest Cuanalan sherd concentration in the region with high Patlachique phase sherd density, in and near map sector N5W2, but Cowgill's later reexamination of these collections found that most or all of the supposed Cuanalan sherds in this area were misidentified. Thus, the Cuanalan settlements do not look like nuclei from which the Patlachique phase settlement developed. Whether or not the Patlachique phase occupants were newcomers, this marked discontinuity in settlement implies a radical change in the nature of the community. (Look up Cowgill 1992b and Blucher 1971 for more info. Also, do the DF9 Cuan counts reflect any of the restudies of collections done by Cowgill in the 1980s? Are these restudies reflected in the REANS file?)","Phased sherd totals. Troublesome problems for exact counts of certain specific categories generated by poorly documented removal of some ""special"" sherds from collections have little effect on phase totals, because the problematic sherds are such small proportions of phase totals. Both Bennyhoff and Rattray followed the practice, for most ceramic categories, of assigning sherds unequivocally to one phase or another, depending on the phase for which they seem most typical, and they trained other TMP ceramic analysts to do the same. Given that the TMP collections consist of feature sherds, this practice is less problematic than it would be if relatively featureless small body sherds were also included. Nevertheless, it results in some sherds being assigned to a phase on the basis of very strong evidence, while in other cases the phase assignment is a guess based on more ambiguous evidence. It also makes no allowance for the fact that a category highly typical of a specific phase may have begun to be produced in small amounts in the preceding phase and may have continued to be produced in small amounts in the following phase. These are far from fatal flaws, but they must be borne in mind in assessing chronological tabulations for specific sherd lots, from excavations as well as surface collections. The ceramic phase totals include all the specific phased categories listed in data fields following 217; that is to say, censers, San Martín Orange Ware, ollas, comales, nubbin supports, and Granular Ware, and also many phased sherds of categories not tabulated as such in DF9, including flat-bottomed outcurving bowls, vases, basins, cazuelas, floreros, and ""Storm God"" jars, among others. Many of these additional phased categories are tabulated in the reanalysis data file. The phased sherd totals do not include less well phased categories such as candeleros, burners, covers, Thin Orange, foreign wares other than Granular, and figurines. Corresponding phase totals for the ceramic reanalyses are given by data fields 300 to 309, in Chapter Four.",,FALSE,FALSE,TRUE,FALSE,FALSE,FALSE,
207,TEZOYUCA,totTezo,Tezo,totTezo,V302,cerPhTot,Data_cerPhTot,,Archaeology,Artifact Counts,Ceramics,-1,FALSE,Integer,Count,FALSE,,,Tezoyuca,,,,"Phased sherds. **Phase identifications that, in the light of ceramic reanalyses and other investigations in the 1970s and early 80s, appear to sometimes be confused include:** ""Other"" Preclassic (ill-defined category?); Cuanalan (confusion with Patl); Patl (confusion with Tzac); Tzac (confusion with Patl & Mic); Mic (confusion with Tzac, Tla, Xol, & Met); Met (confusion with Xol and earlier); Oxto (confusion with Xometla). Except for some confusions with immediately preceding and following phases, most DF8 phase counts are pretty good. Vars.205-217 include phase totals for all the phased categories included below in vars.220-283 (not the unphased ones) and many other ceramic categories that were phased but not otherwise recorded in the analyses on which DF8 is based. Many more phased categories were tabulated in the ceramic reanalyses completed by early in the 80s, but (as of January 1993), most of this ceramic reanalysis data is still not in computer files. ","Tezoyuca Phase.  (No map). Only 69 sherds thought to belong to this still poorly-understood complex were identified in the ceramic analyses on which DF9 is based. Of these, 17 are from site 24:N1W6, which is in the northern part of the large Cuanalan phase village, and 13 are from L2:N7E2, far to the northeast, in the present municipality of San Martín de las Pirámides. Six to two sherds were tabulated as Tezoyuca in another nine sites, and single sherds from six more sites in widely scattered parts of the TMP survey area.  It remains to be seen how many of these are correctly identified and whether any significant number of Tezoyuca-complex sherds were unrecognized in other TMP collections. On present evidence, Tezoyuca material seems extremely scarce at Teotihuacan. The Tezoyuca phase is better represented at several hilltop sites elsewhere in the Teotihuacan Valley and the Basin of Mexico. West (196_) and Sanders, Parsons, and Santley (1979) ...  However, Bennyhoff (1967) is strongly of the opinion that it represents a distinct chronological period, between Cuanalan and Patlachique. If so, it implies that the TMP survey area was nearly unoccupied during an interval after occupation of the Cuanalan phase villages but before Patlachique phase reoccupation. The Tezoyuca phase will remain very poorly understood until more excavations are carried out in surviving sites of this phase in the Teotihuacan Valley and elsewhere. [Go further into problems about Tezo, citing West & Sanders pubs. Review what Blucher says abt it. Possibly also Florance for possible connections with Chupícuaro, in west Mexico.]","Phased sherd totals. Troublesome problems for exact counts of certain specific categories generated by poorly documented removal of some ""special"" sherds from collections have little effect on phase totals, because the problematic sherds are such small proportions of phase totals. Both Bennyhoff and Rattray followed the practice, for most ceramic categories, of assigning sherds unequivocally to one phase or another, depending on the phase for which they seem most typical, and they trained other TMP ceramic analysts to do the same. Given that the TMP collections consist of feature sherds, this practice is less problematic than it would be if relatively featureless small body sherds were also included. Nevertheless, it results in some sherds being assigned to a phase on the basis of very strong evidence, while in other cases the phase assignment is a guess based on more ambiguous evidence. It also makes no allowance for the fact that a category highly typical of a specific phase may have begun to be produced in small amounts in the preceding phase and may have continued to be produced in small amounts in the following phase. These are far from fatal flaws, but they must be borne in mind in assessing chronological tabulations for specific sherd lots, from excavations as well as surface collections. The ceramic phase totals include all the specific phased categories listed in data fields following 217; that is to say, censers, San Martín Orange Ware, ollas, comales, nubbin supports, and Granular Ware, and also many phased sherds of categories not tabulated as such in DF9, including flat-bottomed outcurving bowls, vases, basins, cazuelas, floreros, and ""Storm God"" jars, among others. Many of these additional phased categories are tabulated in the reanalysis data file. The phased sherd totals do not include less well phased categories such as candeleros, burners, covers, Thin Orange, foreign wares other than Granular, and figurines. Corresponding phase totals for the ceramic reanalyses are given by data fields 300 to 309, in Chapter Four.",,FALSE,FALSE,TRUE,FALSE,FALSE,FALSE,
208,PATLACHI,totPatl,totPatl,totPatl,V302,cerPhTot,Data_cerPhTot,,Archaeology,Artifact Counts,Ceramics,-1,FALSE,Integer,Count,FALSE,,,Patlachique,,,,"Phased sherds. **Phase identifications that, in the light of ceramic reanalyses and other investigations in the 1970s and early 80s, appear to sometimes be confused include:** ""Other"" Preclassic (ill-defined category?); Cuanalan (confusion with Patl); Patl (confusion with Tzac); Tzac (confusion with Patl & Mic); Mic (confusion with Tzac, Tla, Xol, & Met); Met (confusion with Xol and earlier); Oxto (confusion with Xometla). Except for some confusions with immediately preceding and following phases, most DF8 phase counts are pretty good. Vars.205-217 include phase totals for all the phased categories included below in vars.220-283 (not the unphased ones) and many other ceramic categories that were phased but not otherwise recorded in the analyses on which DF8 is based. Many more phased categories were tabulated in the ceramic reanalyses completed by early in the 80s, but (as of January 1993), most of this ceramic reanalysis data is still not in computer files. ","Patlachique phase. (Figure 3.x). The Patlachique phase (ca. 150 to 1 BC) is the first period for which large amounts of ceramics are found on the surfaces of many Teotihuacan sites – the period when Teotihuacan grew rapidly from almost nothing into a large city. Note that Figure 3.x does not include the sizable area of low-density Patlachique phase settlement northwest of the area covered by the intensive TMP survey, as discussed in Chapter One. Since neglect of this phase is so prevalent in the general Mesoamerican literature (for Pasztory [1997] it simply doesn’t exist), we emphasize that by the end of this phase Teotihuacan was already one of the largest settlements in Mesoamerica. DF9 records 27,524 sherds assigned to this phase. Cowgill's impression from having compared a large subset of the DF9 and Reanalysis tabulations – those for many of the cases where there was no doubt that the same collections were referred to – is that the total numbers of sherds assigned to the Patlachique-Tzacualli interval usually did not change greatly, but the proportion assigned to Patlachique changed considerably, and probably changed during the course of the reanalyses. At present he is not sure whether the reanalysis counts represent an improvement over those in DF9. The reanalysis total for Patlachique (data field 301[311]) is 42,331, an increase of about 61% over the DF9 count. Many sherds originally tabulated as Tzacualli were shifted to Patlachique during the ceramic reanalyses. Around 2000, Cowgill had the impression that there was a quite high level of concordance between what he and Zeferino Ortega identified as Patlachique. Nevertheless, it is clear that yet another analysis of Patlachique and Tzacualli ceramics in the TMP collections is badly needed in order to clarify key questions about the early growth of Teotihuacan, especially the rapidity of its growth and the spatial extent of substantial settlement during the Patlachique phase. (Look for Reans Data Sheets where the analysts filled in a matrix at the top of the form indicating for each phase how many sherds stayed in that phase & how many were shifted to each other phase.) Based on Cowgill's observations of the classification practices of Pedro Baños and Zeferino Ortega on ceramics from the Moon Pyramid and notes made by Mary Hopkins in February 1999 (personal communication), based on her observations of sherds in the Teotihuacan Archaeological Research Center type collections and on her interviews with Baños and Ortega, Cowgill suspects that the distinctions between Patlachique and Tzacualli in the DF9 tabulations are relatively accurate and based on criteria established by Bennyhoff, Millon, and Blucher; that at some time Rattray went off on a tangent and began classifying much that is really Tzacualli as Patlachique, thus skewing many of the reanalyses carried out by Andrea and Angela Ávila and perhaps some of those carried out by Baños and Ortega under Rattray's supervision. Possibly some of the later Baños and Ortega reanalyses reverted to the earlier (and in Cowgill's opinion, more accurate) criteria of Bennyhoff and Blucher. However, at present this is highly speculative and needs to be tested. [The ""42% sample"" in Chapter Two shows an increase of 165% of the Reans Patl total over the DF8 total, while the Reans Tzac total is only 49% of the DF8 total. The contour map published in Cowgill (1974:382) differs in details from the ca. 1981 map in ring binder, though the basic patterns are the same. The ring binder version shows a much more pronounced concentration (>200/ha) in N4W7. Both show somewhat localized >100/ha in N2W6 & a much broader concentration of >50/ha in N5W3, N5W2, N4W3, & N4W2, reaching >100/ha in parts of N5W2 & N4W2. Densities only 12-25/ha in vicinity of Moon, a localized peak of >50/ha at Sun, & a minor peak of ca. 6/ha in SE corner of the Ciudadela. The Ciudadela concentration is dubious in view of virtual absence of Patlachique in Feathered Serpent Pyramid ceramic analyses. The 1984 tabulation gives 528 in 8:N4W7, 454 in 11:N6W4, 310 in 3:N2W8, 384 in 18:N4W7, 257 in 7:N4W7, and 205 in 16:N4W7. All other DF9 cases have fewer than 200 Patlachique sherds. The basic point is really high densities on slopes of Cerro Colorado & Cerro Malinalco & extending beyond the mapped area, and another sizeable area of not quite such high densities in the ""Inner Old City"" – Plaza One is toward the northern edge of this district. The concentration in N6W4 is mainly due to 11:N6W4; next highest in this sector is L9:N6W4, with 80, then 4:N6W4 with 76, then 1A:N6W4 with 62.]. By any reckoning, it was during the Patlachique phase that, in one or two centuries, Teotihuacan grew from essentially nothing to a settlement occupied by some tens of thousands of people – already among the larger pre-Conquest settlements of Mesoamerica. In purely numerical terms, the resulting settlement might easily be considered ""urban."" The extent to which it was ""urban"" in terms of practices, institutions, and functions remains to be determined. Recent excavations at the Moon Pyramid (Cabrera and Sugiyama 1999) indicate that there was already a sizable platform or pyramid there in the Patlachique phase, measuring 23.5 by 23.5 m at the base. Its total height is unknown due to later disturbance. [Also Sugiyama & Cabrera 2006] It is unlikely that there was anything very large at the Sun Pyramid in this phase, and there certainly was not at the site of the later Ciudadela. No other interior of a Teotihuacan pyramid has been adequately explored, and we do not know the nature or extent of Patlachique phase civic-ceremonial structures.","Phased sherd totals. Troublesome problems for exact counts of certain specific categories generated by poorly documented removal of some ""special"" sherds from collections have little effect on phase totals, because the problematic sherds are such small proportions of phase totals. Both Bennyhoff and Rattray followed the practice, for most ceramic categories, of assigning sherds unequivocally to one phase or another, depending on the phase for which they seem most typical, and they trained other TMP ceramic analysts to do the same. Given that the TMP collections consist of feature sherds, this practice is less problematic than it would be if relatively featureless small body sherds were also included. Nevertheless, it results in some sherds being assigned to a phase on the basis of very strong evidence, while in other cases the phase assignment is a guess based on more ambiguous evidence. It also makes no allowance for the fact that a category highly typical of a specific phase may have begun to be produced in small amounts in the preceding phase and may have continued to be produced in small amounts in the following phase. These are far from fatal flaws, but they must be borne in mind in assessing chronological tabulations for specific sherd lots, from excavations as well as surface collections. The ceramic phase totals include all the specific phased categories listed in data fields following 217; that is to say, censers, San Martín Orange Ware, ollas, comales, nubbin supports, and Granular Ware, and also many phased sherds of categories not tabulated as such in DF9, including flat-bottomed outcurving bowls, vases, basins, cazuelas, floreros, and ""Storm God"" jars, among others. Many of these additional phased categories are tabulated in the reanalysis data file. The phased sherd totals do not include less well phased categories such as candeleros, burners, covers, Thin Orange, foreign wares other than Granular, and figurines. Corresponding phase totals for the ceramic reanalyses are given by data fields 300 to 309, in Chapter Four.",,FALSE,FALSE,FALSE,FALSE,FALSE,FALSE,
209,TZACUALL,totTzac,totTzac,totTzac,V302,cerPhTot,Data_cerPhTot,,Archaeology,Artifact Counts,Ceramics,-1,FALSE,Integer,Count,FALSE,,,Tzacualli,,,,"Phased sherds. **Phase identifications that, in the light of ceramic reanalyses and other investigations in the 1970s and early 80s, appear to sometimes be confused include:** ""Other"" Preclassic (ill-defined category?); Cuanalan (confusion with Patl); Patl (confusion with Tzac); Tzac (confusion with Patl & Mic); Mic (confusion with Tzac, Tla, Xol, & Met); Met (confusion with Xol and earlier); Oxto (confusion with Xometla). Except for some confusions with immediately preceding and following phases, most DF8 phase counts are pretty good. Vars.205-217 include phase totals for all the phased categories included below in vars.220-283 (not the unphased ones) and many other ceramic categories that were phased but not otherwise recorded in the analyses on which DF8 is based. Many more phased categories were tabulated in the ceramic reanalyses completed by early in the 80s, but (as of January 1993), most of this ceramic reanalysis data is still not in computer files. ","Tzacualli phase. The DF9 total is 109,173 (Figure 3.x). Figure 3.x does not include the area of low-density Tzacualli phase settlement outside the area covered by the intensive TMP survey, as discussed in Chapter One. Cowgill's preliminary investigations suggest that in the ceramic reanalyses there were some shifts of sherds to and/or from Patlachique and to and/or from Miccaotli, but few shifts between Tzacualli and any other phases. During the Tzacualli phase (ca. AD 1-150) the area of Teotihuacan settlement grew to nearly the maximum extent ever reached by the city, although sherd densities are rather low outside the northwestern quadrant. Figure 3.x differs in some details from the earlier version published by Cowgill (1974:386) but shows the same basic pattern. The highest count for any one site is at the Moon Pyramid, site 1:N5E1 (How many?). [Which seems odd since Millon (1960) implies TZAC scarce near Moon. Check code sheet; shd it be 63?] The next highest count is 288 at 31:N6W2, followed by 281 at 25:N5W1, and ...[ Next highest near Moon is 264 at 28:N5W1.] By the end of the Tzacualli phase the Moon Pyramid was quite large [ REF] and the Sun Pyramid was nearly its present size. Significant structures existed at the site of the Ciudadela, but they were so extensively razed when the Ciudadela was built (during the next ceramic phase) that almost nothing was known of them (Cabrera 1998) before recent excavations by Sergio Gómez and Julie Gazzola (20__).","Phased sherd totals. Troublesome problems for exact counts of certain specific categories generated by poorly documented removal of some ""special"" sherds from collections have little effect on phase totals, because the problematic sherds are such small proportions of phase totals. Both Bennyhoff and Rattray followed the practice, for most ceramic categories, of assigning sherds unequivocally to one phase or another, depending on the phase for which they seem most typical, and they trained other TMP ceramic analysts to do the same. Given that the TMP collections consist of feature sherds, this practice is less problematic than it would be if relatively featureless small body sherds were also included. Nevertheless, it results in some sherds being assigned to a phase on the basis of very strong evidence, while in other cases the phase assignment is a guess based on more ambiguous evidence. It also makes no allowance for the fact that a category highly typical of a specific phase may have begun to be produced in small amounts in the preceding phase and may have continued to be produced in small amounts in the following phase. These are far from fatal flaws, but they must be borne in mind in assessing chronological tabulations for specific sherd lots, from excavations as well as surface collections. The ceramic phase totals include all the specific phased categories listed in data fields following 217; that is to say, censers, San Martín Orange Ware, ollas, comales, nubbin supports, and Granular Ware, and also many phased sherds of categories not tabulated as such in DF9, including flat-bottomed outcurving bowls, vases, basins, cazuelas, floreros, and ""Storm God"" jars, among others. Many of these additional phased categories are tabulated in the reanalysis data file. The phased sherd totals do not include less well phased categories such as candeleros, burners, covers, Thin Orange, foreign wares other than Granular, and figurines. Corresponding phase totals for the ceramic reanalyses are given by data fields 300 to 309, in Chapter Four.",,FALSE,FALSE,FALSE,FALSE,FALSE,FALSE,
210,MICCAOTL,totMicc,totMicc,totMicc,V302,cerPhTot,Data_cerPhTot,,Archaeology,Artifact Counts,Ceramics,-1,FALSE,Integer,Count,FALSE,,,Miccaotli,,,,"Phased sherds. **Phase identifications that, in the light of ceramic reanalyses and other investigations in the 1970s and early 80s, appear to sometimes be confused include:** ""Other"" Preclassic (ill-defined category?); Cuanalan (confusion with Patl); Patl (confusion with Tzac); Tzac (confusion with Patl & Mic); Mic (confusion with Tzac, Tla, Xol, & Met); Met (confusion with Xol and earlier); Oxto (confusion with Xometla). Except for some confusions with immediately preceding and following phases, most DF8 phase counts are pretty good. Vars.205-217 include phase totals for all the phased categories included below in vars.220-283 (not the unphased ones) and many other ceramic categories that were phased but not otherwise recorded in the analyses on which DF8 is based. Many more phased categories were tabulated in the ceramic reanalyses completed by early in the 80s, but (as of January 1993), most of this ceramic reanalysis data is still not in computer files. ","Miccaotli phase. The DF9 total is 84,676 (Figure 3.x). It may seem disconcerting that this is a considerable decrease from the Tzacualli total. However, chronologies have tended to allocate a ca. 150-year time span to Tzacualli and ca. 200 years to the Tlamimilolpa phase, but only ca. 50 years to Miccaotli, that is, ca. AD 150 to 200. In terms of sherds per year, this implies a Miccaotli figure about 2.3 times that for Tzacualli, and 2.5 times that for Tlamimilolpa – in other words, a big Miccaotli spike in sherds per year. Such computations can never be taken as more than extremely rough guidelines for what is plausible about real-world phenomena, but they are among several reasons for thinking that Miccaotli ceramics were being produced for considerably more than a half century. Assigning something like a 120-year duration to the Miccaotli phase would bring it in line with Tzacualli and Tlamimilolpa sherds per year. These number games should not be carried far, however – they do not take the place of abundant high quality radiocarbon dates for inferring absolute chronologies. Nevertheless, Cowgill thinks it likely that the duration of the Miccaotli phase was more like a century than a half-century. For lack of anything better, he suggests adding a quarter-century at either end of earlier estimates and estimating the absolute date of the Miccaotli phase as ca. AD 125 to 225. Figure 3.x shows proportions of DF9 Miccaotli totals relative to total phased Miccaotli-Metepec sherds. Cowgill's preliminary investigations of ceramic reanalysis data indicate that there are some shifts between the DF9 Miccaotli identifications and those for Tzacualli, Tlamimilolpa, Xolalpan, and Metepec. Miccaotli shifts in identifications cover an unusually wide span of phases. Much of this may be due to Rattray's belief that hardly any Red or Red-on-natural ceramics date to the Miccaotli-Early Tlamimilolpa interval. Excavations such as those at the Feathered Serpent Pyramid cast doubt on this belief, since some Red-on-natural sherds were found there in contexts not later than Early Tlamimilolpa (Cowgill 1998; Cowgill and O. Cabrera 1991). (See what Rattray 2001 says about this.). Spatial patterns of Miccaotli sherd densities show a continuation of trends seen in the Tzacualli phase. Sherd densities are highest in the northwestern quadrant, especially in sectors N6W2 and eastern parts of N6W3 and N7W3, and in N4W2 and parts of N4W3 and N5W3. However, densities increase, relative to Tzacualli, in the southern and eastern quadrants of the city. The lobe of Patlachique and Tzacualli settlement northwest of the mapped area disappears.","Phased sherd totals. Troublesome problems for exact counts of certain specific categories generated by poorly documented removal of some ""special"" sherds from collections have little effect on phase totals, because the problematic sherds are such small proportions of phase totals. Both Bennyhoff and Rattray followed the practice, for most ceramic categories, of assigning sherds unequivocally to one phase or another, depending on the phase for which they seem most typical, and they trained other TMP ceramic analysts to do the same. Given that the TMP collections consist of feature sherds, this practice is less problematic than it would be if relatively featureless small body sherds were also included. Nevertheless, it results in some sherds being assigned to a phase on the basis of very strong evidence, while in other cases the phase assignment is a guess based on more ambiguous evidence. It also makes no allowance for the fact that a category highly typical of a specific phase may have begun to be produced in small amounts in the preceding phase and may have continued to be produced in small amounts in the following phase. These are far from fatal flaws, but they must be borne in mind in assessing chronological tabulations for specific sherd lots, from excavations as well as surface collections. The ceramic phase totals include all the specific phased categories listed in data fields following 217; that is to say, censers, San Martín Orange Ware, ollas, comales, nubbin supports, and Granular Ware, and also many phased sherds of categories not tabulated as such in DF9, including flat-bottomed outcurving bowls, vases, basins, cazuelas, floreros, and ""Storm God"" jars, among others. Many of these additional phased categories are tabulated in the reanalysis data file. The phased sherd totals do not include less well phased categories such as candeleros, burners, covers, Thin Orange, foreign wares other than Granular, and figurines. Corresponding phase totals for the ceramic reanalyses are given by data fields 300 to 309, in Chapter Four.",,FALSE,FALSE,FALSE,FALSE,FALSE,FALSE,
211,TLAMIMIL,totTlam,totTlam,totTlam,V302,cerPhTot,Data_cerPhTot,,Archaeology,Artifact Counts,Ceramics,-1,FALSE,Integer,Count,FALSE,,,Tlamimilolpa,,,,"Phased sherds. **Phase identifications that, in the light of ceramic reanalyses and other investigations in the 1970s and early 80s, appear to sometimes be confused include:** ""Other"" Preclassic (ill-defined category?); Cuanalan (confusion with Patl); Patl (confusion with Tzac); Tzac (confusion with Patl & Mic); Mic (confusion with Tzac, Tla, Xol, & Met); Met (confusion with Xol and earlier); Oxto (confusion with Xometla). Except for some confusions with immediately preceding and following phases, most DF8 phase counts are pretty good. Vars.205-217 include phase totals for all the phased categories included below in vars.220-283 (not the unphased ones) and many other ceramic categories that were phased but not otherwise recorded in the analyses on which DF8 is based. Many more phased categories were tabulated in the ceramic reanalyses completed by early in the 80s, but (as of January 1993), most of this ceramic reanalysis data is still not in computer files. ","Tlamimilolpa phase. DF9 shows 137,209 sherds for this phase (Figure 3.x). The phase as a whole perhaps lasted from about AD 225 to 350 (375?). A shortcoming of DF9 is that it does not distinguish Early Tlamimilolpa phase ceramics from those of the Late Tlamimilolpa phase. Contrary to what the names suggest, there is a much sharper break in styles and forms between the ceramics of Early Tlamimilolpa and Late Tlamimilolpa than between those of the Miccaotli and Early Tlamimilolpa phases. Most of the differences between Miccaotli and Early Tlamimilolpa ceramics are relatively subtle and not always easy to recognize with security. Indeed, Rattray (ref) has suggested, with good reason, that these three phases be renamed Early Miccaotli, Late Miccaotli, and Tlamimilolpa. For the present, however, we will stay with the old terminology. It is the Late Tlamimilolpa phase that sees the introduction of a number of forms considered ""hallmarks"" of Teotihuacan, including locally-produced direct-rim cylinder tripod vases, early forms of candeleros, the onset of production of San Martín Orange ware, and probably the earliest copas (small cups on low pedestal bases, often with trough spouts, handles, or both, including so-called ""cream pitchers"", Figure 3.x, cf. data fields 276 and 417-419) and direct-rim cylinder tripod vases in ""Copa"" Ware . Use of molds for making figurines and composite censer ornaments begins or at least greatly increases. Earlier categories such as White-on-red decoration and vases with nubbin supports and outflaring rims disappear or become much scarcer. At the same time, forms such as ollas, cazuelas, flat-bottomed bowls with outcurving sides, and tapaplatos change more gradually and suggest considerable continuity in the local population. Thin Orange Ware and Granular Ware were imported both before and after the Early to Late Tlamimilolpa transition, although the volume of Thin Orange increases afterwards and the volume of Granular Ware may decrease. (Add some remarks about pastes, including from Hopkins?) The ceramic reanalyses also failed to distinguish between Early and Late Tlamimilolpa. At the time they were designed, Cowgill was not aware of how different these phases are. It is not clear why Rattray did not bring this to Cowgill's attention. Subsequently, Baños and Ortega have gone through the plastic bags of reanalyzed Tlamimilolpa sherds, tabulating the counts of Early and Late Tlamimilolpa sherds. (What is the status of creating an electronic file of these data & incorporating it w/ the Reans file?) Considering the Tlamimilolpa phase as a whole, the overall spatial distribution does not differ greatly from that for the Miccaotli phase. Figure 3.x shows proportions of DF9 Tlamimilolpa sherds relative to total phased Miccaotli-Metepec sherds. There is further infilling, especially toward the east, and higher densities in and near sectors N6W2 and N6W3.","Phased sherd totals. Troublesome problems for exact counts of certain specific categories generated by poorly documented removal of some ""special"" sherds from collections have little effect on phase totals, because the problematic sherds are such small proportions of phase totals. Both Bennyhoff and Rattray followed the practice, for most ceramic categories, of assigning sherds unequivocally to one phase or another, depending on the phase for which they seem most typical, and they trained other TMP ceramic analysts to do the same. Given that the TMP collections consist of feature sherds, this practice is less problematic than it would be if relatively featureless small body sherds were also included. Nevertheless, it results in some sherds being assigned to a phase on the basis of very strong evidence, while in other cases the phase assignment is a guess based on more ambiguous evidence. It also makes no allowance for the fact that a category highly typical of a specific phase may have begun to be produced in small amounts in the preceding phase and may have continued to be produced in small amounts in the following phase. These are far from fatal flaws, but they must be borne in mind in assessing chronological tabulations for specific sherd lots, from excavations as well as surface collections. The ceramic phase totals include all the specific phased categories listed in data fields following 217; that is to say, censers, San Martín Orange Ware, ollas, comales, nubbin supports, and Granular Ware, and also many phased sherds of categories not tabulated as such in DF9, including flat-bottomed outcurving bowls, vases, basins, cazuelas, floreros, and ""Storm God"" jars, among others. Many of these additional phased categories are tabulated in the reanalysis data file. The phased sherd totals do not include less well phased categories such as candeleros, burners, covers, Thin Orange, foreign wares other than Granular, and figurines. Corresponding phase totals for the ceramic reanalyses are given by data fields 300 to 309, in Chapter Four.",,FALSE,FALSE,FALSE,FALSE,FALSE,FALSE,
212,XOLALPAN,totXola,totXola,totXola,V302,cerPhTot,Data_cerPhTot,,Archaeology,Artifact Counts,Ceramics,-1,FALSE,Integer,Count,FALSE,,,Xolalpan,,,,"Phased sherds. **Phase identifications that, in the light of ceramic reanalyses and other investigations in the 1970s and early 80s, appear to sometimes be confused include:** ""Other"" Preclassic (ill-defined category?); Cuanalan (confusion with Patl); Patl (confusion with Tzac); Tzac (confusion with Patl & Mic); Mic (confusion with Tzac, Tla, Xol, & Met); Met (confusion with Xol and earlier); Oxto (confusion with Xometla). Except for some confusions with immediately preceding and following phases, most DF8 phase counts are pretty good. Vars.205-217 include phase totals for all the phased categories included below in vars.220-283 (not the unphased ones) and many other ceramic categories that were phased but not otherwise recorded in the analyses on which DF8 is based. Many more phased categories were tabulated in the ceramic reanalyses completed by early in the 80s, but (as of January 1993), most of this ceramic reanalysis data is still not in computer files. ","Xolalpan phase. The DF9 total for this phase is 122,852 (Figure 3.x), somewhat less than the Tlamimilolpa phase total. The phase probably dates from around AD 350 [375?] to 550. Bennyhoff and Millon (n.d.) and Rattray (2001) recognize Early and Late subphases, but Cowgill has the impression that the differences are not great, and they are not distinguished in the tabulations of either DF9 or the reanalysis file. The decrease in sherd count relative to the Tlamimilolpa phase is too small to be taken seriously as an indication of population decline, but it certainly does not suggest any marked increase in population. Taking the different estimated durations of phases into account, sherd counts suggest a population plateau during the Miccaotli-Xolalpan interval – quite different from the Xolalpan peak postulated by Sanders et al. (1979) and others. The spatial pattern of Xolalpan phase sherd densities is, in general terms, similar to that for Tlamimilolpa. However, relative to total phased Miccaotli-Metepec ceramics, Xolalpan densities are notably high in the Tlajinga district (at least partly because of the high density of San Martín Orange Ware, which was manufactured in this district), somewhat high in the ""Outer Old City"" [rename?] (in and near N6W2 and N6W3), and in and near sectors N2W6, N2W1, N2E2, and N1W2. Xolalpan densities relative to total phased Miccaotli-Metepec tend to be low along the entire eastern margin of the city, along the Avenue of the Dead from the Moon Pyramid to somewhat south of the Sun Pyramid (where Miccaotli relative densities are above average), and in the Ciudadela (where Tlamimilolpa relative densities are above average) (Figure 3.x).","Phased sherd totals. Troublesome problems for exact counts of certain specific categories generated by poorly documented removal of some ""special"" sherds from collections have little effect on phase totals, because the problematic sherds are such small proportions of phase totals. Both Bennyhoff and Rattray followed the practice, for most ceramic categories, of assigning sherds unequivocally to one phase or another, depending on the phase for which they seem most typical, and they trained other TMP ceramic analysts to do the same. Given that the TMP collections consist of feature sherds, this practice is less problematic than it would be if relatively featureless small body sherds were also included. Nevertheless, it results in some sherds being assigned to a phase on the basis of very strong evidence, while in other cases the phase assignment is a guess based on more ambiguous evidence. It also makes no allowance for the fact that a category highly typical of a specific phase may have begun to be produced in small amounts in the preceding phase and may have continued to be produced in small amounts in the following phase. These are far from fatal flaws, but they must be borne in mind in assessing chronological tabulations for specific sherd lots, from excavations as well as surface collections. The ceramic phase totals include all the specific phased categories listed in data fields following 217; that is to say, censers, San Martín Orange Ware, ollas, comales, nubbin supports, and Granular Ware, and also many phased sherds of categories not tabulated as such in DF9, including flat-bottomed outcurving bowls, vases, basins, cazuelas, floreros, and ""Storm God"" jars, among others. Many of these additional phased categories are tabulated in the reanalysis data file. The phased sherd totals do not include less well phased categories such as candeleros, burners, covers, Thin Orange, foreign wares other than Granular, and figurines. Corresponding phase totals for the ceramic reanalyses are given by data fields 300 to 309, in Chapter Four.",,FALSE,FALSE,FALSE,FALSE,FALSE,FALSE,
213,METEPEC,totMete,totMete,totMete,V302,cerPhTot,Data_cerPhTot,,Archaeology,Artifact Counts,Ceramics,-1,FALSE,Integer,Count,FALSE,,,Metepec,,,,"Phased sherds. **Phase identifications that, in the light of ceramic reanalyses and other investigations in the 1970s and early 80s, appear to sometimes be confused include:** ""Other"" Preclassic (ill-defined category?); Cuanalan (confusion with Patl); Patl (confusion with Tzac); Tzac (confusion with Patl & Mic); Mic (confusion with Tzac, Tla, Xol, & Met); Met (confusion with Xol and earlier); Oxto (confusion with Xometla). Except for some confusions with immediately preceding and following phases, most DF8 phase counts are pretty good. Vars.205-217 include phase totals for all the phased categories included below in vars.220-283 (not the unphased ones) and many other ceramic categories that were phased but not otherwise recorded in the analyses on which DF8 is based. Many more phased categories were tabulated in the ceramic reanalyses completed by early in the 80s, but (as of January 1993), most of this ceramic reanalysis data is still not in computer files. ","Metepec phase. The DF9 total is only 33,544 (Figure 3.x). Even taking into account estimates that this phase lasted only about a century (from ca. AD 550 to 650), this suggests a considerable population decline toward the end of Teotihuacan's existence. However, definitions of ceramic distinctions between Xolalpan and Metepec are still in flux, and it is possible that the population decline was less drastic than is suggested by the DF9 data. During the ceramic reanalyses there were appreciable switches between Metepec and Xolalpan and earlier phases, but the reanalysis tabulations for the Metepec phase should themselves be treated with considerable caution until more work on Metepec-phase materials has been carried out. Although ceramics identified as Metepec are never extremely abundant relative to those of other Miccaotli-Metepec phases, the highest relative proportions were identified in a small cluster of sites in the Metepec Hacienda district and, unexpectedly, in sector S2E1 (Figure 3.x). Proportions are also relatively high along the Avenue of the Dead from the Moon Pyramid to the Río San Juan, but not in the Ciudadela. Proportions are also rather high in and near N6E2, N4E2, N2W6 and N3W6, the Great Compound (N1W1), and a broad swath from there to the Tlajinga district. Low proportions are mostly near the city's margins, especially on the northwest. Most notably, this pattern does not suggest anything foreshadowing the partial abandonment of the core in later periods. Instead, it suggests greatest population decline around the margins and least decline in the central parts of the city.","Phased sherd totals. Troublesome problems for exact counts of certain specific categories generated by poorly documented removal of some ""special"" sherds from collections have little effect on phase totals, because the problematic sherds are such small proportions of phase totals. Both Bennyhoff and Rattray followed the practice, for most ceramic categories, of assigning sherds unequivocally to one phase or another, depending on the phase for which they seem most typical, and they trained other TMP ceramic analysts to do the same. Given that the TMP collections consist of feature sherds, this practice is less problematic than it would be if relatively featureless small body sherds were also included. Nevertheless, it results in some sherds being assigned to a phase on the basis of very strong evidence, while in other cases the phase assignment is a guess based on more ambiguous evidence. It also makes no allowance for the fact that a category highly typical of a specific phase may have begun to be produced in small amounts in the preceding phase and may have continued to be produced in small amounts in the following phase. These are far from fatal flaws, but they must be borne in mind in assessing chronological tabulations for specific sherd lots, from excavations as well as surface collections. The ceramic phase totals include all the specific phased categories listed in data fields following 217; that is to say, censers, San Martín Orange Ware, ollas, comales, nubbin supports, and Granular Ware, and also many phased sherds of categories not tabulated as such in DF9, including flat-bottomed outcurving bowls, vases, basins, cazuelas, floreros, and ""Storm God"" jars, among others. Many of these additional phased categories are tabulated in the reanalysis data file. The phased sherd totals do not include less well phased categories such as candeleros, burners, covers, Thin Orange, foreign wares other than Granular, and figurines. Corresponding phase totals for the ceramic reanalyses are given by data fields 300 to 309, in Chapter Four.",,FALSE,FALSE,FALSE,FALSE,FALSE,FALSE,
214,OXTOTIPA,totOxto,Coyotlatelco,totOxto,V302,cerPhTot,Data_cerPhTot,,Archaeology,Artifact Counts,Ceramics,-1,FALSE,Integer,Count,FALSE,,,Oxtoticpac,,,,"Phased sherds. **Phase identifications that, in the light of ceramic reanalyses and other investigations in the 1970s and early 80s, appear to sometimes be confused include:** ""Other"" Preclassic (ill-defined category?); Cuanalan (confusion with Patl); Patl (confusion with Tzac); Tzac (confusion with Patl & Mic); Mic (confusion with Tzac, Tla, Xol, & Met); Met (confusion with Xol and earlier); Oxto (confusion with Xometla). Except for some confusions with immediately preceding and following phases, most DF8 phase counts are pretty good. Vars.205-217 include phase totals for all the phased categories included below in vars.220-283 (not the unphased ones) and many other ceramic categories that were phased but not otherwise recorded in the analyses on which DF8 is based. Many more phased categories were tabulated in the ceramic reanalyses completed by early in the 80s, but (as of January 1993), most of this ceramic reanalysis data is still not in computer files. ","Oxtoticpac phase. The DF9 total is 7,409 (Figure 3.x). Some workers, including Sanders (1986, 1989), who spells it Oxtotipac, following modern usage, regard this as a transitional phase between Metepec and Xometla. However, the Oxtoticpac phase is highly controversial and its very existence has been questioned by Rattray (1996, 2001?), who sees a marked discontinuity between Metepec and later ceramics at Teotihuacan. It is likely that ceramic analysts varied considerably in what, if anything, they recognized as belonging to this problematic phase. Many ceramic analysts may not have recognized an ""Oxtoticpac"" category at all, and put everything they recognized as Coyotlatelco-like into ""Xometla."" DF9 data field 214 is probably best combined with those for the Xometla phase (data field 215), and put into a generalized Coyotlatelco phase. This, indeed, is what was done in the ceramic reanalyses. It is likely that valid distinctions between Early and Late Coyotlatelco can eventually be made (Crider 2011), but both Cowgill and Rattray doubt whether these are captured by the DF9 tabulations.","Phased sherd totals. Troublesome problems for exact counts of certain specific categories generated by poorly documented removal of some ""special"" sherds from collections have little effect on phase totals, because the problematic sherds are such small proportions of phase totals. Both Bennyhoff and Rattray followed the practice, for most ceramic categories, of assigning sherds unequivocally to one phase or another, depending on the phase for which they seem most typical, and they trained other TMP ceramic analysts to do the same. Given that the TMP collections consist of feature sherds, this practice is less problematic than it would be if relatively featureless small body sherds were also included. Nevertheless, it results in some sherds being assigned to a phase on the basis of very strong evidence, while in other cases the phase assignment is a guess based on more ambiguous evidence. It also makes no allowance for the fact that a category highly typical of a specific phase may have begun to be produced in small amounts in the preceding phase and may have continued to be produced in small amounts in the following phase. These are far from fatal flaws, but they must be borne in mind in assessing chronological tabulations for specific sherd lots, from excavations as well as surface collections. The ceramic phase totals include all the specific phased categories listed in data fields following 217; that is to say, censers, San Martín Orange Ware, ollas, comales, nubbin supports, and Granular Ware, and also many phased sherds of categories not tabulated as such in DF9, including flat-bottomed outcurving bowls, vases, basins, cazuelas, floreros, and ""Storm God"" jars, among others. Many of these additional phased categories are tabulated in the reanalysis data file. The phased sherd totals do not include less well phased categories such as candeleros, burners, covers, Thin Orange, foreign wares other than Granular, and figurines. Corresponding phase totals for the ceramic reanalyses are given by data fields 300 to 309, in Chapter Four.","A new variable called ‘coyotlatelco’ was generated by merging two previous variables: ‘totOxto’ and ‘totXome.’ This change was suggested in Cowgill and Robertson 2012 because “the Oxtoticpac phase is highly controversial and its very existence has been questioned.” Additionally, Huster’s opinion is that the “most successful subdivisions of the epiclassic are based on the proportion of Variables of ceramics not on the presence or absence of diagnostic ceramic Variables. Therefore, assigning ceramics to one period or another is an unreliable practice.”",FALSE,TRUE,FALSE,FALSE,FALSE,FALSE,
215,XOMETLA,totXome,Coyotlatelco,totXome,V302,cerPhTot,Data_cerPhTot,,Archaeology,Artifact Counts,Ceramics,-1,FALSE,Integer,Count,FALSE,,,Xometla,,,,"Phased sherds. **Phase identifications that, in the light of ceramic reanalyses and other investigations in the 1970s and early 80s, appear to sometimes be confused include:** ""Other"" Preclassic (ill-defined category?); Cuanalan (confusion with Patl); Patl (confusion with Tzac); Tzac (confusion with Patl & Mic); Mic (confusion with Tzac, Tla, Xol, & Met); Met (confusion with Xol and earlier); Oxto (confusion with Xometla). Except for some confusions with immediately preceding and following phases, most DF8 phase counts are pretty good. Vars.205-217 include phase totals for all the phased categories included below in vars.220-283 (not the unphased ones) and many other ceramic categories that were phased but not otherwise recorded in the analyses on which DF8 is based. Many more phased categories were tabulated in the ceramic reanalyses completed by early in the 80s, but (as of January 1993), most of this ceramic reanalysis data is still not in computer files. ","Xometla phase. The DF9 total is 52,434 (Figure 3.x). As explained above, it would be best to group this data field with data field 214, leading to a Coyotlatelco total of 59,843 for DF9. Assuming (on the basis of quite limited evidence) that the Coyotlatelco phase lasted about two centuries, and that the Miccaotli-Metepec span perhaps lasted about 4.5 [4.75?] centuries (from ca. AD 150 [125?] to 600), this implies that the Coyotlatelco phase population may have been something like 3/10 the average Miccaotli-Metepec interval population [recompute] . This very rough estimate is not inconsistent with the total area of relatively dense to moderate Coyotlatelco sherd cover within the TMP survey area. Earlier population estimates by Sanders et al. (1979) and Diehl (1989) are based on far less evidence and/or poor understanding of the evidence and should be given little credence. (378,281/450=841 [excluding TO b/c it was collected more intensively]; 52,434/200=262; 262/841=0.31.) Neither DF9 nor the reanalysis file contain any information about Coyotlatelco ceramics other than the phase totals. Work by Destiny Crider (2002, 2011), based largely on TMP materials, greatly improves our understanding of the Coyotlatelco phase occupation in the TMP survey area. (Cite also various Rattray (esp. 1966 &1996) & other publications on Coyo & the Epiclassic.) Whether or not a transitional ""Oxtoticpac"" phase existed, the distribution pattern for Coyotlatelco ceramics as a whole differs very markedly from that of the Metepec phase. It is by far the most dramatic change in spatial pattern since the Patlachique phase, other than that due to the marked further spatial expansion in the Tzacualli phase. This great difference in the spatial pattern betokens, at least, a major social-political-religious reorganization. Some, including Rattray (1996) and Cowgill, believe that the stylistic discontinuities in ceramics are so great as to suggest a sizable in-migration, most likely from somewhere to the northwest. [Cite some refs.] The largest region of high Coyotlatelco sherd densities is in and for some distance around sectors N3W2, N4W2, and N4W3. Other concentrations are in northeastern S1W3; the Metepec Hacienda area in N1E7, where a Coyotlatelco obsidian workshop was excavated (Rattray 1983, 1987; Iceland need ref!1987c?), and in N3E3, where there is an even more pronounced concentration in the ensuing Mazapan phase. Coyotlatelco sherds are generally rather sparse near the Avenue of the Dead (especially at and near the Ciudadela), but this central area was not wholly unoccupied. There are, for example, some Coyotlatelco ceramics in the fill of 6C:N5W1, a structure immediately west of the Moon Pyramid [ref]. It is possible that a good deal of Coyotlatelco and later ceramics were summarily discarded during the 1962-64 INAH reconstruction of the façades of a number of structures along the Avenue of the Dead, but this cannot account for the scarcity of post-Teotihuacan Period ceramics on the unexcavated parts of these structures and on the surfaces of structures near the Avenue but not fronting on it.","Phased sherd totals. Troublesome problems for exact counts of certain specific categories generated by poorly documented removal of some ""special"" sherds from collections have little effect on phase totals, because the problematic sherds are such small proportions of phase totals. Both Bennyhoff and Rattray followed the practice, for most ceramic categories, of assigning sherds unequivocally to one phase or another, depending on the phase for which they seem most typical, and they trained other TMP ceramic analysts to do the same. Given that the TMP collections consist of feature sherds, this practice is less problematic than it would be if relatively featureless small body sherds were also included. Nevertheless, it results in some sherds being assigned to a phase on the basis of very strong evidence, while in other cases the phase assignment is a guess based on more ambiguous evidence. It also makes no allowance for the fact that a category highly typical of a specific phase may have begun to be produced in small amounts in the preceding phase and may have continued to be produced in small amounts in the following phase. These are far from fatal flaws, but they must be borne in mind in assessing chronological tabulations for specific sherd lots, from excavations as well as surface collections. The ceramic phase totals include all the specific phased categories listed in data fields following 217; that is to say, censers, San Martín Orange Ware, ollas, comales, nubbin supports, and Granular Ware, and also many phased sherds of categories not tabulated as such in DF9, including flat-bottomed outcurving bowls, vases, basins, cazuelas, floreros, and ""Storm God"" jars, among others. Many of these additional phased categories are tabulated in the reanalysis data file. The phased sherd totals do not include less well phased categories such as candeleros, burners, covers, Thin Orange, foreign wares other than Granular, and figurines. Corresponding phase totals for the ceramic reanalyses are given by data fields 300 to 309, in Chapter Four.","A new variable called ‘coyotlatelco’ was generated by merging two previous variables: ‘totOxto’ and ‘totXome.’ This change was suggested in Cowgill and Robertson 2012 because “the Oxtoticpac phase is highly controversial and its very existence has been questioned.” Additionally, Huster’s opinion is that the “most successful subdivisions of the epiclassic are based on the proportion of Variables of ceramics not on the presence or absence of diagnostic ceramic Variables. Therefore, assigning ceramics to one period or another is an unreliable practice.”",FALSE,TRUE,FALSE,FALSE,FALSE,FALSE,
216,MAZAPAN,totMaza,Maza,totMaza,V303,cerPhTot,Data_cerPhTot,,Archaeology,Artifact Counts,Ceramics,-1,FALSE,Integer,Count,FALSE,,,Mazapan,,,,"Phased sherds. **Phase identifications that, in the light of ceramic reanalyses and other investigations in the 1970s and early 80s, appear to sometimes be confused include:** ""Other"" Preclassic (ill-defined category?); Cuanalan (confusion with Patl); Patl (confusion with Tzac); Tzac (confusion with Patl & Mic); Mic (confusion with Tzac, Tla, Xol, & Met); Met (confusion with Xol and earlier); Oxto (confusion with Xometla). Except for some confusions with immediately preceding and following phases, most DF8 phase counts are pretty good. Vars.205-217 include phase totals for all the phased categories included below in vars.220-283 (not the unphased ones) and many other ceramic categories that were phased but not otherwise recorded in the analyses on which DF8 is based. Many more phased categories were tabulated in the ceramic reanalyses completed by early in the 80s, but (as of January 1993), most of this ceramic reanalysis data is still not in computer files. ","Mazapan phase. The DF9 total is 41,732, not a great deal less than the Coyotlatelco total (Figure 3.x). Ceramics of this phase in the TMP collections have not yet received close study. The spatial pattern of densities shows some very general resemblances to that for the Coyotlatelco phase, but also marked differences. Notably, the concentration in N3E3 becomes more pronounced. This includes the site of Las Palmas, where George C. Vaillant dug in the early 1930s (his collections and records are at the American Museum of Natural History, still unpublished) and where Sigvald Linné (1934) worked more briefly. This district was probably the principal Mazapan phase settlement within the former urban zone of Teotihuacan. Weaker and more localized concentrations are in N5W3 and scattered elsewhere. Evidence of occupation in the area of the large Coyotlatelco phase concentration in and around N3W2 continues, but at greatly reduced density, and this was no longer a major focus of settlement. Mazapan sherd cover near the Avenue of the Dead is light. Cite relevant pubs, mention that McCullough (& Sanders, Nichols?) propose up to 5 phases between Metepec & Aztec.","Phased sherd totals. Troublesome problems for exact counts of certain specific categories generated by poorly documented removal of some ""special"" sherds from collections have little effect on phase totals, because the problematic sherds are such small proportions of phase totals. Both Bennyhoff and Rattray followed the practice, for most ceramic categories, of assigning sherds unequivocally to one phase or another, depending on the phase for which they seem most typical, and they trained other TMP ceramic analysts to do the same. Given that the TMP collections consist of feature sherds, this practice is less problematic than it would be if relatively featureless small body sherds were also included. Nevertheless, it results in some sherds being assigned to a phase on the basis of very strong evidence, while in other cases the phase assignment is a guess based on more ambiguous evidence. It also makes no allowance for the fact that a category highly typical of a specific phase may have begun to be produced in small amounts in the preceding phase and may have continued to be produced in small amounts in the following phase. These are far from fatal flaws, but they must be borne in mind in assessing chronological tabulations for specific sherd lots, from excavations as well as surface collections. The ceramic phase totals include all the specific phased categories listed in data fields following 217; that is to say, censers, San Martín Orange Ware, ollas, comales, nubbin supports, and Granular Ware, and also many phased sherds of categories not tabulated as such in DF9, including flat-bottomed outcurving bowls, vases, basins, cazuelas, floreros, and ""Storm God"" jars, among others. Many of these additional phased categories are tabulated in the reanalysis data file. The phased sherd totals do not include less well phased categories such as candeleros, burners, covers, Thin Orange, foreign wares other than Granular, and figurines. Corresponding phase totals for the ceramic reanalyses are given by data fields 300 to 309, in Chapter Four.",,FALSE,FALSE,TRUE,FALSE,FALSE,FALSE,
217,AZTEC,totAzte,Azte,totAzte,V303,cerPhTot,Data_cerPhTot,,Archaeology,Artifact Counts,Ceramics,-1,FALSE,Integer,Count,FALSE,,,Aztec,,,,"Phased sherds. **Phase identifications that, in the light of ceramic reanalyses and other investigations in the 1970s and early 80s, appear to sometimes be confused include:** ""Other"" Preclassic (ill-defined category?); Cuanalan (confusion with Patl); Patl (confusion with Tzac); Tzac (confusion with Patl & Mic); Mic (confusion with Tzac, Tla, Xol, & Met); Met (confusion with Xol and earlier); Oxto (confusion with Xometla). Except for some confusions with immediately preceding and following phases, most DF8 phase counts are pretty good. Vars.205-217 include phase totals for all the phased categories included below in vars.220-283 (not the unphased ones) and many other ceramic categories that were phased but not otherwise recorded in the analyses on which DF8 is based. Many more phased categories were tabulated in the ceramic reanalyses completed by early in the 80s, but (as of January 1993), most of this ceramic reanalysis data is still not in computer files. ","Aztec phase. The DF9 total is 94,115 (Figure 3.x). A study of a sample of these materials by Christopher Garraty (1998, 2000) indicates that the vast majority are Late Aztec (Aztec III or IV, ca. 1350-1600) although some Early Aztec (Aztec II) occurs, notably in and around sector S3E6. Aztec I seems nearly or wholly absent [Get specifics from Chris]. There was a tendency for at least some field crews to under-collect Aztec feature sherds because of their great abundance. It may be that more Late Aztec sherds were generated per person per year than in earlier periods, and that Late Aztec materials are more visible on the surface. Even if so, these considerations do not seem to wholly account for the huge numbers of Late Aztec sherds observed or collected; comparable to the numbers for Teotihuacan Period phases of similar duration. Yet documents suggest that the local population on the eve of the Spanish Conquest was only about _____ to ______ [Look up figures, Sanders & Evans], far less than current estimates of the Teotihuacan Period population. This is one reason why Teotihuacan Period population estimates should be reconsidered. In spatial terms, Late Aztec sherd densities show continuation of broad Coyotlatelco and Mazapan phase trends. There is a broader area than before of extremely low sherd densities extending 500 to 1000 m on either side of the Avenue of the Dead, and at least some of the Aztec finds in this region suggest ritual activities rather than domestic activities (e.g., sherds in upper layers of the Plataforma Adosada observed by Cowgill in 1988, and an Aztec burial in the East Platform of the Ciudadela [ref]). Major Late Aztec sherd concentrations are more peripheral to the Teotihuacan Period urban zone than before, and occur in N6W3 and N7W3, N7W1 and N7E1 (all perhaps antecedents to present-day San Martín de las Pirámides); N1W6 (likely the main ancestor of the present town of San Juan Teotihuacán); S6W1 and S6E1; and S3E6. These last two are in sparsely settled farmlands today. Some of these peripheral concentrations extend at least somewhat beyond the mapped areas because they are outside the Teotihuacan urban zone, and funds for survey beyond this area were not available to the TMP, as explained in Chapter One. An analysis of selected TMP Aztec collections by Garraty (2000) offers a model of the Late Postclassic sociopolitical structure of Teotihuacan.","Phased sherd totals. Troublesome problems for exact counts of certain specific categories generated by poorly documented removal of some ""special"" sherds from collections have little effect on phase totals, because the problematic sherds are such small proportions of phase totals. Both Bennyhoff and Rattray followed the practice, for most ceramic categories, of assigning sherds unequivocally to one phase or another, depending on the phase for which they seem most typical, and they trained other TMP ceramic analysts to do the same. Given that the TMP collections consist of feature sherds, this practice is less problematic than it would be if relatively featureless small body sherds were also included. Nevertheless, it results in some sherds being assigned to a phase on the basis of very strong evidence, while in other cases the phase assignment is a guess based on more ambiguous evidence. It also makes no allowance for the fact that a category highly typical of a specific phase may have begun to be produced in small amounts in the preceding phase and may have continued to be produced in small amounts in the following phase. These are far from fatal flaws, but they must be borne in mind in assessing chronological tabulations for specific sherd lots, from excavations as well as surface collections. The ceramic phase totals include all the specific phased categories listed in data fields following 217; that is to say, censers, San Martín Orange Ware, ollas, comales, nubbin supports, and Granular Ware, and also many phased sherds of categories not tabulated as such in DF9, including flat-bottomed outcurving bowls, vases, basins, cazuelas, floreros, and ""Storm God"" jars, among others. Many of these additional phased categories are tabulated in the reanalysis data file. The phased sherd totals do not include less well phased categories such as candeleros, burners, covers, Thin Orange, foreign wares other than Granular, and figurines. Corresponding phase totals for the ceramic reanalyses are given by data fields 300 to 309, in Chapter Four.",,FALSE,FALSE,TRUE,FALSE,FALSE,FALSE,
218,CNSRTOTS,censerTot,censerTot,censerTot,V303,cerVessel,Data_cerVessel,,Archaeology,Artifact Counts,Ceramics,-1,FALSE,Integer,Count,FALSE,,,Total censers; Patlachique-Metepec,,,,"Total censers, Patl-Met","Total Teotihuacan Period censers. DF9 records a total of 17,238 censer fragments (Figure 3.x). In addition at least some censer ornaments (adornos) are probably among the 1,143 objects tabulated under data field 274. Of the 17,238, 16,564 were assigned to a specific phase, and the remaining 674 were judged unphaseable by the analyst. Extremely few censer fragments were assigned to the Tzacualli or earlier phases. This may mean that censers (at least of Coarse Matte Ware) were very rare before Miccaotli, that a number of early censer fragments were incorrectly phased, and/or that some were of forms/wares not recognized as censers. (Esp puzzling is the scarcity of Tzac censers. Doesn't Rattray describe them as already in flanged-rim flowerpot tradition? Are there many Tzac censers in the Reans file?) The rim forms of Coarse Matte censer bowls have proven highly sensitive and excellent time markers. They all have flanges or bolsters, but the cross-sections, degrees of overhang, and widths of flanges vary over time. In earlier phases, many of the flanges have circular or semi-circular impressions in the wet clay, and the forms and spacing of these impressions vary over time. In later phases the flanges are generally smoothed and plain, although in a few cases modeled clay elements are attached. Very rarely, these show motifs derived from the Maya area (Taube 2000:____). Figures 3.x to 3.x show censer bowl flanges typical of each phase. These flowerpot-like censer bowls often had pedestal supports and always had lids. In earlier phases the lids seem generally to be rather simple, but by the (Early Tla???) phase they often consist of a tall cylindrical chimney and a rather elaborate clay armature to which a profusion of molded clay ornaments (adornos) were attached. These are the ""composite"" or ""theatre"" censers for which Teotihuacan is famed. In earlier phases the adornos are hand-modeled, but by the (Late Tlamimilolpa?) phase they are typically mold-made. Specific adorno motifs and stylistic variants may prove to be good time markers. Censer bowl body sherds are usually unphaseable and, indeed, indistinguishable from three-prong burner bodies (data field 201). This is not a major problem for the TMP surface collections because featureless body sherds were rarely collected, but it leads to many Coarse Matte body sherds from excavations being put into an ambiguous and largely unphaseable ""burner/censer"" category. For more on Teotihuacan censers in general, see Rattray (2001). Langley (1986, 1991, 1992, 1993) has studied censer adorno motifs extensively. Múnera (1985) and Sugiyama and Múnera (in press) discuss and catalog a large collection of censer adornos and adorno molds excavated by the Proyecto Arqueológico Teotihuacan 80-82 in site 2:N1E1, within a large walled enclosure attached to the north side of the Ciudadela. Teotihuacan-derived composite censers, all or nearly all of local manufacture, are rather abundant in highland and coastal Guatemala and have been discussed especially by Berlo (1984, 1989), Bove (1986), Bove and Medrano (2003), and Hellmuth (1975). Teotihuacan-like composite censers seem curiously uncommon elsewhere, even in sites where other evidences of Teotihuacan connections are clear.",,,FALSE,FALSE,FALSE,FALSE,FALSE,FALSE,
219,PPATCNSR,censerPPat,censerPPat,censerPPat,V216,cerVessel,Data_cerVessel,,Archaeology,Artifact Counts,Ceramics,-1,FALSE,Integer,Count,FALSE,,,Pre-Patlachique,,,,Pre-Patl censers,Pre-Patlachique censers. Seven objects were thus classified in DF9. These are possibly coding errors.,,,FALSE,FALSE,FALSE,FALSE,FALSE,FALSE,
220,PATLCNSR,censerPatl,censerPatl,censerPatl,V216,cerVessel,Data_cerVessel,,Archaeology,Artifact Counts,Ceramics,-1,FALSE,Integer,Count,FALSE,,,Patlachique,,,,Patl censers,"Patlachique phase censers. Only 17 are tabulated in DF9, which seems anomalously few relative to the total of all Patlachique phase ceramics. (Blucher 1971 may have a discussion of Patl censers.)",,,FALSE,FALSE,FALSE,FALSE,FALSE,FALSE,
221,TZACCNSR,censerTzac,censerTzac,censerTzac,V216,cerVessel,Data_cerVessel,,Archaeology,Artifact Counts,Ceramics,-1,FALSE,Integer,Count,FALSE,,,Tzacualli,,,,Tzac censers,Tzacualli phase censers. The DF9 count of 58 (Figure 3.x) also seems improbably low.,,,FALSE,FALSE,FALSE,FALSE,FALSE,FALSE,
222,MICCCNSR,censerMicc,censerMicc,censerMicc,V303,cerVessel,Data_cerVessel,,Archaeology,Artifact Counts,Ceramics,-1,FALSE,Integer,Count,FALSE,,,Miccaotli,,,,Mic censers,,"Miccaotli through Metepec phase censers.  The DF9 totals are, respectively, 3,900, 6,374, 5,244, and 964. For Miccaotli through Xolalpan, these counts are steadily 4-5% of total phased sherds, but for Metepec censers they are a little less than 3% of the total. This might suggest a slight decline in use of composite censers (together with increasing use of tapaplatos?), but it may simply reflect problems in criteria for the Metepec phase. In terms of spatial distribution, there is a very marked concentration in the ""Outer Old City"" district (Figures 3.x to 3.x). Even taking into account the high absolute densities of Miccaotli-Metepec ceramics in this district, the relative proportion of censers is exceptionally high. It is above 6% of total Miccaotli-Metepec ceramics in a large area that includes N7W3, N7W2, N6W4, N6W3, N6W2, and N5W3 (Figure 3.x). This same pattern appears when Tlamimilolpa phase censers are considered relative to total Tlamimilolpa ceramics (Figure 3.x), and when Xolalpan phase censers relative to total Xolalpan ceramics are mapped (Figure 3.x). It is, thus, a stable pattern over time. These unusually high proportions suggest the possibility that censers were manufactured in this district, but so far the only place where censer manufacture has been confirmed is in site 2:N1E1, just north of the Ciudadela, as discussed above. Elsewhere there are only a few spots where relative proportions exceed 6%, including just south of the Hacienda Metepec area in sector N1E7.  In much of the city, relative proportions are only in the 2-3% range, which shows how the overall average of 4-5% masks considerable spatial variation. Relative proportions are below 1.4% in a number of districts, many near the city margins but including some areas on and near the Avenue of the Dead. The spatial distribution of composite censers does not suggest that they were especially important in activities associated with major civic-ceremonial structures. It is more likely that they were used in rituals involving occupants of individual apartment compounds, perhaps especially for commemoration of and communion with dead ancestors.",,FALSE,FALSE,FALSE,FALSE,FALSE,FALSE,
223,TLAMCNSR,censerTlam,censerTlam,censerTlam,V303,cerVessel,Data_cerVessel,,Archaeology,Artifact Counts,Ceramics,-1,FALSE,Integer,Count,FALSE,,,Tlamimilolpa,,,,Tla censers,,"Miccaotli through Metepec phase censers.  The DF9 totals are, respectively, 3,900, 6,374, 5,244, and 964. For Miccaotli through Xolalpan, these counts are steadily 4-5% of total phased sherds, but for Metepec censers they are a little less than 3% of the total. This might suggest a slight decline in use of composite censers (together with increasing use of tapaplatos?), but it may simply reflect problems in criteria for the Metepec phase. In terms of spatial distribution, there is a very marked concentration in the ""Outer Old City"" district (Figures 3.x to 3.x). Even taking into account the high absolute densities of Miccaotli-Metepec ceramics in this district, the relative proportion of censers is exceptionally high. It is above 6% of total Miccaotli-Metepec ceramics in a large area that includes N7W3, N7W2, N6W4, N6W3, N6W2, and N5W3 (Figure 3.x). This same pattern appears when Tlamimilolpa phase censers are considered relative to total Tlamimilolpa ceramics (Figure 3.x), and when Xolalpan phase censers relative to total Xolalpan ceramics are mapped (Figure 3.x). It is, thus, a stable pattern over time. These unusually high proportions suggest the possibility that censers were manufactured in this district, but so far the only place where censer manufacture has been confirmed is in site 2:N1E1, just north of the Ciudadela, as discussed above. Elsewhere there are only a few spots where relative proportions exceed 6%, including just south of the Hacienda Metepec area in sector N1E7.  In much of the city, relative proportions are only in the 2-3% range, which shows how the overall average of 4-5% masks considerable spatial variation. Relative proportions are below 1.4% in a number of districts, many near the city margins but including some areas on and near the Avenue of the Dead. The spatial distribution of composite censers does not suggest that they were especially important in activities associated with major civic-ceremonial structures. It is more likely that they were used in rituals involving occupants of individual apartment compounds, perhaps especially for commemoration of and communion with dead ancestors.",,FALSE,FALSE,FALSE,FALSE,FALSE,FALSE,
224,XOLACNSR,censerXola,censerXola,censerXola,V303,cerVessel,Data_cerVessel,,Archaeology,Artifact Counts,Ceramics,-1,FALSE,Integer,Count,FALSE,,,Xolalpan,,,,Xol censers,,"Miccaotli through Metepec phase censers.  The DF9 totals are, respectively, 3,900, 6,374, 5,244, and 964. For Miccaotli through Xolalpan, these counts are steadily 4-5% of total phased sherds, but for Metepec censers they are a little less than 3% of the total. This might suggest a slight decline in use of composite censers (together with increasing use of tapaplatos?), but it may simply reflect problems in criteria for the Metepec phase. In terms of spatial distribution, there is a very marked concentration in the ""Outer Old City"" district (Figures 3.x to 3.x). Even taking into account the high absolute densities of Miccaotli-Metepec ceramics in this district, the relative proportion of censers is exceptionally high. It is above 6% of total Miccaotli-Metepec ceramics in a large area that includes N7W3, N7W2, N6W4, N6W3, N6W2, and N5W3 (Figure 3.x). This same pattern appears when Tlamimilolpa phase censers are considered relative to total Tlamimilolpa ceramics (Figure 3.x), and when Xolalpan phase censers relative to total Xolalpan ceramics are mapped (Figure 3.x). It is, thus, a stable pattern over time. These unusually high proportions suggest the possibility that censers were manufactured in this district, but so far the only place where censer manufacture has been confirmed is in site 2:N1E1, just north of the Ciudadela, as discussed above. Elsewhere there are only a few spots where relative proportions exceed 6%, including just south of the Hacienda Metepec area in sector N1E7.  In much of the city, relative proportions are only in the 2-3% range, which shows how the overall average of 4-5% masks considerable spatial variation. Relative proportions are below 1.4% in a number of districts, many near the city margins but including some areas on and near the Avenue of the Dead. The spatial distribution of composite censers does not suggest that they were especially important in activities associated with major civic-ceremonial structures. It is more likely that they were used in rituals involving occupants of individual apartment compounds, perhaps especially for commemoration of and communion with dead ancestors.",,FALSE,FALSE,FALSE,FALSE,FALSE,FALSE,
225,METECNSR,censerMete,censerMete,censerMete,V303,cerVessel,Data_cerVessel,,Archaeology,Artifact Counts,Ceramics,-1,FALSE,Integer,Count,FALSE,,,Metepec,,,,Met censers,,"Miccaotli through Metepec phase censers.  The DF9 totals are, respectively, 3,900, 6,374, 5,244, and 964. For Miccaotli through Xolalpan, these counts are steadily 4-5% of total phased sherds, but for Metepec censers they are a little less than 3% of the total. This might suggest a slight decline in use of composite censers (together with increasing use of tapaplatos?), but it may simply reflect problems in criteria for the Metepec phase. In terms of spatial distribution, there is a very marked concentration in the ""Outer Old City"" district (Figures 3.x to 3.x). Even taking into account the high absolute densities of Miccaotli-Metepec ceramics in this district, the relative proportion of censers is exceptionally high. It is above 6% of total Miccaotli-Metepec ceramics in a large area that includes N7W3, N7W2, N6W4, N6W3, N6W2, and N5W3 (Figure 3.x). This same pattern appears when Tlamimilolpa phase censers are considered relative to total Tlamimilolpa ceramics (Figure 3.x), and when Xolalpan phase censers relative to total Xolalpan ceramics are mapped (Figure 3.x). It is, thus, a stable pattern over time. These unusually high proportions suggest the possibility that censers were manufactured in this district, but so far the only place where censer manufacture has been confirmed is in site 2:N1E1, just north of the Ciudadela, as discussed above. Elsewhere there are only a few spots where relative proportions exceed 6%, including just south of the Hacienda Metepec area in sector N1E7.  In much of the city, relative proportions are only in the 2-3% range, which shows how the overall average of 4-5% masks considerable spatial variation. Relative proportions are below 1.4% in a number of districts, many near the city margins but including some areas on and near the Avenue of the Dead. The spatial distribution of composite censers does not suggest that they were especially important in activities associated with major civic-ceremonial structures. It is more likely that they were used in rituals involving occupants of individual apartment compounds, perhaps especially for commemoration of and communion with dead ancestors.",,FALSE,FALSE,FALSE,FALSE,FALSE,FALSE,
226,OXTOCNSR,censerOxto,censerLate,censerOxto,V216,cerVessel,Data_cerVessel,,Archaeology,Artifact Counts,Ceramics,-1,FALSE,Integer,Count,FALSE,,,Oxtoticpac,,,Post-Metepec censer frags. were very rarely counted; numbers in DF8 for vars.226-229 have little meaning.,"Oxto censers. **Post-Metepec censer fragments** were very rarely counted in the ceramic analyses, and any numbers in DF8 for vars.226-229 have little meaning.",,"Oxtoticpac through Aztec phase censers. These were very rarely tabulated for DF9. Numbers for these four data fields have little meaning. For Aztec, at least, censers are definitely present, in the form of Texcoco Molded handled bowl censers. Scoop or ladle censers (sahumadores) are known for the Coyotlatelco and/or Mazapan phases. Composite censers probably disappear after the Teotihuacan Period, to be replaced by these other forms in the Epiclassic, but DF9 provides very little or no useful censer information for post-Teotihuacan periods.","A new variable called ‘censerLate’ was generated out of a merge of 4 previous variables: ‘censerOxto,’ ‘censerXome,’ ‘censerMaza,’ and ‘censerAzte.’ Huster advised that “Oxto-Xom-Maza censers are nearly identical so any subdivisions made by early analysts is probably meaningless.”",FALSE,TRUE,FALSE,FALSE,FALSE,FALSE,
227,XOMECNSR,censerXome,censerLate,censerXome,V216,cerVessel,Data_cerVessel,,Archaeology,Artifact Counts,Ceramics,-1,FALSE,Integer,Count,FALSE,,,Xometla,,,Post-Metepec censer frags. were very rarely counted; numbers in DF8 for vars.226-229 have little meaning.,"Xometla censers. **Post-Metepec censer fragments** were very rarely counted in the ceramic analyses, and any numbers in DF8 for vars.226-229 have little meaning.",,"Oxtoticpac through Aztec phase censers. These were very rarely tabulated for DF9. Numbers for these four data fields have little meaning. For Aztec, at least, censers are definitely present, in the form of Texcoco Molded handled bowl censers. Scoop or ladle censers (sahumadores) are known for the Coyotlatelco and/or Mazapan phases. Composite censers probably disappear after the Teotihuacan Period, to be replaced by these other forms in the Epiclassic, but DF9 provides very little or no useful censer information for post-Teotihuacan periods.","A new variable called ‘censerLate’ was generated out of a merge of 4 previous variables: ‘censerOxto,’ ‘censerXome,’ ‘censerMaza,’ and ‘censerAzte.’ Huster advised that “Oxto-Xom-Maza censers are nearly identical so any subdivisions made by early analysts is probably meaningless.”",FALSE,TRUE,FALSE,FALSE,FALSE,FALSE,
228,MAZACNSR,censerMaza,censerLate,censerMaza,V216,cerVessel,Data_cerVessel,,Archaeology,Artifact Counts,Ceramics,-1,FALSE,Integer,Count,FALSE,,,Mazapan,,,Post-Metepec censer frags. were very rarely counted; numbers in DF8 for vars.226-229 have little meaning.,"Mazapan censers. **Post-Metepec censer fragments** were very rarely counted in the ceramic analyses, and any numbers in DF8 for vars.226-229 have little meaning.",,"Oxtoticpac through Aztec phase censers. These were very rarely tabulated for DF9. Numbers for these four data fields have little meaning. For Aztec, at least, censers are definitely present, in the form of Texcoco Molded handled bowl censers. Scoop or ladle censers (sahumadores) are known for the Coyotlatelco and/or Mazapan phases. Composite censers probably disappear after the Teotihuacan Period, to be replaced by these other forms in the Epiclassic, but DF9 provides very little or no useful censer information for post-Teotihuacan periods.","A new variable called ‘censerLate’ was generated out of a merge of 4 previous variables: ‘censerOxto,’ ‘censerXome,’ ‘censerMaza,’ and ‘censerAzte.’ Huster advised that “Oxto-Xom-Maza censers are nearly identical so any subdivisions made by early analysts is probably meaningless.”",FALSE,TRUE,FALSE,FALSE,FALSE,FALSE,
229,AZTECNSR,censerAzte,censerLate,censerAzte,V216,cerVessel,Data_cerVessel,,Archaeology,Artifact Counts,Ceramics,-1,FALSE,Integer,Count,FALSE,,,Aztec,,,Post-Metepec censer frags. were very rarely counted; numbers in DF8 for vars.226-229 have little meaning.,"Aztec censers. **Post-Metepec censer fragments** were very rarely counted in the ceramic analyses, and any numbers in DF8 for vars.226-229 have little meaning.",,"Oxtoticpac through Aztec phase censers. These were very rarely tabulated for DF9. Numbers for these four data fields have little meaning. For Aztec, at least, censers are definitely present, in the form of Texcoco Molded handled bowl censers. Scoop or ladle censers (sahumadores) are known for the Coyotlatelco and/or Mazapan phases. Composite censers probably disappear after the Teotihuacan Period, to be replaced by these other forms in the Epiclassic, but DF9 provides very little or no useful censer information for post-Teotihuacan periods.","A new variable called ‘censerLate’ was generated out of a merge of 4 previous variables: ‘censerOxto,’ ‘censerXome,’ ‘censerMaza,’ and ‘censerAzte.’ Huster advised that “Oxto-Xom-Maza censers are nearly identical so any subdivisions made by early analysts is probably meaningless.”",FALSE,TRUE,FALSE,FALSE,FALSE,FALSE,
230,THNOTOTS,toTot,toTot,toTot,V303,cerVessel,Data_cerVessel,,Archaeology,Artifact Counts,Ceramics,-1,FALSE,Integer,Count,FALSE,,,Total Thin Orange,,,,Total Thin Orange,"Total Thin Orange Ware.  The DF9 total is 98,168, including Regular Thin Orange, ""Thick"" Thin Orange, and Coarse Thin Orange. The ware is not phased.",,,FALSE,FALSE,FALSE,FALSE,FALSE,FALSE,
231,REGTHNO,toRegular,toRegular,toRegular,V303,cerVessel,Data_cerVessel,,Archaeology,Artifact Counts,Ceramics,-1,FALSE,Integer,Count,FALSE,,,Regular Thin Orange,,,"Includes ""Thick"" Thin Orange","Regular Thin Orange (""Thin Orange"" abbreviated as ""T.O.""), including ""thick"" T.O.","Regular Thin Orange Ware. The DF9 total is 88,305 (Figure 3.x). This is what is usually simply called Thin Orange Ware, but we add the term ""Regular"" to distinguish it from a much less abundant ""Coarse"" variant. Note that the total is roughly 18% of the Miccaotli through Metepec sherd total in DF9, but this is very misleading because, as explained in Chapter Two, even plain body sherds of Thin Orange Ware were collected. A more realistic estimate of the proportion of Regular Thin Orange sherds to all Miccaotli-Metepec sherds would be about __ percent, based on the intensive collections from a few sites described in Chapter Two. Rattray (1981) illustrates many Thin Orange forms and makes estimates of changing proportions of Thin Orange Ware over time, based on excavations. [I believe that Millon is very critical of Kolb's (1973, 1984, & 1986) publications on TO, but they ought to be checked and mentioned] DF9 gives no information on shapes (these are provided in the reanalysis file, data fields 310-319), but the vast majority are rather standardized hemispherical bowls with ring bases (Figure 3.x), often plain, but sometimes with incised or incised and punctate decorations. These bowls begin to appear at Teotihuacan at least by the Late Tzacualli phase, and become more abundant later. Regular Thin Orange disappears at or near the end of Metepec, although small amounts of variants may persist a little later (reference if possible). So far it has not been possible to identify phase variants among the bowls. They differ strikingly in shape and decorative motifs from Teotihuacan forms (until some apparent imitations in Burnished Ware bowls were made in the Metepec phase), as well as in paste and temper. Perhaps the next most common forms are bowls with outcurving rims (Figure 3.x), also atypical of locally-made Teotihuacan forms. Other forms are less common and some, such as direct-rim cylinder tripod vases, do resemble local Teotihuacan forms. One highly unusual form (Figure 3.x) was found at Tlachinolpan (off the TMP map, in sector N7W8) and apparently dates to the Patlachique phase (Blucher 1971). It was long suspected that Regular Thin Orange Ware was made somewhere in southern Puebla, and Rattray (1990) confirmed this with excavations at a site near Tepexi del Río, some __ km from Teotihuacan. In spite of its distant source, it is so abundant and widespread all over Teotihuacan that it is clear that the hemispherical bowls, at least, were used by a very broad segment of the population. Relative to total Miccaotli-Metepec ceramics, the highest proportions occur, unexpectedly, near the western margins of the city (Figure 3.x). Reexamination of some of these collections by Cowgill shows that many Regular Thin Orange sherds in this district, as well as elsewhere in the city, show use-wear, so these high proportions in a marginal part of the city cannot be due to Thin Orange having been merely warehoused there. There is also an east-west band of somewhat high relative proportions running from the vicinity of the Moon Pyramid in N5W1 for about 1.5 km, into N4E2. Proportions are only average elsewhere in central parts of the city. Cowgill would have expected this imported ware, although obviously shared by households spanning a wide range of socioeconomic statuses, to have formed a somewhat higher proportion of the inventories of higher status households. Work by Robertson (2001, 2005, and in press) suggests that higher status residences are more prevalent near the center of the city. The failure of the spatial distribution pattern of Regular Thin Orange to conform to Cowgill's expectation is perplexing (Cowgill 1987). Perhaps Thin Orange hemispherical bowls were not very costly, as suggested by the huge volume in which they were imported. Thin Orange hemispherical bowls were probably used a good deal as serving vessels, but many show abrasion on the interior bottom, strongly suggesting that one of their uses was as molcajetes in preparation of food (and possibly other materials) by grinding. This is made more likely by the fact that ceramic molcajetes with incisions on the bottom are not part of the Teotihuacan Period ceramic repertoire. Similar abrasion is rarely if ever seen on the interior bases of Teotihuacan Burnished ware vessels. This evidence of a utilitarian function for Thin Orange hemispherical bowls is another suggestion that they were not terribly costly. Perhaps something about the fabric of Regular Thin Orange ware made it seem preferable to the Teotihuacanos for grinding activities. This might be explored by experimentation. Rattray (ref) has suggested that these hemispherical bowls may have been used as supports for spindles used in spinning, but this seems unlikely because of the scarcity of evidence for spinning at Teotihuacan (O. Cabrera 1999 [2001?] ) and because, at least in Cowgill's opinion, the abrasion patterns do not look like they had been made by rotating spindles. Some Regular Thin Orange Ware is quite thin, especially in small vessels, but the majority of cases are only somewhat thinner than locally-made Teotihuacan wares; about 5-6 mm. (check). Indeed, some Thin Orange vessels were enormous, including great cauldrons over a meter in diameter, with walls over a centimeter thick, which must have been a challenge to transport from southern Puebla. These are a variant called, logically enough, Thick Thin Orange. Thick Thin Orange was not tabulated separately from Regular Thin Orange in DF9, but it was tabulated separately in the ceramic reanalyses (data field 312), although, due to a design error in the tabulation form, it is sometimes hard to tell whether the analyst meant ""Thick"" Thin Orange or ""Coarse"" Thin Orange. Outside Teotihuacan, Regular Thin Orange has often been taken as a sign of a Teotihuacan connection. This may be so, for Teotihuacan may have controlled manufacture and distribution of the ware. But it also seems quite possible that the producers of Regular Thin Orange, although they supplied a very large demand from Teotihuacan, may have acted independently in supplying the ware to other customers, and these other customers may or may not have especially valued the ware because of its associations with Teotihuacan. These are issues that need further exploration. (Add more, including studies by Sotomayor & Kolb, INAA (including Cowgill & Neff 2001), composition & geology. Charlton on apparent trade routes, Drennan et al., Stark et al.)",,,FALSE,FALSE,FALSE,FALSE,FALSE,FALSE,
232,CRSTHNO,toCoarse,toCoarse,toCoarse,V303,cerVessel,Data_cerVessel,,Archaeology,Artifact Counts,Ceramics,-1,FALSE,Integer,Count,FALSE,,,Coarse Thin Orange,,,,Coarse Thin Orange,"Coarse Thin Orange Ware. The DF9 total is 8,372 (Figure 3.x). The fabric is similar to Regular Thin Orange (any compositional studies to refer to? Any reason to think any of it made at Teo? Or not made at same place as RTO?) but the temper is much coarser and the surface finish much rougher. Many Coarse Thin Orange vessels were amphoras, and Rattray (2001:__) believes the ware is restricted to the Metepec phase. However, excavations at the Feathered Serpent Pyramid in 1988-89 (refs) revealed a few sherds of Coarse Thin Orange Ware not later than the Early Tlamimilolpa phase, although they were too small to tell whether they came from amphoras or other forms. Spatially, highest proportions of Coarse Thin Orange relative to total phased Xolalpan-Metepec ceramics occur in a large zone from N1E6 to N1E9 (Figure 3.x). The proportion relative to total Thin Orange Ware is also notably high in this district (Figure 3.x). Data field 313 gives reanalysis counts of Coarse Thin Orange.",,,FALSE,FALSE,FALSE,FALSE,FALSE,FALSE,
233,SMOTOTS,smoTot,smoTot,smoTot,V303,cerVessel,Data_cerVessel,,Archaeology,Artifact Counts,Ceramics,-1,FALSE,Integer,Count,FALSE,,,Total San Martin Orange,,,,"Total San Martin Orange (SMO) Ware. It is unlikely that any SMO is really Tla, and probably quite a bit of what is coded Xol here is really Met. Pending results from the reanalyses, it is best to use only var.233 for SMO.",,"San Martín Orange Ware. A total of 54,550 sherds of San Martín Orange Ware are recorded in DF9 (Figure 3.x). This is a locally made utility ware. During the TMP survey great quantities were observed in the Tlajinga district, in sectors S3W1, S3W2, S4W1, and S4W2, and it seemed evident that it was manufactured in several workshop sites in that district. This was subsequently confirmed by excavations at 33:S3W1 (Sheehy 1988, 1992, 1998; Storey 1992; Storey and Widmer 1989; Widmer 1987, 1996; Widmer and Storey 1993). Lesser concentrations in some other Teotihuacan districts have led to speculations that it may have been made elsewhere as well, but this has yet to be confirmed. Sheehy (1992) and Hopkins (1995) have made extensive technological and compositional studies of the ware, and Sullivan (2002) has investigated the organization of its production in the Tlajinga district. Cowgill has observed an example of what looks like a locally made version of the ware in collections from excavations made by George Brainerd in the early 1950s at the site of Cerro Portezuelo, south of Texcoco, but San Martín Orange itself is not found there [refer to recent studies by Sarah Clayton and Cowgill]. San Martín Orange ware has not been reported from sites outside the Teotihuacan inner core area. This is not surprising, given its plain, ""no nonsense,"" utilitarian character. Moreover, since it was evidently made by specialized potters using techniques and skills not practiced in most households, it would not necessarily have been produced abroad, even by sizable migrations of Teotihuacan families. 	Technological and compositional studies indicate that San Martín Orange Ware was made from local clays very similar to those used for most other Teotihuacan ceramic wares. It owes its distinctive appearance to having been fired at a significantly higher temperature than other Teotihuacan wares (although apparently not in kilns), and to distinctive methods of surface finishing. It is typically reddish orange in color and harder than most Teotihuacan wares, although not hard enough to ring when dropped. Some sherds have gray cores, but really dark cores are rare. The distinctive surface appearance is easy to recognize but hard to describe, consisting of rather widely space broad burnishing streaks overlain by striations apparently from scraping. The most common forms are medium to large sized open craters, with intentionally roughened bases and lips that are slightly flattened with a slight externally protruding bead of pushed-out clay (Figure 3.x). These craters pretty clearly derive from Tlamimilolpa phase open cazuelas, and transitional examples occur, especially in Late Tlamimilolpa. The form of the craters is well-suited for boiling food, but not for storage or transport. The larger craters would have been used by very large households or for feasting. The next most common SMO forms are narrow necked amphoras (Figure 3.x), that seem well-suited to transport and somewhat suited for storage and cooking. Craters and amphoras account for the vast majority of San Martín Orange vessels, and other forms, such as scraped basins, are quite rare except in the Tlajinga district, where it seems that the producers of SMO probably applied their special skills to making vessels of many forms in this ware, for their own use rather than for exchange. DF9 does not break San Martín Orange down into forms, but these were tabulated separately in the ceramic reanalyses (data fields 350-358). Outside the Tlajinga district, highest proportions of San Martín Orange Ware relative to total phased Xolalpan-Metepec ceramics occur in a north-south strip a few hundred meters west of the Avenue of the Dead, from N4W1 to N2W2, and in a region in and near N2E2 (Figure 3.x). Along the Avenue itself, proportions are only average or even somewhat below average, except for an above average region south of the Avenue of the Dead Complex and north of the Ciudadela. Drilled holes for mending broken vessels by crack-lacing are not uncommon in San Martín Orange craters, which suggests that they were costly enough to merit repair when broken. It also suggests that the fabric is strong enough to hold up for significant further use after mending (which may be much less true of Teotihuacan Burnished ollas). (Add something about current thoughts about socioeconomic statuses of households most associated w/ SMO? Some statements in Cowgill et al. 1984 may need qualification. See also Cowgill 1987. Manzanilla's [Ref] belief that they are strongly associated with ____ is not well established.) Stratigraphic evidence from the ""Plataforma Adosada"" attached to the Feathered Serpent Pyramid (Cowgill and O. Cabrera 1991) indicates that some vessels fully in the San Martín Orange category were being made before the end of the Late Tlamimilolpa phase. The DF9 total of 1,948 for the Tlamimilolpa phase (data field 234) may be an undercount. Rattray (2001) states that San Martín Orange continued to be made in quantity in the Metepec phase, and the DF9 count of 689 for this phase (data field 236) is inexplicably low. Many of the 51,018 San Martín Orange sherds counted as Xolalpan in DF9 (data field 235) surely belong to the Metepec phase.",,FALSE,FALSE,FALSE,FALSE,FALSE,FALSE,
234,TLAMSMO,smoTlam,smoTlam,smoTlam,V216,cerVessel,Data_cerVessel,,Archaeology,Artifact Counts,Ceramics,-1,FALSE,Integer,Count,FALSE,,,Tlamimilolpa San Martin Orange,,,,"Tla phase SMO. It is unlikely that any SMO is really Tla, and probably quite a bit of what is coded Xol here is really Met. Pending results from the reanalyses, it is best to use only var.233 for SMO.",,"San Martín Orange Ware. A total of 54,550 sherds of San Martín Orange Ware are recorded in DF9 (Figure 3.x). This is a locally made utility ware. During the TMP survey great quantities were observed in the Tlajinga district, in sectors S3W1, S3W2, S4W1, and S4W2, and it seemed evident that it was manufactured in several workshop sites in that district. This was subsequently confirmed by excavations at 33:S3W1 (Sheehy 1988, 1992, 1998; Storey 1992; Storey and Widmer 1989; Widmer 1987, 1996; Widmer and Storey 1993). Lesser concentrations in some other Teotihuacan districts have led to speculations that it may have been made elsewhere as well, but this has yet to be confirmed. Sheehy (1992) and Hopkins (1995) have made extensive technological and compositional studies of the ware, and Sullivan (2002) has investigated the organization of its production in the Tlajinga district. Cowgill has observed an example of what looks like a locally made version of the ware in collections from excavations made by George Brainerd in the early 1950s at the site of Cerro Portezuelo, south of Texcoco, but San Martín Orange itself is not found there [refer to recent studies by Sarah Clayton and Cowgill]. San Martín Orange ware has not been reported from sites outside the Teotihuacan inner core area. This is not surprising, given its plain, ""no nonsense,"" utilitarian character. Moreover, since it was evidently made by specialized potters using techniques and skills not practiced in most households, it would not necessarily have been produced abroad, even by sizable migrations of Teotihuacan families. 	Technological and compositional studies indicate that San Martín Orange Ware was made from local clays very similar to those used for most other Teotihuacan ceramic wares. It owes its distinctive appearance to having been fired at a significantly higher temperature than other Teotihuacan wares (although apparently not in kilns), and to distinctive methods of surface finishing. It is typically reddish orange in color and harder than most Teotihuacan wares, although not hard enough to ring when dropped. Some sherds have gray cores, but really dark cores are rare. The distinctive surface appearance is easy to recognize but hard to describe, consisting of rather widely space broad burnishing streaks overlain by striations apparently from scraping. The most common forms are medium to large sized open craters, with intentionally roughened bases and lips that are slightly flattened with a slight externally protruding bead of pushed-out clay (Figure 3.x). These craters pretty clearly derive from Tlamimilolpa phase open cazuelas, and transitional examples occur, especially in Late Tlamimilolpa. The form of the craters is well-suited for boiling food, but not for storage or transport. The larger craters would have been used by very large households or for feasting. The next most common SMO forms are narrow necked amphoras (Figure 3.x), that seem well-suited to transport and somewhat suited for storage and cooking. Craters and amphoras account for the vast majority of San Martín Orange vessels, and other forms, such as scraped basins, are quite rare except in the Tlajinga district, where it seems that the producers of SMO probably applied their special skills to making vessels of many forms in this ware, for their own use rather than for exchange. DF9 does not break San Martín Orange down into forms, but these were tabulated separately in the ceramic reanalyses (data fields 350-358). Outside the Tlajinga district, highest proportions of San Martín Orange Ware relative to total phased Xolalpan-Metepec ceramics occur in a north-south strip a few hundred meters west of the Avenue of the Dead, from N4W1 to N2W2, and in a region in and near N2E2 (Figure 3.x). Along the Avenue itself, proportions are only average or even somewhat below average, except for an above average region south of the Avenue of the Dead Complex and north of the Ciudadela. Drilled holes for mending broken vessels by crack-lacing are not uncommon in San Martín Orange craters, which suggests that they were costly enough to merit repair when broken. It also suggests that the fabric is strong enough to hold up for significant further use after mending (which may be much less true of Teotihuacan Burnished ollas). (Add something about current thoughts about socioeconomic statuses of households most associated w/ SMO? Some statements in Cowgill et al. 1984 may need qualification. See also Cowgill 1987. Manzanilla's [Ref] belief that they are strongly associated with ____ is not well established.) Stratigraphic evidence from the ""Plataforma Adosada"" attached to the Feathered Serpent Pyramid (Cowgill and O. Cabrera 1991) indicates that some vessels fully in the San Martín Orange category were being made before the end of the Late Tlamimilolpa phase. The DF9 total of 1,948 for the Tlamimilolpa phase (data field 234) may be an undercount. Rattray (2001) states that San Martín Orange continued to be made in quantity in the Metepec phase, and the DF9 count of 689 for this phase (data field 236) is inexplicably low. Many of the 51,018 San Martín Orange sherds counted as Xolalpan in DF9 (data field 235) surely belong to the Metepec phase.",,FALSE,FALSE,FALSE,FALSE,FALSE,FALSE,
235,XOLASMO,smoXola,smoXola,smoXola,V303,cerVessel,Data_cerVessel,,Archaeology,Artifact Counts,Ceramics,-1,FALSE,Integer,Count,FALSE,,,Xolalpan San Martin Orange,,,,"Xol phase SMO. It is unlikely that any SMO is really Tla, and probably quite a bit of what is coded Xol here is really Met. Pending results from the reanalyses, it is best to use only var.233 for SMO.",,"San Martín Orange Ware. A total of 54,550 sherds of San Martín Orange Ware are recorded in DF9 (Figure 3.x). This is a locally made utility ware. During the TMP survey great quantities were observed in the Tlajinga district, in sectors S3W1, S3W2, S4W1, and S4W2, and it seemed evident that it was manufactured in several workshop sites in that district. This was subsequently confirmed by excavations at 33:S3W1 (Sheehy 1988, 1992, 1998; Storey 1992; Storey and Widmer 1989; Widmer 1987, 1996; Widmer and Storey 1993). Lesser concentrations in some other Teotihuacan districts have led to speculations that it may have been made elsewhere as well, but this has yet to be confirmed. Sheehy (1992) and Hopkins (1995) have made extensive technological and compositional studies of the ware, and Sullivan (2002) has investigated the organization of its production in the Tlajinga district. Cowgill has observed an example of what looks like a locally made version of the ware in collections from excavations made by George Brainerd in the early 1950s at the site of Cerro Portezuelo, south of Texcoco, but San Martín Orange itself is not found there [refer to recent studies by Sarah Clayton and Cowgill]. San Martín Orange ware has not been reported from sites outside the Teotihuacan inner core area. This is not surprising, given its plain, ""no nonsense,"" utilitarian character. Moreover, since it was evidently made by specialized potters using techniques and skills not practiced in most households, it would not necessarily have been produced abroad, even by sizable migrations of Teotihuacan families. 	Technological and compositional studies indicate that San Martín Orange Ware was made from local clays very similar to those used for most other Teotihuacan ceramic wares. It owes its distinctive appearance to having been fired at a significantly higher temperature than other Teotihuacan wares (although apparently not in kilns), and to distinctive methods of surface finishing. It is typically reddish orange in color and harder than most Teotihuacan wares, although not hard enough to ring when dropped. Some sherds have gray cores, but really dark cores are rare. The distinctive surface appearance is easy to recognize but hard to describe, consisting of rather widely space broad burnishing streaks overlain by striations apparently from scraping. The most common forms are medium to large sized open craters, with intentionally roughened bases and lips that are slightly flattened with a slight externally protruding bead of pushed-out clay (Figure 3.x). These craters pretty clearly derive from Tlamimilolpa phase open cazuelas, and transitional examples occur, especially in Late Tlamimilolpa. The form of the craters is well-suited for boiling food, but not for storage or transport. The larger craters would have been used by very large households or for feasting. The next most common SMO forms are narrow necked amphoras (Figure 3.x), that seem well-suited to transport and somewhat suited for storage and cooking. Craters and amphoras account for the vast majority of San Martín Orange vessels, and other forms, such as scraped basins, are quite rare except in the Tlajinga district, where it seems that the producers of SMO probably applied their special skills to making vessels of many forms in this ware, for their own use rather than for exchange. DF9 does not break San Martín Orange down into forms, but these were tabulated separately in the ceramic reanalyses (data fields 350-358). Outside the Tlajinga district, highest proportions of San Martín Orange Ware relative to total phased Xolalpan-Metepec ceramics occur in a north-south strip a few hundred meters west of the Avenue of the Dead, from N4W1 to N2W2, and in a region in and near N2E2 (Figure 3.x). Along the Avenue itself, proportions are only average or even somewhat below average, except for an above average region south of the Avenue of the Dead Complex and north of the Ciudadela. Drilled holes for mending broken vessels by crack-lacing are not uncommon in San Martín Orange craters, which suggests that they were costly enough to merit repair when broken. It also suggests that the fabric is strong enough to hold up for significant further use after mending (which may be much less true of Teotihuacan Burnished ollas). (Add something about current thoughts about socioeconomic statuses of households most associated w/ SMO? Some statements in Cowgill et al. 1984 may need qualification. See also Cowgill 1987. Manzanilla's [Ref] belief that they are strongly associated with ____ is not well established.) Stratigraphic evidence from the ""Plataforma Adosada"" attached to the Feathered Serpent Pyramid (Cowgill and O. Cabrera 1991) indicates that some vessels fully in the San Martín Orange category were being made before the end of the Late Tlamimilolpa phase. The DF9 total of 1,948 for the Tlamimilolpa phase (data field 234) may be an undercount. Rattray (2001) states that San Martín Orange continued to be made in quantity in the Metepec phase, and the DF9 count of 689 for this phase (data field 236) is inexplicably low. Many of the 51,018 San Martín Orange sherds counted as Xolalpan in DF9 (data field 235) surely belong to the Metepec phase.",,FALSE,FALSE,FALSE,FALSE,FALSE,FALSE,
236,METESMO,smoMete,smoMete,smoMete,V304,cerVessel,Data_cerVessel,,Archaeology,Artifact Counts,Ceramics,-1,FALSE,Integer,Count,FALSE,,,Metepec San Martin Orange,,,,"Met phase SMO. It is unlikely that any SMO is really Tla, and probably quite a bit of what is coded Xol here is really Met. Pending results from the reanalyses, it is best to use only var.233 for SMO.",,"San Martín Orange Ware. A total of 54,550 sherds of San Martín Orange Ware are recorded in DF9 (Figure 3.x). This is a locally made utility ware. During the TMP survey great quantities were observed in the Tlajinga district, in sectors S3W1, S3W2, S4W1, and S4W2, and it seemed evident that it was manufactured in several workshop sites in that district. This was subsequently confirmed by excavations at 33:S3W1 (Sheehy 1988, 1992, 1998; Storey 1992; Storey and Widmer 1989; Widmer 1987, 1996; Widmer and Storey 1993). Lesser concentrations in some other Teotihuacan districts have led to speculations that it may have been made elsewhere as well, but this has yet to be confirmed. Sheehy (1992) and Hopkins (1995) have made extensive technological and compositional studies of the ware, and Sullivan (2002) has investigated the organization of its production in the Tlajinga district. Cowgill has observed an example of what looks like a locally made version of the ware in collections from excavations made by George Brainerd in the early 1950s at the site of Cerro Portezuelo, south of Texcoco, but San Martín Orange itself is not found there [refer to recent studies by Sarah Clayton and Cowgill]. San Martín Orange ware has not been reported from sites outside the Teotihuacan inner core area. This is not surprising, given its plain, ""no nonsense,"" utilitarian character. Moreover, since it was evidently made by specialized potters using techniques and skills not practiced in most households, it would not necessarily have been produced abroad, even by sizable migrations of Teotihuacan families. 	Technological and compositional studies indicate that San Martín Orange Ware was made from local clays very similar to those used for most other Teotihuacan ceramic wares. It owes its distinctive appearance to having been fired at a significantly higher temperature than other Teotihuacan wares (although apparently not in kilns), and to distinctive methods of surface finishing. It is typically reddish orange in color and harder than most Teotihuacan wares, although not hard enough to ring when dropped. Some sherds have gray cores, but really dark cores are rare. The distinctive surface appearance is easy to recognize but hard to describe, consisting of rather widely space broad burnishing streaks overlain by striations apparently from scraping. The most common forms are medium to large sized open craters, with intentionally roughened bases and lips that are slightly flattened with a slight externally protruding bead of pushed-out clay (Figure 3.x). These craters pretty clearly derive from Tlamimilolpa phase open cazuelas, and transitional examples occur, especially in Late Tlamimilolpa. The form of the craters is well-suited for boiling food, but not for storage or transport. The larger craters would have been used by very large households or for feasting. The next most common SMO forms are narrow necked amphoras (Figure 3.x), that seem well-suited to transport and somewhat suited for storage and cooking. Craters and amphoras account for the vast majority of San Martín Orange vessels, and other forms, such as scraped basins, are quite rare except in the Tlajinga district, where it seems that the producers of SMO probably applied their special skills to making vessels of many forms in this ware, for their own use rather than for exchange. DF9 does not break San Martín Orange down into forms, but these were tabulated separately in the ceramic reanalyses (data fields 350-358). Outside the Tlajinga district, highest proportions of San Martín Orange Ware relative to total phased Xolalpan-Metepec ceramics occur in a north-south strip a few hundred meters west of the Avenue of the Dead, from N4W1 to N2W2, and in a region in and near N2E2 (Figure 3.x). Along the Avenue itself, proportions are only average or even somewhat below average, except for an above average region south of the Avenue of the Dead Complex and north of the Ciudadela. Drilled holes for mending broken vessels by crack-lacing are not uncommon in San Martín Orange craters, which suggests that they were costly enough to merit repair when broken. It also suggests that the fabric is strong enough to hold up for significant further use after mending (which may be much less true of Teotihuacan Burnished ollas). (Add something about current thoughts about socioeconomic statuses of households most associated w/ SMO? Some statements in Cowgill et al. 1984 may need qualification. See also Cowgill 1987. Manzanilla's [Ref] belief that they are strongly associated with ____ is not well established.) Stratigraphic evidence from the ""Plataforma Adosada"" attached to the Feathered Serpent Pyramid (Cowgill and O. Cabrera 1991) indicates that some vessels fully in the San Martín Orange category were being made before the end of the Late Tlamimilolpa phase. The DF9 total of 1,948 for the Tlamimilolpa phase (data field 234) may be an undercount. Rattray (2001) states that San Martín Orange continued to be made in quantity in the Metepec phase, and the DF9 count of 689 for this phase (data field 236) is inexplicably low. Many of the 51,018 San Martín Orange sherds counted as Xolalpan in DF9 (data field 235) surely belong to the Metepec phase.",,FALSE,FALSE,FALSE,FALSE,FALSE,FALSE,
237,OLLATOT,ollaTot,ollaTot,ollaTot,V304,cerVessel,Data_cerVessel,,Archaeology,Artifact Counts,Ceramics,-1,FALSE,Integer,Count,FALSE,,,Total ollas; Patlachique-Metepec,,,,"Total ollas, Patl through Met. The ceramic reanalyses usually show several times as many olla fragments as do the DF8 counts, which seem to represent some subset of all ollas. I have not figured out what subset. Possibly it's just red-rimmed ollas, but this seems unlikely. Possibly the reanalyses include smaller ollas. At any rate, both DF8 and the reanalyses include mainly rims, since few body sherds were collected by the Mapping Project.","Teotihuacan Period ollas.  These are in what Rattray (2001) calls Burnished Ware. They come in a variety of sizes and shapes, used for transport, storage, and cooking (Figure 3.x). They all have rounded neck-body junctions and rounded bases. A variety of lip and neck forms have considerable chronological significance, although changes are gradual, suggesting strong cultural continuity but also making judgments between two consecutive subphases difficult. A total of 74,875 Teotihuacan period olla fragments are recorded in DF9 (Figure 3.x?). Several times as many were recorded in the ceramic reanalyses (data fields 320-329). The reason why far fewer were recorded in the earlier analyses is not entirely clear, but it is likely that the earlier analyses (represented by DF9) counted only the larger olla rims, while the reanalyses also count rims of smaller vessels – what some might call ""jars."" However, in describing Teotihuacan ceramic forms, it is better to reserve the term ""jar"" for a quite different form, often of ""Polished"" Ware, unlikely to have been used for transport, storage, or cooking, and more likely used as serving vessels and perhaps for some rituals, with tall, outcurving necks, sharp neck-body junctions, flat bottoms, and often with solid nubbin supports [Figure 3.x]. These polished jars are among the many forms that are included in DF9 phase totals but not tabulated separately. For more information about jars, see reanalysis data fields 331-334, 366-369, 389-392, and 479. Burnished ollas were perhaps made by unspecialized potters in a number of spatially scattered household workshops. However, this is yet another hypothesis about ceramic manufacture at Teotihuacan that remains to be tested. No definite Teotihuacan olla manufacturing site has yet been identified. Burnished ollas must have served for many of the same uses as San Martín Orange Ware and may have been cheaper and used in higher proportions by poorer households. Robertson (2001) shows that sites with highest proportions of Miccaotli and Tlamimilolpa ollas are more prevalent in the outer parts of the city, and these are districts with other ceramic indicators of relatively low socioeconomic status. This very likely is the case also in later phases. It will be extremely interesting to apply Robertson's methods to the Xolalpan and Metepec phases, when both burnished ollas and San Martín Orange vessels were used in quantity. [Also I should try principal components analysis and/or correspondence analysis.] One would think that if whole Teotihuacan families moved abroad in any numbers they would recreate Teotihuacan-style ollas using local clays. Teotihuacan style ollas outside the immediate Teotihuacan core area have not been reported, but perhaps it is because Teotihuacan olla forms were not widely known before Rattray's (2001) publication. On the other hand, if the only Teotihuacano categories of people who moved abroad were those not likely to have known how to make pottery, such as soldiers, male merchants, and elites, it is likely that they would have been most concerned about the local production of close replicas of Teotihuacan-style ceremonial and elite objects and they may have left production of utilitarian ceramics to local potters using local forms and styles.",,,FALSE,FALSE,FALSE,FALSE,FALSE,FALSE,
238,PATLOLLA,ollaPatl,ollaPatl,ollaPatl,V304,cerVessel,Data_cerVessel,,Archaeology,Artifact Counts,Ceramics,-1,FALSE,Integer,Count,FALSE,,,Patlachique,,,,"Patl ollas. (there should be none in DF8). The ceramic reanalyses usually show several times as many olla fragments as do the DF8 counts, which seem to represent some subset of all ollas. I have not figured out what subset. Possibly it's just red-rimmed ollas, but this seems unlikely. Possibly the reanalyses include smaller ollas. At any rate, both DF8 and the reanalyses include mainly rims, since few body sherds were collected by the Mapping Project.",,"Wedge rim ollas. This distinctive olla rim form, with several variants, is typical of the Patlachique and Tzacualli phases, although some wedge rim variants continue into Miccaotli. Patlachique wedge rims are recognizable on the basis of distinctive shape variants and pastes, but in DF9 this distinction was not made (leading one to wonder how wedge rim ollas were allocated to the respective phase totals). Data field 238, intended to count Patlachique wedge rim ollas, is not used, and data field 239 gives the total for both phases (17,478) (Figure 3.x). See reanalysis data fields 321 and 322.",,FALSE,FALSE,FALSE,FALSE,FALSE,FALSE,
239,WDGROLLA,ollaWedge,ollaWedge,ollaWedge,V304,cerVessel,Data_cerVessel,,Archaeology,Artifact Counts,Ceramics,-1,FALSE,Integer,Count,FALSE,,,Wedge Rim ollas (Patlachique and Tzacualli),,,,"Wedge Rim ollas (Patl & Tzac). The ceramic reanalyses usually show several times as many olla fragments as do the DF8 counts, which seem to represent some subset of all ollas. I have not figured out what subset. Possibly it's just red-rimmed ollas, but this seems unlikely. Possibly the reanalyses include smaller ollas. At any rate, both DF8 and the reanalyses include mainly rims, since few body sherds were collected by the Mapping Project.",,"Wedge rim ollas. This distinctive olla rim form, with several variants, is typical of the Patlachique and Tzacualli phases, although some wedge rim variants continue into Miccaotli. Patlachique wedge rims are recognizable on the basis of distinctive shape variants and pastes, but in DF9 this distinction was not made (leading one to wonder how wedge rim ollas were allocated to the respective phase totals). Data field 238, intended to count Patlachique wedge rim ollas, is not used, and data field 239 gives the total for both phases (17,478) (Figure 3.x). See reanalysis data fields 321 and 322.",,FALSE,FALSE,FALSE,FALSE,FALSE,FALSE,
240,MICCOLLA,ollaMicc,ollaMicc,ollaMicc,V304,cerVessel,Data_cerVessel,,Archaeology,Artifact Counts,Ceramics,-1,FALSE,Integer,Count,FALSE,,,Miccaotli,,,,"Mic ollas. The ceramic reanalyses usually show several times as many olla fragments as do the DF8 counts, which seem to represent some subset of all ollas. I have not figured out what subset. Possibly it's just red-rimmed ollas, but this seems unlikely. Possibly the reanalyses include smaller ollas. At any rate, both DF8 and the reanalyses include mainly rims, since few body sherds were collected by the Mapping Project.","Miccaotli ollas. DF9 records 13,324 (Figure  3.x [Perhaps don't publish, since we're not sure what this data field means]). The reanalysis file records many more (data field 323).",,,FALSE,FALSE,FALSE,FALSE,FALSE,FALSE,
241,TLAMOLLA,ollaTlam,ollaTlam,ollaTlam,V304,cerVessel,Data_cerVessel,,Archaeology,Artifact Counts,Ceramics,-1,FALSE,Integer,Count,FALSE,,,Tlamimilolpa,,,,"Tla ollas. The ceramic reanalyses usually show several times as many olla fragments as do the DF8 counts, which seem to represent some subset of all ollas. I have not figured out what subset. Possibly it's just red-rimmed ollas, but this seems unlikely. Possibly the reanalyses include smaller ollas. At any rate, both DF8 and the reanalyses include mainly rims, since few body sherds were collected by the Mapping Project.","Tlamimilolpa ollas. DF9 records 25,607 (Figure 3.x?). The reanalysis file records many more (data field 324).",,,FALSE,FALSE,FALSE,FALSE,FALSE,FALSE,
242,XOLAOLLA,ollaXola,ollaXola,ollaXola,V304,cerVessel,Data_cerVessel,,Archaeology,Artifact Counts,Ceramics,-1,FALSE,Integer,Count,FALSE,,,Xolalpan,,,,"Xol ollas. The ceramic reanalyses usually show several times as many olla fragments as do the DF8 counts, which seem to represent some subset of all ollas. I have not figured out what subset. Possibly it's just red-rimmed ollas, but this seems unlikely. Possibly the reanalyses include smaller ollas. At any rate, both DF8 and the reanalyses include mainly rims, since few body sherds were collected by the Mapping Project.","Xolalpan ollas. DF9 records 16,564 (Figure 3.x?). The reanalysis file records many more (data field 325).",,,FALSE,FALSE,FALSE,FALSE,FALSE,FALSE,
243,METEOLLA,ollaMete,ollaMete,ollaMete,V304,cerVessel,Data_cerVessel,,Archaeology,Artifact Counts,Ceramics,-1,FALSE,Integer,Count,FALSE,,,Metepec,,,,"Met ollas. The ceramic reanalyses usually show several times as many olla fragments as do the DF8 counts, which seem to represent some subset of all ollas. I have not figured out what subset. Possibly it's just red-rimmed ollas, but this seems unlikely. Possibly the reanalyses include smaller ollas. At any rate, both DF8 and the reanalyses include mainly rims, since few body sherds were collected by the Mapping Project.","243. Metepec ollas. DF9 records only 1,648. This is an absurd decrease in the proportion of ollas relative to total phased ceramics and is one indicator of problems defining the Metepec ceramic phase in the 1960s [which may or may not also show up in the REANS file – check]. The reanalysis file records many more Metepec ollas (data field 326). The low Metepec olla count cannot be accounted for by SMO replacing ollas, because DF9 also records only 689 Metepec SMO sherds",,,FALSE,FALSE,FALSE,FALSE,FALSE,FALSE,
244,COMLTOTS,comalTot,comalTot,comalTot,V304,cerVessel,Data_cerVessel,,Archaeology,Artifact Counts,Ceramics,-1,FALSE,Integer,Count,FALSE,,,Total comals; Patlachique-Metepec,,,,"Total comales, Patl-Met",,"Comales. DF9 records a total of 7,925. All the sherds in this category are rims of very flat plates, but it is not certain that all were used as comales, i.e., griddles. Only six objects were catalogued as Tzacualli comales (data field 246), and none as Patlachique (data field 245). Quite possibly comales did not exist in these phases. Counts for later phases are Miccaotli, 1,463 (Figure 3.x); Tlamimilolpa, 2,274 (Figure 3.x); Xolalpan, 3,433 (Figure 3.x), Metepec, 630 (Figure 3.x); Oxtoticpac, 11; and post-Oxtoticpac, none. These last two counts should be ignored, the Oxtoticpac count because of the problems about this putative phase discussed above, and the later phases because in fact numerous post-Teotihuacan comales occur in the TMP collections, especially Aztec comales, but, like all other specific categories for the Coyotlatelco, Mazapan, and Aztec periods, were hardly ever recorded in DF9. There are enough comal fragments dated to the Miccaotli-Metepec interval to make it likely that tortillas were already a significant item of diet by the Miccaotli phase, although probably considerably less so than in the sixteenth century. There is some uncertainty about comal phasing within the Miccaotli-Metepec interval. (Discuss separate investigations of their phasing by Cowgill (DF8) and Robertson (Reans?). This should also be discussed for several other phased categories.).",,FALSE,FALSE,FALSE,FALSE,FALSE,FALSE,
245,PATLCOML,comalPatl,comalPatl,comalPatl,V216,cerVessel,Data_cerVessel,,Archaeology,Artifact Counts,Ceramics,-1,FALSE,Integer,Count,FALSE,,,Patlachique,,,Category not used.,Patl comales,,"Comales. DF9 records a total of 7,925. All the sherds in this category are rims of very flat plates, but it is not certain that all were used as comales, i.e., griddles. Only six objects were catalogued as Tzacualli comales (data field 246), and none as Patlachique (data field 245). Quite possibly comales did not exist in these phases. Counts for later phases are Miccaotli, 1,463 (Figure 3.x); Tlamimilolpa, 2,274 (Figure 3.x); Xolalpan, 3,433 (Figure 3.x), Metepec, 630 (Figure 3.x); Oxtoticpac, 11; and post-Oxtoticpac, none. These last two counts should be ignored, the Oxtoticpac count because of the problems about this putative phase discussed above, and the later phases because in fact numerous post-Teotihuacan comales occur in the TMP collections, especially Aztec comales, but, like all other specific categories for the Coyotlatelco, Mazapan, and Aztec periods, were hardly ever recorded in DF9. There are enough comal fragments dated to the Miccaotli-Metepec interval to make it likely that tortillas were already a significant item of diet by the Miccaotli phase, although probably considerably less so than in the sixteenth century. There is some uncertainty about comal phasing within the Miccaotli-Metepec interval. (Discuss separate investigations of their phasing by Cowgill (DF8) and Robertson (Reans?). This should also be discussed for several other phased categories.).",,FALSE,FALSE,FALSE,FALSE,FALSE,FALSE,
246,TZACCOML,comalTzac,comalTzac,comalTzac,V216,cerVessel,Data_cerVessel,,Archaeology,Artifact Counts,Ceramics,-1,FALSE,Integer,Count,FALSE,,,Tzacualli,,,,Tzac comales,,"Comales. DF9 records a total of 7,925. All the sherds in this category are rims of very flat plates, but it is not certain that all were used as comales, i.e., griddles. Only six objects were catalogued as Tzacualli comales (data field 246), and none as Patlachique (data field 245). Quite possibly comales did not exist in these phases. Counts for later phases are Miccaotli, 1,463 (Figure 3.x); Tlamimilolpa, 2,274 (Figure 3.x); Xolalpan, 3,433 (Figure 3.x), Metepec, 630 (Figure 3.x); Oxtoticpac, 11; and post-Oxtoticpac, none. These last two counts should be ignored, the Oxtoticpac count because of the problems about this putative phase discussed above, and the later phases because in fact numerous post-Teotihuacan comales occur in the TMP collections, especially Aztec comales, but, like all other specific categories for the Coyotlatelco, Mazapan, and Aztec periods, were hardly ever recorded in DF9. There are enough comal fragments dated to the Miccaotli-Metepec interval to make it likely that tortillas were already a significant item of diet by the Miccaotli phase, although probably considerably less so than in the sixteenth century. There is some uncertainty about comal phasing within the Miccaotli-Metepec interval. (Discuss separate investigations of their phasing by Cowgill (DF8) and Robertson (Reans?). This should also be discussed for several other phased categories.).",,FALSE,FALSE,FALSE,FALSE,FALSE,FALSE,
247,MICCCOML,comalMicc,comalMicc,comalMicc,V216,cerVessel,Data_cerVessel,,Archaeology,Artifact Counts,Ceramics,-1,FALSE,Integer,Count,FALSE,,,Miccaotli,,,,Micc comales,,"Comales. DF9 records a total of 7,925. All the sherds in this category are rims of very flat plates, but it is not certain that all were used as comales, i.e., griddles. Only six objects were catalogued as Tzacualli comales (data field 246), and none as Patlachique (data field 245). Quite possibly comales did not exist in these phases. Counts for later phases are Miccaotli, 1,463 (Figure 3.x); Tlamimilolpa, 2,274 (Figure 3.x); Xolalpan, 3,433 (Figure 3.x), Metepec, 630 (Figure 3.x); Oxtoticpac, 11; and post-Oxtoticpac, none. These last two counts should be ignored, the Oxtoticpac count because of the problems about this putative phase discussed above, and the later phases because in fact numerous post-Teotihuacan comales occur in the TMP collections, especially Aztec comales, but, like all other specific categories for the Coyotlatelco, Mazapan, and Aztec periods, were hardly ever recorded in DF9. There are enough comal fragments dated to the Miccaotli-Metepec interval to make it likely that tortillas were already a significant item of diet by the Miccaotli phase, although probably considerably less so than in the sixteenth century. There is some uncertainty about comal phasing within the Miccaotli-Metepec interval. (Discuss separate investigations of their phasing by Cowgill (DF8) and Robertson (Reans?). This should also be discussed for several other phased categories.).",,FALSE,FALSE,FALSE,FALSE,FALSE,FALSE,
248,TLAMCOML,comalTlam,comalTlam,comalTlam,V217,cerVessel,Data_cerVessel,,Archaeology,Artifact Counts,Ceramics,-1,FALSE,Integer,Count,FALSE,,,Tlamimilolpa,,,,Tla comales,,"Comales. DF9 records a total of 7,925. All the sherds in this category are rims of very flat plates, but it is not certain that all were used as comales, i.e., griddles. Only six objects were catalogued as Tzacualli comales (data field 246), and none as Patlachique (data field 245). Quite possibly comales did not exist in these phases. Counts for later phases are Miccaotli, 1,463 (Figure 3.x); Tlamimilolpa, 2,274 (Figure 3.x); Xolalpan, 3,433 (Figure 3.x), Metepec, 630 (Figure 3.x); Oxtoticpac, 11; and post-Oxtoticpac, none. These last two counts should be ignored, the Oxtoticpac count because of the problems about this putative phase discussed above, and the later phases because in fact numerous post-Teotihuacan comales occur in the TMP collections, especially Aztec comales, but, like all other specific categories for the Coyotlatelco, Mazapan, and Aztec periods, were hardly ever recorded in DF9. There are enough comal fragments dated to the Miccaotli-Metepec interval to make it likely that tortillas were already a significant item of diet by the Miccaotli phase, although probably considerably less so than in the sixteenth century. There is some uncertainty about comal phasing within the Miccaotli-Metepec interval. (Discuss separate investigations of their phasing by Cowgill (DF8) and Robertson (Reans?). This should also be discussed for several other phased categories.).",,FALSE,FALSE,FALSE,FALSE,FALSE,FALSE,
249,XOLACOML,comalXola,comalXola,comalXola,V304,cerVessel,Data_cerVessel,,Archaeology,Artifact Counts,Ceramics,-1,FALSE,Integer,Count,FALSE,,,Xolalpan,,,,Xol comales,,"Comales. DF9 records a total of 7,925. All the sherds in this category are rims of very flat plates, but it is not certain that all were used as comales, i.e., griddles. Only six objects were catalogued as Tzacualli comales (data field 246), and none as Patlachique (data field 245). Quite possibly comales did not exist in these phases. Counts for later phases are Miccaotli, 1,463 (Figure 3.x); Tlamimilolpa, 2,274 (Figure 3.x); Xolalpan, 3,433 (Figure 3.x), Metepec, 630 (Figure 3.x); Oxtoticpac, 11; and post-Oxtoticpac, none. These last two counts should be ignored, the Oxtoticpac count because of the problems about this putative phase discussed above, and the later phases because in fact numerous post-Teotihuacan comales occur in the TMP collections, especially Aztec comales, but, like all other specific categories for the Coyotlatelco, Mazapan, and Aztec periods, were hardly ever recorded in DF9. There are enough comal fragments dated to the Miccaotli-Metepec interval to make it likely that tortillas were already a significant item of diet by the Miccaotli phase, although probably considerably less so than in the sixteenth century. There is some uncertainty about comal phasing within the Miccaotli-Metepec interval. (Discuss separate investigations of their phasing by Cowgill (DF8) and Robertson (Reans?). This should also be discussed for several other phased categories.).",,FALSE,FALSE,FALSE,FALSE,FALSE,FALSE,
250,METECOML,comalMete,comalMete,comalMete,V304,cerVessel,Data_cerVessel,,Archaeology,Artifact Counts,Ceramics,-1,FALSE,Integer,Count,FALSE,,,Metepec,,,,Met comales,,"Comales. DF9 records a total of 7,925. All the sherds in this category are rims of very flat plates, but it is not certain that all were used as comales, i.e., griddles. Only six objects were catalogued as Tzacualli comales (data field 246), and none as Patlachique (data field 245). Quite possibly comales did not exist in these phases. Counts for later phases are Miccaotli, 1,463 (Figure 3.x); Tlamimilolpa, 2,274 (Figure 3.x); Xolalpan, 3,433 (Figure 3.x), Metepec, 630 (Figure 3.x); Oxtoticpac, 11; and post-Oxtoticpac, none. These last two counts should be ignored, the Oxtoticpac count because of the problems about this putative phase discussed above, and the later phases because in fact numerous post-Teotihuacan comales occur in the TMP collections, especially Aztec comales, but, like all other specific categories for the Coyotlatelco, Mazapan, and Aztec periods, were hardly ever recorded in DF9. There are enough comal fragments dated to the Miccaotli-Metepec interval to make it likely that tortillas were already a significant item of diet by the Miccaotli phase, although probably considerably less so than in the sixteenth century. There is some uncertainty about comal phasing within the Miccaotli-Metepec interval. (Discuss separate investigations of their phasing by Cowgill (DF8) and Robertson (Reans?). This should also be discussed for several other phased categories.).",,FALSE,FALSE,FALSE,FALSE,FALSE,FALSE,
251,OXTOCOML,comalOxto,comalOxto,comalOxto,V217,cerVessel,Data_cerVessel,,Archaeology,Artifact Counts,Ceramics,-1,FALSE,Integer,Count,FALSE,,,Oxtoticpac,,,,"Oxto comales. **Oxtoticpac and post-Oxto comales** were rarely counted in the ceramic analyses, and vars.251-252 are not useful.",,"Comales. DF9 records a total of 7,925. All the sherds in this category are rims of very flat plates, but it is not certain that all were used as comales, i.e., griddles. Only six objects were catalogued as Tzacualli comales (data field 246), and none as Patlachique (data field 245). Quite possibly comales did not exist in these phases. Counts for later phases are Miccaotli, 1,463 (Figure 3.x); Tlamimilolpa, 2,274 (Figure 3.x); Xolalpan, 3,433 (Figure 3.x), Metepec, 630 (Figure 3.x); Oxtoticpac, 11; and post-Oxtoticpac, none. These last two counts should be ignored, the Oxtoticpac count because of the problems about this putative phase discussed above, and the later phases because in fact numerous post-Teotihuacan comales occur in the TMP collections, especially Aztec comales, but, like all other specific categories for the Coyotlatelco, Mazapan, and Aztec periods, were hardly ever recorded in DF9. There are enough comal fragments dated to the Miccaotli-Metepec interval to make it likely that tortillas were already a significant item of diet by the Miccaotli phase, although probably considerably less so than in the sixteenth century. There is some uncertainty about comal phasing within the Miccaotli-Metepec interval. (Discuss separate investigations of their phasing by Cowgill (DF8) and Robertson (Reans?). This should also be discussed for several other phased categories.).",,FALSE,FALSE,FALSE,FALSE,FALSE,FALSE,
252,POXTCOML,comalPOxt,comalPOxt,comalPOxt,V304,cerVessel,Data_cerVessel,,Archaeology,Artifact Counts,Ceramics,-1,FALSE,Integer,Count,FALSE,,,Post-Oxtoticpac,,,,"Post-Oxto comales. **Oxtoticpac and post-Oxto comales** were rarely counted in the ceramic analyses, and vars.251-252 are not useful.",,"Comales. DF9 records a total of 7,925. All the sherds in this category are rims of very flat plates, but it is not certain that all were used as comales, i.e., griddles. Only six objects were catalogued as Tzacualli comales (data field 246), and none as Patlachique (data field 245). Quite possibly comales did not exist in these phases. Counts for later phases are Miccaotli, 1,463 (Figure 3.x); Tlamimilolpa, 2,274 (Figure 3.x); Xolalpan, 3,433 (Figure 3.x), Metepec, 630 (Figure 3.x); Oxtoticpac, 11; and post-Oxtoticpac, none. These last two counts should be ignored, the Oxtoticpac count because of the problems about this putative phase discussed above, and the later phases because in fact numerous post-Teotihuacan comales occur in the TMP collections, especially Aztec comales, but, like all other specific categories for the Coyotlatelco, Mazapan, and Aztec periods, were hardly ever recorded in DF9. There are enough comal fragments dated to the Miccaotli-Metepec interval to make it likely that tortillas were already a significant item of diet by the Miccaotli phase, although probably considerably less so than in the sixteenth century. There is some uncertainty about comal phasing within the Miccaotli-Metepec interval. (Discuss separate investigations of their phasing by Cowgill (DF8) and Robertson (Reans?). This should also be discussed for several other phased categories.).",,FALSE,FALSE,FALSE,FALSE,FALSE,FALSE,
253,NUBBTOTS,nubbinTot,nubbinTot,nubbinTot,V305,cerVessel,Data_cerVessel,,Archaeology,Artifact Counts,Ceramics,-1,FALSE,Integer,Count,FALSE,,,Total nubbins,,,,Total nubbins,,"Nubbin vessel supports. The DF9 total is 10,430. These are small solid conical or button-like supports that occur on flat-bottomed outcurving bowls and vases (nearly always with outflaring lips – Figure 109 of Berrin and Pasztory [1993:236-37] is an exception).  Polished jars also often have nubbin supports, but polished jars themselves are rather rare. Exceedingly few nubbin supports occur on any other Teotihuacan forms. Shouldered hollow supports with circular sections and pointed bottoms occur in the Cuanalan phase (Figure 3.x) and probably continue in small proportions in the Patlachique phase, but these are not nubbins and they would not have been tabulated in DF9, if any at all were found by the TMP survey. The 27 ""Patlachique"" nubbins (data field 254) may be correct or may be in error. Vessel supports of any kind seem to have been absent in the Tzacualli phase, and data field 255 should be ignored. Nubbin supports are quite common on vases and outcurving bowls in the Miccaotli and Early Tlamimilolpa phases, while other kinds of supports in those phases are uncommon. Nubbin supports thereafter become scarcer and increasingly vestigial. At one time it was thought that nubbin supports set slightly inward from base-side junctions (data field 256, 4,151 cases, Figure 3.x) were markers of the Miccaotli phase and nubbins set flush with the junctions (with burnishing streaks often continuing from the vessel side onto the nubbin) (data field 257, 5,736 cases, Figure 3.x) were diagnostic of the Early Tlamimilolpa phase. This is now considered questionable, but the distinction may yet prove to have some chronological significance. Any consideration of ""inset"" versus ""flush"" should, however, consider bowls, vases, and jars separately. Data field 258 (""Atoyac"" nubbins) should not be used. The very low counts of data field 259, Xolalpan nubbins (45), and data field 260, Metepec nubbins (155), may reflect a tendency of ceramic analysts to assign nubbins to earlier phases unless there was strong evidence otherwise. However, there is no doubt that flat-bottomed outcurving bowls much more often lacked supports of any kind in these later phases. Surprisingly, the coding forms that became the basis for DF9 were not set up so as to record any other kinds of vessel supports, including the rounded and slab supports so common on Teotihuacan direct-rim cylinder vases. This was one of the many omissions in the early ceramic analyses that the reanalyses were designed to correct.",,FALSE,FALSE,FALSE,FALSE,FALSE,FALSE,
254,PATLNUBB,nubbinPatl,nubbinPatl,nubbinPatl,V217,cerVessel,Data_cerVessel,,Archaeology,Artifact Counts,Ceramics,-1,FALSE,Integer,Count,FALSE,,,Patlachique,,,,"Patl nubbins. I'm not sure if the DF8 coding for Patl, Xol, and Met nubbins has much meaning. The inset/flush contrast was once thought to distinguish Mic from Early Tla. This is doubtful, but it probably has some significance because the statistical and spatial behaviors of the two categories differ slightly.",,"Nubbin vessel supports. The DF9 total is 10,430. These are small solid conical or button-like supports that occur on flat-bottomed outcurving bowls and vases (nearly always with outflaring lips – Figure 109 of Berrin and Pasztory [1993:236-37] is an exception).  Polished jars also often have nubbin supports, but polished jars themselves are rather rare. Exceedingly few nubbin supports occur on any other Teotihuacan forms. Shouldered hollow supports with circular sections and pointed bottoms occur in the Cuanalan phase (Figure 3.x) and probably continue in small proportions in the Patlachique phase, but these are not nubbins and they would not have been tabulated in DF9, if any at all were found by the TMP survey. The 27 ""Patlachique"" nubbins (data field 254) may be correct or may be in error. Vessel supports of any kind seem to have been absent in the Tzacualli phase, and data field 255 should be ignored. Nubbin supports are quite common on vases and outcurving bowls in the Miccaotli and Early Tlamimilolpa phases, while other kinds of supports in those phases are uncommon. Nubbin supports thereafter become scarcer and increasingly vestigial. At one time it was thought that nubbin supports set slightly inward from base-side junctions (data field 256, 4,151 cases, Figure 3.x) were markers of the Miccaotli phase and nubbins set flush with the junctions (with burnishing streaks often continuing from the vessel side onto the nubbin) (data field 257, 5,736 cases, Figure 3.x) were diagnostic of the Early Tlamimilolpa phase. This is now considered questionable, but the distinction may yet prove to have some chronological significance. Any consideration of ""inset"" versus ""flush"" should, however, consider bowls, vases, and jars separately. Data field 258 (""Atoyac"" nubbins) should not be used. The very low counts of data field 259, Xolalpan nubbins (45), and data field 260, Metepec nubbins (155), may reflect a tendency of ceramic analysts to assign nubbins to earlier phases unless there was strong evidence otherwise. However, there is no doubt that flat-bottomed outcurving bowls much more often lacked supports of any kind in these later phases. Surprisingly, the coding forms that became the basis for DF9 were not set up so as to record any other kinds of vessel supports, including the rounded and slab supports so common on Teotihuacan direct-rim cylinder vases. This was one of the many omissions in the early ceramic analyses that the reanalyses were designed to correct.",,FALSE,FALSE,FALSE,FALSE,FALSE,FALSE,
255,APTENUBB,nubbinApet,nubbinApet,nubbinApet,V217,cerVessel,Data_cerVessel,,Archaeology,Artifact Counts,Ceramics,-1,FALSE,Integer,Count,FALSE,,,"""Apetlac"" nubbins",,,Do not use.,Apetlac nubbins (do not use),,"Nubbin vessel supports. The DF9 total is 10,430. These are small solid conical or button-like supports that occur on flat-bottomed outcurving bowls and vases (nearly always with outflaring lips – Figure 109 of Berrin and Pasztory [1993:236-37] is an exception).  Polished jars also often have nubbin supports, but polished jars themselves are rather rare. Exceedingly few nubbin supports occur on any other Teotihuacan forms. Shouldered hollow supports with circular sections and pointed bottoms occur in the Cuanalan phase (Figure 3.x) and probably continue in small proportions in the Patlachique phase, but these are not nubbins and they would not have been tabulated in DF9, if any at all were found by the TMP survey. The 27 ""Patlachique"" nubbins (data field 254) may be correct or may be in error. Vessel supports of any kind seem to have been absent in the Tzacualli phase, and data field 255 should be ignored. Nubbin supports are quite common on vases and outcurving bowls in the Miccaotli and Early Tlamimilolpa phases, while other kinds of supports in those phases are uncommon. Nubbin supports thereafter become scarcer and increasingly vestigial. At one time it was thought that nubbin supports set slightly inward from base-side junctions (data field 256, 4,151 cases, Figure 3.x) were markers of the Miccaotli phase and nubbins set flush with the junctions (with burnishing streaks often continuing from the vessel side onto the nubbin) (data field 257, 5,736 cases, Figure 3.x) were diagnostic of the Early Tlamimilolpa phase. This is now considered questionable, but the distinction may yet prove to have some chronological significance. Any consideration of ""inset"" versus ""flush"" should, however, consider bowls, vases, and jars separately. Data field 258 (""Atoyac"" nubbins) should not be used. The very low counts of data field 259, Xolalpan nubbins (45), and data field 260, Metepec nubbins (155), may reflect a tendency of ceramic analysts to assign nubbins to earlier phases unless there was strong evidence otherwise. However, there is no doubt that flat-bottomed outcurving bowls much more often lacked supports of any kind in these later phases. Surprisingly, the coding forms that became the basis for DF9 were not set up so as to record any other kinds of vessel supports, including the rounded and slab supports so common on Teotihuacan direct-rim cylinder vases. This was one of the many omissions in the early ceramic analyses that the reanalyses were designed to correct.",,FALSE,FALSE,FALSE,FALSE,FALSE,FALSE,
256,INSTNUBB,nubbinInset,nubbinInset,nubbinInset,V217,cerVessel,Data_cerVessel,,Archaeology,Artifact Counts,Ceramics,-1,FALSE,Integer,Count,FALSE,,,Inset,,,"Formerly ""Miccaotli""","Inset (formerly ""Mic"") nubbins. The inset/flush contrast was once thought to distinguish Mic from Early Tla. This is doubtful, but it probably has some significance because the statistical and spatial behaviors of the two categories differ slightly.",,"Nubbin vessel supports. The DF9 total is 10,430. These are small solid conical or button-like supports that occur on flat-bottomed outcurving bowls and vases (nearly always with outflaring lips – Figure 109 of Berrin and Pasztory [1993:236-37] is an exception).  Polished jars also often have nubbin supports, but polished jars themselves are rather rare. Exceedingly few nubbin supports occur on any other Teotihuacan forms. Shouldered hollow supports with circular sections and pointed bottoms occur in the Cuanalan phase (Figure 3.x) and probably continue in small proportions in the Patlachique phase, but these are not nubbins and they would not have been tabulated in DF9, if any at all were found by the TMP survey. The 27 ""Patlachique"" nubbins (data field 254) may be correct or may be in error. Vessel supports of any kind seem to have been absent in the Tzacualli phase, and data field 255 should be ignored. Nubbin supports are quite common on vases and outcurving bowls in the Miccaotli and Early Tlamimilolpa phases, while other kinds of supports in those phases are uncommon. Nubbin supports thereafter become scarcer and increasingly vestigial. At one time it was thought that nubbin supports set slightly inward from base-side junctions (data field 256, 4,151 cases, Figure 3.x) were markers of the Miccaotli phase and nubbins set flush with the junctions (with burnishing streaks often continuing from the vessel side onto the nubbin) (data field 257, 5,736 cases, Figure 3.x) were diagnostic of the Early Tlamimilolpa phase. This is now considered questionable, but the distinction may yet prove to have some chronological significance. Any consideration of ""inset"" versus ""flush"" should, however, consider bowls, vases, and jars separately. Data field 258 (""Atoyac"" nubbins) should not be used. The very low counts of data field 259, Xolalpan nubbins (45), and data field 260, Metepec nubbins (155), may reflect a tendency of ceramic analysts to assign nubbins to earlier phases unless there was strong evidence otherwise. However, there is no doubt that flat-bottomed outcurving bowls much more often lacked supports of any kind in these later phases. Surprisingly, the coding forms that became the basis for DF9 were not set up so as to record any other kinds of vessel supports, including the rounded and slab supports so common on Teotihuacan direct-rim cylinder vases. This was one of the many omissions in the early ceramic analyses that the reanalyses were designed to correct.",,FALSE,FALSE,FALSE,FALSE,FALSE,FALSE,
257,FLSMNUBB,nubbinFlush,nubbinFlush,nubbinFlush,V217,cerVessel,Data_cerVessel,,Archaeology,Artifact Counts,Ceramics,-1,FALSE,Integer,Count,FALSE,,,Flush,,,"Formerly ""Early Tlamamilolpa""","Flush (formerly E Tla) nubbins. The inset/flush contrast was once thought to distinguish Mic from Early Tla. This is doubtful, but it probably has some significance because the statistical and spatial behaviors of the two categories differ slightly.",,"Nubbin vessel supports. The DF9 total is 10,430. These are small solid conical or button-like supports that occur on flat-bottomed outcurving bowls and vases (nearly always with outflaring lips – Figure 109 of Berrin and Pasztory [1993:236-37] is an exception).  Polished jars also often have nubbin supports, but polished jars themselves are rather rare. Exceedingly few nubbin supports occur on any other Teotihuacan forms. Shouldered hollow supports with circular sections and pointed bottoms occur in the Cuanalan phase (Figure 3.x) and probably continue in small proportions in the Patlachique phase, but these are not nubbins and they would not have been tabulated in DF9, if any at all were found by the TMP survey. The 27 ""Patlachique"" nubbins (data field 254) may be correct or may be in error. Vessel supports of any kind seem to have been absent in the Tzacualli phase, and data field 255 should be ignored. Nubbin supports are quite common on vases and outcurving bowls in the Miccaotli and Early Tlamimilolpa phases, while other kinds of supports in those phases are uncommon. Nubbin supports thereafter become scarcer and increasingly vestigial. At one time it was thought that nubbin supports set slightly inward from base-side junctions (data field 256, 4,151 cases, Figure 3.x) were markers of the Miccaotli phase and nubbins set flush with the junctions (with burnishing streaks often continuing from the vessel side onto the nubbin) (data field 257, 5,736 cases, Figure 3.x) were diagnostic of the Early Tlamimilolpa phase. This is now considered questionable, but the distinction may yet prove to have some chronological significance. Any consideration of ""inset"" versus ""flush"" should, however, consider bowls, vases, and jars separately. Data field 258 (""Atoyac"" nubbins) should not be used. The very low counts of data field 259, Xolalpan nubbins (45), and data field 260, Metepec nubbins (155), may reflect a tendency of ceramic analysts to assign nubbins to earlier phases unless there was strong evidence otherwise. However, there is no doubt that flat-bottomed outcurving bowls much more often lacked supports of any kind in these later phases. Surprisingly, the coding forms that became the basis for DF9 were not set up so as to record any other kinds of vessel supports, including the rounded and slab supports so common on Teotihuacan direct-rim cylinder vases. This was one of the many omissions in the early ceramic analyses that the reanalyses were designed to correct.",,FALSE,FALSE,FALSE,FALSE,FALSE,FALSE,
258,ATOYNUBB,nubbinAtoy,nubbinAtoy,nubbinAtoy,V217,cerVessel,Data_cerVessel,,Archaeology,Artifact Counts,Ceramics,-1,FALSE,Integer,Count,FALSE,,,"""Atoyac""",,,"Formerly ""Late Tlamimilolpa""; do not use.","""Atoyac"" nubbins (L Tla) (do not use)",,"Nubbin vessel supports. The DF9 total is 10,430. These are small solid conical or button-like supports that occur on flat-bottomed outcurving bowls and vases (nearly always with outflaring lips – Figure 109 of Berrin and Pasztory [1993:236-37] is an exception).  Polished jars also often have nubbin supports, but polished jars themselves are rather rare. Exceedingly few nubbin supports occur on any other Teotihuacan forms. Shouldered hollow supports with circular sections and pointed bottoms occur in the Cuanalan phase (Figure 3.x) and probably continue in small proportions in the Patlachique phase, but these are not nubbins and they would not have been tabulated in DF9, if any at all were found by the TMP survey. The 27 ""Patlachique"" nubbins (data field 254) may be correct or may be in error. Vessel supports of any kind seem to have been absent in the Tzacualli phase, and data field 255 should be ignored. Nubbin supports are quite common on vases and outcurving bowls in the Miccaotli and Early Tlamimilolpa phases, while other kinds of supports in those phases are uncommon. Nubbin supports thereafter become scarcer and increasingly vestigial. At one time it was thought that nubbin supports set slightly inward from base-side junctions (data field 256, 4,151 cases, Figure 3.x) were markers of the Miccaotli phase and nubbins set flush with the junctions (with burnishing streaks often continuing from the vessel side onto the nubbin) (data field 257, 5,736 cases, Figure 3.x) were diagnostic of the Early Tlamimilolpa phase. This is now considered questionable, but the distinction may yet prove to have some chronological significance. Any consideration of ""inset"" versus ""flush"" should, however, consider bowls, vases, and jars separately. Data field 258 (""Atoyac"" nubbins) should not be used. The very low counts of data field 259, Xolalpan nubbins (45), and data field 260, Metepec nubbins (155), may reflect a tendency of ceramic analysts to assign nubbins to earlier phases unless there was strong evidence otherwise. However, there is no doubt that flat-bottomed outcurving bowls much more often lacked supports of any kind in these later phases. Surprisingly, the coding forms that became the basis for DF9 were not set up so as to record any other kinds of vessel supports, including the rounded and slab supports so common on Teotihuacan direct-rim cylinder vases. This was one of the many omissions in the early ceramic analyses that the reanalyses were designed to correct.",,FALSE,FALSE,FALSE,FALSE,FALSE,FALSE,
259,XOLANUBB,nubbinXola,nubbinXola,nubbinXola,V217,cerVessel,Data_cerVessel,,Archaeology,Artifact Counts,Ceramics,-1,FALSE,Integer,Count,FALSE,,,Xolalpan,,,,"Xol nubbins. I'm not sure if the DF8 coding for Patl, Xol, and Met nubbins has much meaning.",,"Nubbin vessel supports. The DF9 total is 10,430. These are small solid conical or button-like supports that occur on flat-bottomed outcurving bowls and vases (nearly always with outflaring lips – Figure 109 of Berrin and Pasztory [1993:236-37] is an exception).  Polished jars also often have nubbin supports, but polished jars themselves are rather rare. Exceedingly few nubbin supports occur on any other Teotihuacan forms. Shouldered hollow supports with circular sections and pointed bottoms occur in the Cuanalan phase (Figure 3.x) and probably continue in small proportions in the Patlachique phase, but these are not nubbins and they would not have been tabulated in DF9, if any at all were found by the TMP survey. The 27 ""Patlachique"" nubbins (data field 254) may be correct or may be in error. Vessel supports of any kind seem to have been absent in the Tzacualli phase, and data field 255 should be ignored. Nubbin supports are quite common on vases and outcurving bowls in the Miccaotli and Early Tlamimilolpa phases, while other kinds of supports in those phases are uncommon. Nubbin supports thereafter become scarcer and increasingly vestigial. At one time it was thought that nubbin supports set slightly inward from base-side junctions (data field 256, 4,151 cases, Figure 3.x) were markers of the Miccaotli phase and nubbins set flush with the junctions (with burnishing streaks often continuing from the vessel side onto the nubbin) (data field 257, 5,736 cases, Figure 3.x) were diagnostic of the Early Tlamimilolpa phase. This is now considered questionable, but the distinction may yet prove to have some chronological significance. Any consideration of ""inset"" versus ""flush"" should, however, consider bowls, vases, and jars separately. Data field 258 (""Atoyac"" nubbins) should not be used. The very low counts of data field 259, Xolalpan nubbins (45), and data field 260, Metepec nubbins (155), may reflect a tendency of ceramic analysts to assign nubbins to earlier phases unless there was strong evidence otherwise. However, there is no doubt that flat-bottomed outcurving bowls much more often lacked supports of any kind in these later phases. Surprisingly, the coding forms that became the basis for DF9 were not set up so as to record any other kinds of vessel supports, including the rounded and slab supports so common on Teotihuacan direct-rim cylinder vases. This was one of the many omissions in the early ceramic analyses that the reanalyses were designed to correct.",,FALSE,FALSE,FALSE,FALSE,FALSE,FALSE,
260,METENUBB,nubbinMete,nubbinMete,nubbinMete,V217,cerVessel,Data_cerVessel,,Archaeology,Artifact Counts,Ceramics,-1,FALSE,Integer,Count,FALSE,,,Metepec,,,,"Met nubbins. I'm not sure if the DF8 coding for Patl, Xol, and Met nubbins has much meaning.",,"Nubbin vessel supports. The DF9 total is 10,430. These are small solid conical or button-like supports that occur on flat-bottomed outcurving bowls and vases (nearly always with outflaring lips – Figure 109 of Berrin and Pasztory [1993:236-37] is an exception).  Polished jars also often have nubbin supports, but polished jars themselves are rather rare. Exceedingly few nubbin supports occur on any other Teotihuacan forms. Shouldered hollow supports with circular sections and pointed bottoms occur in the Cuanalan phase (Figure 3.x) and probably continue in small proportions in the Patlachique phase, but these are not nubbins and they would not have been tabulated in DF9, if any at all were found by the TMP survey. The 27 ""Patlachique"" nubbins (data field 254) may be correct or may be in error. Vessel supports of any kind seem to have been absent in the Tzacualli phase, and data field 255 should be ignored. Nubbin supports are quite common on vases and outcurving bowls in the Miccaotli and Early Tlamimilolpa phases, while other kinds of supports in those phases are uncommon. Nubbin supports thereafter become scarcer and increasingly vestigial. At one time it was thought that nubbin supports set slightly inward from base-side junctions (data field 256, 4,151 cases, Figure 3.x) were markers of the Miccaotli phase and nubbins set flush with the junctions (with burnishing streaks often continuing from the vessel side onto the nubbin) (data field 257, 5,736 cases, Figure 3.x) were diagnostic of the Early Tlamimilolpa phase. This is now considered questionable, but the distinction may yet prove to have some chronological significance. Any consideration of ""inset"" versus ""flush"" should, however, consider bowls, vases, and jars separately. Data field 258 (""Atoyac"" nubbins) should not be used. The very low counts of data field 259, Xolalpan nubbins (45), and data field 260, Metepec nubbins (155), may reflect a tendency of ceramic analysts to assign nubbins to earlier phases unless there was strong evidence otherwise. However, there is no doubt that flat-bottomed outcurving bowls much more often lacked supports of any kind in these later phases. Surprisingly, the coding forms that became the basis for DF9 were not set up so as to record any other kinds of vessel supports, including the rounded and slab supports so common on Teotihuacan direct-rim cylinder vases. This was one of the many omissions in the early ceramic analyses that the reanalyses were designed to correct.",,FALSE,FALSE,FALSE,FALSE,FALSE,FALSE,
261,STMPSHRD,shrdStamped,shrdStamped,shrdStamped,V217,cerVessel,Data_cerVessel,,Archaeology,Artifact Counts,Ceramics,-1,FALSE,Integer,Count,FALSE,,,Stamped sherds,,,,Stamped sherds,Stamped sherds. 139 (Figure 3.x). [No reanalysis equivalent?],"Stamped, plano-relief, stuccoed, and incised sherds. These are all modes that can occur on sherds assigned to other categories. They may be good markers of high or at least intermediate status, not in absolute presence/absence terms, as different percentages.  (Need to check whether coders for DF9 in fact treated them as modes.)   [The map for proportion of stamped, stuccoed, and plano-relief sherds is missing from ring binder. Do I have original in office?]",,FALSE,FALSE,FALSE,FALSE,FALSE,FALSE,
262,PLRFSHRD,shrdPlanoR,shrdPlanoR,shrdPlanoR,V217,cerVessel,Data_cerVessel,,Archaeology,Artifact Counts,Ceramics,-1,FALSE,Integer,Count,FALSE,,,Plano-relief sherds,,,,Plano-relief sherds,Plano-relief sherds. 316 (Figure 3.x only if data field 422 indicates it might be meaningful). Compare with reanalysis data field 422.,"Stamped, plano-relief, stuccoed, and incised sherds. These are all modes that can occur on sherds assigned to other categories. They may be good markers of high or at least intermediate status, not in absolute presence/absence terms, as different percentages.  (Need to check whether coders for DF9 in fact treated them as modes.)   [The map for proportion of stamped, stuccoed, and plano-relief sherds is missing from ring binder. Do I have original in office?]",,FALSE,FALSE,FALSE,FALSE,FALSE,FALSE,
263,STCCSHRD,shrdStucco,shrdStucco,shrdStucco,V217,cerVessel,Data_cerVessel,,Archaeology,Artifact Counts,Ceramics,-1,FALSE,Integer,Count,FALSE,,,Stuccoed sherds,,,,Stuccoed sherds,"Stuccoed sherds. 121 (Figure 3.x). Stuccoed sherds are from vessels with polychrome decoration applied on a post-firing fine calcareous layer. Conides (2001) is a particularly important study of relatively complete examples of this kind of decoration [On cylinder tripod vases only? Check.] They are among the finest and presumably most costly Teotihuacan-Period vessels and presumably most abundant in the refuse from high status households. They are probably considerably under-represented in the TMP surface collections because the stucco is quite fragile and easily lost during post-deposition vicissitudes. The small number found in surface survey makes them of limited value for interpreting specific sites, because many sites where none were collected would probably reveal examples if they were extensively excavated. However, the DF9 data are useful for identifying general districts where they were found in above average proportions.","Stamped, plano-relief, stuccoed, and incised sherds. These are all modes that can occur on sherds assigned to other categories. They may be good markers of high or at least intermediate status, not in absolute presence/absence terms, as different percentages.  (Need to check whether coders for DF9 in fact treated them as modes.)   [The map for proportion of stamped, stuccoed, and plano-relief sherds is missing from ring binder. Do I have original in office?]",,FALSE,FALSE,FALSE,FALSE,FALSE,FALSE,
264,INCISHRD,shrdIncised,shrdIncised,shrdIncised,V218,cerVessel,Data_cerVessel,,Archaeology,Artifact Counts,Ceramics,-1,FALSE,Integer,Count,FALSE,,,Incised sherds,,,,Incised sherds,"Incised sherds. A total of 4,289 were recorded in DF9. Unfortunately, no distinctions were made among broad and narrow line incising, incising done in soft clay or very dry or fired clay, angular versus curvilinear styles, and other important variations. Many of these variants are distinguished in the reanalysis tabulations, data fields 423-443.","Stamped, plano-relief, stuccoed, and incised sherds. These are all modes that can occur on sherds assigned to other categories. They may be good markers of high or at least intermediate status, not in absolute presence/absence terms, as different percentages.  (Need to check whether coders for DF9 in fact treated them as modes.)   [The map for proportion of stamped, stuccoed, and plano-relief sherds is missing from ring binder. Do I have original in office?]",,FALSE,FALSE,FALSE,FALSE,FALSE,FALSE,
265,FRNSHTOT,foreignTot,foreignTot,foreignTot,V218,cerVessel,Data_cerVessel,,Archaeology,Artifact Counts,Ceramics,-1,FALSE,Integer,Count,FALSE,,,Total sherds identified as foreign,,,,"Total sherds identified as foreign. Vars.265-273 are of limited use because Evelyn Rattray reports that she has identified in these collections about 5 to 10 times as many foreign sherds as are tabulated in DF8. As of January 1993, Rattray has been unwilling to share these tabulations. Note also that many of the unidentified sherds tabulated in var.273 could probably be identified by people knowledgeable about the right regions.",,"Foreign sherds.  Excluding Thin Orange Ware and Granular Ware (foreign categories that were abundant, readily recognizable, and tabulated separately), 2,171 sherds were identified as foreign in DF9. Of these, 1,521 were merely identified as probably foreign, with no attempt to guess a place of origin. When such guesses were made, it is not clear how well-informed they were. In any case, Rattray (personal communication) reports that she has identified about five to ten times as many foreign sherds in the TMP collections as are tabulated in DF9, but she has not yet made her tabulations available to us, and this means that data fields 265-273 are of very limited value. It is clear, however, that ceramics from west Mexico, Oaxaca, the Gulf lowlands, and the Lowland Maya area were reaching Teotihuacan, in addition to Thin Orange Ware from southern Puebla and Granular Ware, perhaps from Guerrero. Other sources may well be represented also. Rattray (1987a) shows hard-to-read maps of distribution of some foreign sherd categories, and Rattray (1979a) is an unpublished manuscript with extensive discussions of foreign sherd categories believed to come from various parts of the Gulf Lowlands, based in part on an unpublished report of neutron activation analyses by Sayre and Harbottle (1979). Clayton (2003) reports on results of INAA analyses of 121 Maya sherds in the TMP collections carried out by Ron Bishop at the Smithsonian Institution. These include some from TMP excavations in the Merchants' Enclave. Other publications on foreign ceramics at Teotihuacan include Rattray (1978, 1979b, 1990, 1993) and Cowgill and Neff (2001).",,FALSE,FALSE,FALSE,FALSE,FALSE,FALSE,
266,LOWMAYA,mayaLow,mayaLow,mayaLow,V218,cerVessel,Data_cerVessel,,Archaeology,Artifact Counts,Ceramics,-1,FALSE,Integer,Count,FALSE,,,Lowland Maya,,,,"Lowland Maya sherds. Vars.265-273 are of limited use because Evelyn Rattray reports that she has identified in these collections about 5 to 10 times as many foreign sherds as are tabulated in DF8. As of January 1993, Rattray has been unwilling to share these tabulations. Note also that many of the unidentified sherds tabulated in var.273 could probably be identified by people knowledgeable about the right regions.",,"Foreign sherds.  Excluding Thin Orange Ware and Granular Ware (foreign categories that were abundant, readily recognizable, and tabulated separately), 2,171 sherds were identified as foreign in DF9. Of these, 1,521 were merely identified as probably foreign, with no attempt to guess a place of origin. When such guesses were made, it is not clear how well-informed they were. In any case, Rattray (personal communication) reports that she has identified about five to ten times as many foreign sherds in the TMP collections as are tabulated in DF9, but she has not yet made her tabulations available to us, and this means that data fields 265-273 are of very limited value. It is clear, however, that ceramics from west Mexico, Oaxaca, the Gulf lowlands, and the Lowland Maya area were reaching Teotihuacan, in addition to Thin Orange Ware from southern Puebla and Granular Ware, perhaps from Guerrero. Other sources may well be represented also. Rattray (1987a) shows hard-to-read maps of distribution of some foreign sherd categories, and Rattray (1979a) is an unpublished manuscript with extensive discussions of foreign sherd categories believed to come from various parts of the Gulf Lowlands, based in part on an unpublished report of neutron activation analyses by Sayre and Harbottle (1979). Clayton (2003) reports on results of INAA analyses of 121 Maya sherds in the TMP collections carried out by Ron Bishop at the Smithsonian Institution. These include some from TMP excavations in the Merchants' Enclave. Other publications on foreign ceramics at Teotihuacan include Rattray (1978, 1979b, 1990, 1993) and Cowgill and Neff (2001).",,FALSE,FALSE,FALSE,FALSE,FALSE,FALSE,
267,HIGHMAYA,mayaHigh,mayaHigh,mayaHigh,V218,cerVessel,Data_cerVessel,,Archaeology,Artifact Counts,Ceramics,-1,FALSE,Integer,Count,FALSE,,,Highland Maya,,,,"Highland Maya sherds. Vars.265-273 are of limited use because Evelyn Rattray reports that she has identified in these collections about 5 to 10 times as many foreign sherds as are tabulated in DF8. As of January 1993, Rattray has been unwilling to share these tabulations. Note also that many of the unidentified sherds tabulated in var.273 could probably be identified by people knowledgeable about the right regions.",,"Foreign sherds.  Excluding Thin Orange Ware and Granular Ware (foreign categories that were abundant, readily recognizable, and tabulated separately), 2,171 sherds were identified as foreign in DF9. Of these, 1,521 were merely identified as probably foreign, with no attempt to guess a place of origin. When such guesses were made, it is not clear how well-informed they were. In any case, Rattray (personal communication) reports that she has identified about five to ten times as many foreign sherds in the TMP collections as are tabulated in DF9, but she has not yet made her tabulations available to us, and this means that data fields 265-273 are of very limited value. It is clear, however, that ceramics from west Mexico, Oaxaca, the Gulf lowlands, and the Lowland Maya area were reaching Teotihuacan, in addition to Thin Orange Ware from southern Puebla and Granular Ware, perhaps from Guerrero. Other sources may well be represented also. Rattray (1987a) shows hard-to-read maps of distribution of some foreign sherd categories, and Rattray (1979a) is an unpublished manuscript with extensive discussions of foreign sherd categories believed to come from various parts of the Gulf Lowlands, based in part on an unpublished report of neutron activation analyses by Sayre and Harbottle (1979). Clayton (2003) reports on results of INAA analyses of 121 Maya sherds in the TMP collections carried out by Ron Bishop at the Smithsonian Institution. These include some from TMP excavations in the Merchants' Enclave. Other publications on foreign ceramics at Teotihuacan include Rattray (1978, 1979b, 1990, 1993) and Cowgill and Neff (2001).",,FALSE,FALSE,FALSE,FALSE,FALSE,FALSE,
268,HUASTEC,huastec,huastec,huastec,V218,cerVessel,Data_cerVessel,,Archaeology,Artifact Counts,Ceramics,-1,FALSE,Integer,Count,FALSE,,,Huastec,,,,"Huastec sherds. Vars.265-273 are of limited use because Evelyn Rattray reports that she has identified in these collections about 5 to 10 times as many foreign sherds as are tabulated in DF8. As of January 1993, Rattray has been unwilling to share these tabulations. Note also that many of the unidentified sherds tabulated in var.273 could probably be identified by people knowledgeable about the right regions.",,"Foreign sherds.  Excluding Thin Orange Ware and Granular Ware (foreign categories that were abundant, readily recognizable, and tabulated separately), 2,171 sherds were identified as foreign in DF9. Of these, 1,521 were merely identified as probably foreign, with no attempt to guess a place of origin. When such guesses were made, it is not clear how well-informed they were. In any case, Rattray (personal communication) reports that she has identified about five to ten times as many foreign sherds in the TMP collections as are tabulated in DF9, but she has not yet made her tabulations available to us, and this means that data fields 265-273 are of very limited value. It is clear, however, that ceramics from west Mexico, Oaxaca, the Gulf lowlands, and the Lowland Maya area were reaching Teotihuacan, in addition to Thin Orange Ware from southern Puebla and Granular Ware, perhaps from Guerrero. Other sources may well be represented also. Rattray (1987a) shows hard-to-read maps of distribution of some foreign sherd categories, and Rattray (1979a) is an unpublished manuscript with extensive discussions of foreign sherd categories believed to come from various parts of the Gulf Lowlands, based in part on an unpublished report of neutron activation analyses by Sayre and Harbottle (1979). Clayton (2003) reports on results of INAA analyses of 121 Maya sherds in the TMP collections carried out by Ron Bishop at the Smithsonian Institution. These include some from TMP excavations in the Merchants' Enclave. Other publications on foreign ceramics at Teotihuacan include Rattray (1978, 1979b, 1990, 1993) and Cowgill and Neff (2001).",,FALSE,FALSE,FALSE,FALSE,FALSE,FALSE,
269,TAJIN,tajin,tajin,tajin,V218,cerVessel,Data_cerVessel,,Archaeology,Artifact Counts,Ceramics,-1,FALSE,Integer,Count,FALSE,,,El Tajin,,,,"El Tajín sherds. Vars.265-273 are of limited use because Evelyn Rattray reports that she has identified in these collections about 5 to 10 times as many foreign sherds as are tabulated in DF8. As of January 1993, Rattray has been unwilling to share these tabulations. Note also that many of the unidentified sherds tabulated in var.273 could probably be identified by people knowledgeable about the right regions.",,"Foreign sherds.  Excluding Thin Orange Ware and Granular Ware (foreign categories that were abundant, readily recognizable, and tabulated separately), 2,171 sherds were identified as foreign in DF9. Of these, 1,521 were merely identified as probably foreign, with no attempt to guess a place of origin. When such guesses were made, it is not clear how well-informed they were. In any case, Rattray (personal communication) reports that she has identified about five to ten times as many foreign sherds in the TMP collections as are tabulated in DF9, but she has not yet made her tabulations available to us, and this means that data fields 265-273 are of very limited value. It is clear, however, that ceramics from west Mexico, Oaxaca, the Gulf lowlands, and the Lowland Maya area were reaching Teotihuacan, in addition to Thin Orange Ware from southern Puebla and Granular Ware, perhaps from Guerrero. Other sources may well be represented also. Rattray (1987a) shows hard-to-read maps of distribution of some foreign sherd categories, and Rattray (1979a) is an unpublished manuscript with extensive discussions of foreign sherd categories believed to come from various parts of the Gulf Lowlands, based in part on an unpublished report of neutron activation analyses by Sayre and Harbottle (1979). Clayton (2003) reports on results of INAA analyses of 121 Maya sherds in the TMP collections carried out by Ron Bishop at the Smithsonian Institution. These include some from TMP excavations in the Merchants' Enclave. Other publications on foreign ceramics at Teotihuacan include Rattray (1978, 1979b, 1990, 1993) and Cowgill and Neff (2001).",,FALSE,FALSE,FALSE,FALSE,FALSE,FALSE,
270,GULFCST,gulfCoast,gulfCoast,gulfCoast,V218,cerVessel,Data_cerVessel,,Archaeology,Artifact Counts,Ceramics,-1,FALSE,Integer,Count,FALSE,,,Central Veracruz or Gulf Coast,,,,"Central Veracruz or Gulf Coast sherds. Vars.265-273 are of limited use because Evelyn Rattray reports that she has identified in these collections about 5 to 10 times as many foreign sherds as are tabulated in DF8. As of January 1993, Rattray has been unwilling to share these tabulations. Note also that many of the unidentified sherds tabulated in var.273 could probably be identified by people knowledgeable about the right regions.",,"Foreign sherds.  Excluding Thin Orange Ware and Granular Ware (foreign categories that were abundant, readily recognizable, and tabulated separately), 2,171 sherds were identified as foreign in DF9. Of these, 1,521 were merely identified as probably foreign, with no attempt to guess a place of origin. When such guesses were made, it is not clear how well-informed they were. In any case, Rattray (personal communication) reports that she has identified about five to ten times as many foreign sherds in the TMP collections as are tabulated in DF9, but she has not yet made her tabulations available to us, and this means that data fields 265-273 are of very limited value. It is clear, however, that ceramics from west Mexico, Oaxaca, the Gulf lowlands, and the Lowland Maya area were reaching Teotihuacan, in addition to Thin Orange Ware from southern Puebla and Granular Ware, perhaps from Guerrero. Other sources may well be represented also. Rattray (1987a) shows hard-to-read maps of distribution of some foreign sherd categories, and Rattray (1979a) is an unpublished manuscript with extensive discussions of foreign sherd categories believed to come from various parts of the Gulf Lowlands, based in part on an unpublished report of neutron activation analyses by Sayre and Harbottle (1979). Clayton (2003) reports on results of INAA analyses of 121 Maya sherds in the TMP collections carried out by Ron Bishop at the Smithsonian Institution. These include some from TMP excavations in the Merchants' Enclave. Other publications on foreign ceramics at Teotihuacan include Rattray (1978, 1979b, 1990, 1993) and Cowgill and Neff (2001).",,FALSE,FALSE,FALSE,FALSE,FALSE,FALSE,
271,MONTEALB,monteAlban,monteAlban,monteAlban,V218,cerVessel,Data_cerVessel,,Archaeology,Artifact Counts,Ceramics,-1,FALSE,Integer,Count,FALSE,,,Monte Alban,,,,"Monte Albán (Oaxaca Valley) sherds. Vars.265-273 are of limited use because Evelyn Rattray reports that she has identified in these collections about 5 to 10 times as many foreign sherds as are tabulated in DF8. As of January 1993, Rattray has been unwilling to share these tabulations. Note also that many of the unidentified sherds tabulated in var.273 could probably be identified by people knowledgeable about the right regions.",,"Foreign sherds.  Excluding Thin Orange Ware and Granular Ware (foreign categories that were abundant, readily recognizable, and tabulated separately), 2,171 sherds were identified as foreign in DF9. Of these, 1,521 were merely identified as probably foreign, with no attempt to guess a place of origin. When such guesses were made, it is not clear how well-informed they were. In any case, Rattray (personal communication) reports that she has identified about five to ten times as many foreign sherds in the TMP collections as are tabulated in DF9, but she has not yet made her tabulations available to us, and this means that data fields 265-273 are of very limited value. It is clear, however, that ceramics from west Mexico, Oaxaca, the Gulf lowlands, and the Lowland Maya area were reaching Teotihuacan, in addition to Thin Orange Ware from southern Puebla and Granular Ware, perhaps from Guerrero. Other sources may well be represented also. Rattray (1987a) shows hard-to-read maps of distribution of some foreign sherd categories, and Rattray (1979a) is an unpublished manuscript with extensive discussions of foreign sherd categories believed to come from various parts of the Gulf Lowlands, based in part on an unpublished report of neutron activation analyses by Sayre and Harbottle (1979). Clayton (2003) reports on results of INAA analyses of 121 Maya sherds in the TMP collections carried out by Ron Bishop at the Smithsonian Institution. These include some from TMP excavations in the Merchants' Enclave. Other publications on foreign ceramics at Teotihuacan include Rattray (1978, 1979b, 1990, 1993) and Cowgill and Neff (2001).",,FALSE,FALSE,FALSE,FALSE,FALSE,FALSE,
272,OAXACA,oaxaca,oaxaca,oaxaca,V218,cerVessel,Data_cerVessel,,Archaeology,Artifact Counts,Ceramics,-1,FALSE,Integer,Count,FALSE,,,Oaxaca,,,Not specifically Monte Alban.,"Other Oaxaca sherds (not specifically Monte Albán sherds). Vars.265-273 are of limited use because Evelyn Rattray reports that she has identified in these collections about 5 to 10 times as many foreign sherds as are tabulated in DF8. As of January 1993, Rattray has been unwilling to share these tabulations. Note also that many of the unidentified sherds tabulated in var.273 could probably be identified by people knowledgeable about the right regions.",,"Foreign sherds.  Excluding Thin Orange Ware and Granular Ware (foreign categories that were abundant, readily recognizable, and tabulated separately), 2,171 sherds were identified as foreign in DF9. Of these, 1,521 were merely identified as probably foreign, with no attempt to guess a place of origin. When such guesses were made, it is not clear how well-informed they were. In any case, Rattray (personal communication) reports that she has identified about five to ten times as many foreign sherds in the TMP collections as are tabulated in DF9, but she has not yet made her tabulations available to us, and this means that data fields 265-273 are of very limited value. It is clear, however, that ceramics from west Mexico, Oaxaca, the Gulf lowlands, and the Lowland Maya area were reaching Teotihuacan, in addition to Thin Orange Ware from southern Puebla and Granular Ware, perhaps from Guerrero. Other sources may well be represented also. Rattray (1987a) shows hard-to-read maps of distribution of some foreign sherd categories, and Rattray (1979a) is an unpublished manuscript with extensive discussions of foreign sherd categories believed to come from various parts of the Gulf Lowlands, based in part on an unpublished report of neutron activation analyses by Sayre and Harbottle (1979). Clayton (2003) reports on results of INAA analyses of 121 Maya sherds in the TMP collections carried out by Ron Bishop at the Smithsonian Institution. These include some from TMP excavations in the Merchants' Enclave. Other publications on foreign ceramics at Teotihuacan include Rattray (1978, 1979b, 1990, 1993) and Cowgill and Neff (2001).",,FALSE,FALSE,FALSE,FALSE,FALSE,FALSE,
273,OTHFRN,foreignOther,foreignOther,foreignOther,V218,cerVessel,Data_cerVessel,,Archaeology,Artifact Counts,Ceramics,-1,FALSE,Integer,Count,FALSE,,,Other foreign (mainly unidentified),,,,"Other foreign (mainly unidentified) sherds. Vars.265-273 are of limited use because Evelyn Rattray reports that she has identified in these collections about 5 to 10 times as many foreign sherds as are tabulated in DF8. As of January 1993, Rattray has been unwilling to share these tabulations. Note also that many of the unidentified sherds tabulated in var.273 could probably be identified by people knowledgeable about the right regions.",,"Foreign sherds.  Excluding Thin Orange Ware and Granular Ware (foreign categories that were abundant, readily recognizable, and tabulated separately), 2,171 sherds were identified as foreign in DF9. Of these, 1,521 were merely identified as probably foreign, with no attempt to guess a place of origin. When such guesses were made, it is not clear how well-informed they were. In any case, Rattray (personal communication) reports that she has identified about five to ten times as many foreign sherds in the TMP collections as are tabulated in DF9, but she has not yet made her tabulations available to us, and this means that data fields 265-273 are of very limited value. It is clear, however, that ceramics from west Mexico, Oaxaca, the Gulf lowlands, and the Lowland Maya area were reaching Teotihuacan, in addition to Thin Orange Ware from southern Puebla and Granular Ware, perhaps from Guerrero. Other sources may well be represented also. Rattray (1987a) shows hard-to-read maps of distribution of some foreign sherd categories, and Rattray (1979a) is an unpublished manuscript with extensive discussions of foreign sherd categories believed to come from various parts of the Gulf Lowlands, based in part on an unpublished report of neutron activation analyses by Sayre and Harbottle (1979). Clayton (2003) reports on results of INAA analyses of 121 Maya sherds in the TMP collections carried out by Ron Bishop at the Smithsonian Institution. These include some from TMP excavations in the Merchants' Enclave. Other publications on foreign ceramics at Teotihuacan include Rattray (1978, 1979b, 1990, 1993) and Cowgill and Neff (2001).",,FALSE,FALSE,FALSE,FALSE,FALSE,FALSE,
274,ADORNOS,adornos,adornos,adornos,V218,cerVessel,Data_cerVessel,,Archaeology,Artifact Counts,Ceramics,-1,FALSE,Integer,Count,FALSE,,,Adornos,,,May apply to both composite censer and cylinder vase fragments (tabulated seperately in the reanalysis data).,"Adornos. In the ceramic reanalyses, ""adorno"" refers both to the ceramic elements applied to composite censers and to elements applied to cylinder vases, and each kind is tabulated separately. It is not clear to which kind DF8 var.274 applies (possibly to both).","Adornos. 1,143. Unfortunately, the term ""adorno"" was used to refer both to composite censer ornaments and to the quite different little objects that were applied to the sides of some direct-rim cylinder vases, just above their bases, and, probably rarely, to some jars. Both forms were often mold-made, but they have little else in common. In DF9, data field 274 is probably a mix of both forms, and hence is best ignored. Reanalysis data fields 403 and 466-468 tabulate the two forms separately.",,,FALSE,FALSE,FALSE,FALSE,FALSE,FALSE,
275,MINIATUR,minatures,minatures,minatures,V218,cerVessel,Data_cerVessel,,Archaeology,Artifact Counts,Ceramics,-1,FALSE,Integer,Count,FALSE,,,Miniatures,,,,Miniatures. Miniatures should be a good category.,"Miniatures. 773 (Figure 3.x). These are tiny, generally crudely-made, replicas of larger vessels or other objects. They often occur in burials, sometimes in huge numbers, as in Burial 1 at the Tlamimilolpa ruin (Linné 1942).",,,FALSE,FALSE,FALSE,FALSE,FALSE,FALSE,
276,COPAS,copas,copas,copas,V219,cerVessel,Data_cerVessel,,Archaeology,Artifact Counts,Ceramics,-1,FALSE,Integer,Count,FALSE,,,Copas,,,Coding may be unreliable (confusion of shape and ware criteria?),"Copas. The coding for copas may be unreliable—I suspect that not all workers recorded these in the original ceramic analyses. It refers only to the copa (""cream pitcher"") shape. Many vessels of copa ware have other shapes. All copa ware is tabulated in the ceramic reanalyses, with shapes distinguished.","Copas. 828. Most or all of these are fragments of small vessels in the form of small pedestaled goblets, often with trough spouts, handles, or both, including so-called ""cream pitchers."" Most or all vessel in this form at Teotihuacan are made of Copa Ware. However, as discussed in connection with reanalysis data fields 417-419, some direct-rim cylinder vases were also made of Copa Ware, and data field 276 may include some of these, and it is best ignored.",,,FALSE,FALSE,FALSE,FALSE,FALSE,FALSE,
277,MATTWARE,matteWare,matteWare,matteWare,V219,cerVessel,Data_cerVessel,,Archaeology,Artifact Counts,Ceramics,-1,FALSE,Integer,Count,FALSE,,,"""Matte Ware""",,,Probably recorded by only a few analysts; category very differently conceived in ceramic reanalysis.,"Matte Ware. In the original analyses, ""matte ware"" meant something very different from what it now means, and it was almost surely a category recorded by only a few of the original ceramic analysts.","""Matte Ware.”  626. Ignore this data field. In the earliest analyses of TMP material, ""Matte Ware"" evidently meant something quite different than it did later. This category was very rarely used in the tabulations on which DF9 is based. At present, coarse and fine Matte Ware includes candeleros, tapaplatos, three-prong burners, censers, censer ornaments, and miniatures. [This is one of several DF9 categories that should be totally eliminated in the Web site version.]",,,FALSE,FALSE,FALSE,FALSE,FALSE,FALSE,
278,GRANTOTS,granTot,granTot,granTot,V219,cerVessel,Data_cerVessel,,Archaeology,Artifact Counts,Ceramics,-1,FALSE,Integer,Count,FALSE,,,Total Granular Ware,,,,"Total Granular Ware. Var.278 is good. The phasing for granular ware is now considered uncertain, so vars.279-283 should be used with great caution, if at all. Note that granular ware almenas are recorded separately, as var.28.",,"Granular Ware. This is a very distinctive foreign ware, easily recognized by appearance and feel. DF9 data field 278 records a total of 12,592 (Figure 3.x). Next to Thin Orange Ware, it is the second most abundant foreign ceramic at Teotihuacan, and far more abundant than ceramics from any other non-local source. Nearly all examples are in the form of sizable amphoras, often with three loop handles (Figure 3.x). Surfaces are matte, and there is often rather bold, sloppy decoration in reddish, pinkish, or black paint that is dull rather than lustrous, with styles and motifs untypical of locally made wares. They have the look of quite utilitarian vessels for transporting or storing liquids. It has been suggested that they were a preferred kind of vessel for storing drinking water because the fabric may be porous enough to allow some water to seep through, evaporate from the exterior, and hence cool the contents (since considerable heat energy is absorbed by the evaporation of water). This suggestion is plausible enough, especially since slightly porous vessels are used in this way today in Mexico and in many other parts of the world, but, so far as I know, it has not been tested experimentally. If it is confirmed that the fabric works better for this purpose than do fabrics of vessels made from Teotihuacan Valley clays, it would explain why this utilitarian form was imported in such quantities. Neutron activation analysis (e.g., Cowgill and Neff 2001) and other studies confirm unequivocally that Granular Ware is of foreign origin. The exact source has not been identified, but similar wares (not necessarily in the same shapes) are reported elsewhere, and it is likely that the source is somewhere in western Morelos or eastern Guerrero. [Cite recent tesis by student of Paul Schmidt] Data fields 279-283 purport to record phase totals (501 pre-Miccaotli, 5,155 Miccaotli, 5,600 Tlamimilolpa, 1,183 Xolalpan, and 9 Metepec). However, the phasing of Granular Ware is highly uncertain, and these numbers should be treated with great caution. Nevertheless, stratigraphic evidence at the Feathered Serpent Pyramid shows that Granular Ware was already being imported at least as early as Early Tlamimilolpa (Cowgill 1998), and various statistical studies suggest that its import began by Tzacualli times and very likely declined in volume by the Xolalpan phase or even earlier. The spatial distribution of highest proportions relative to total Miccaotli-Metepec ceramics is rather unusual – it is above 3.5% in a broad zone in the northwest running from N6W3 to N6W1 and south to N3W3, in the far south from S4E1 to S7E1, and in a few other places; and above 7% in a strip running northeast from N5W3 to N6W1 (Figure 3.x). Proportions are only average (1-3%) in most of the central part of the city and below 1% in collections from the Ciudadela, the Great Compound, and much of the easternmost parts of the city. These spatial variations in proportions of Granular Ware relative to total Miccaotli-Metepec ceramics make some sense if we assume that much of the Granular Ware total was imported in Tzacualli and Miccaotli times. Ceramic roof ornaments (almenas), data field 28, appear visually to have also been made of Granular Ware, although some almenas are made of stone (probably counted under data field 135 or 146). [Granular Ware doesn't appear in the reanalysis file. It surely must be on the reanalysis data sheets, but probably wasn't phased, and Cowgill probably felt there was no strong need to check the Granular totals in the original analyses.]",,FALSE,FALSE,FALSE,FALSE,FALSE,FALSE,
279,PMICGRAN,granPMic,granular,granPMic,V219,cerVessel,Data_cerVessel,,Archaeology,Artifact Counts,Ceramics,-1,FALSE,Integer,Count,FALSE,,,Pre-Miccaotli,,,"Use with great caution, if at all.","Pre-Mic Granular Ware. Var.278 is good. The phasing for granular ware is now considered uncertain, so vars.279-283 should be used with great caution, if at all. Note that granular ware almenas are recorded separately, as var.28.",,"Granular Ware. This is a very distinctive foreign ware, easily recognized by appearance and feel. DF9 data field 278 records a total of 12,592 (Figure 3.x). Next to Thin Orange Ware, it is the second most abundant foreign ceramic at Teotihuacan, and far more abundant than ceramics from any other non-local source. Nearly all examples are in the form of sizable amphoras, often with three loop handles (Figure 3.x). Surfaces are matte, and there is often rather bold, sloppy decoration in reddish, pinkish, or black paint that is dull rather than lustrous, with styles and motifs untypical of locally made wares. They have the look of quite utilitarian vessels for transporting or storing liquids. It has been suggested that they were a preferred kind of vessel for storing drinking water because the fabric may be porous enough to allow some water to seep through, evaporate from the exterior, and hence cool the contents (since considerable heat energy is absorbed by the evaporation of water). This suggestion is plausible enough, especially since slightly porous vessels are used in this way today in Mexico and in many other parts of the world, but, so far as I know, it has not been tested experimentally. If it is confirmed that the fabric works better for this purpose than do fabrics of vessels made from Teotihuacan Valley clays, it would explain why this utilitarian form was imported in such quantities. Neutron activation analysis (e.g., Cowgill and Neff 2001) and other studies confirm unequivocally that Granular Ware is of foreign origin. The exact source has not been identified, but similar wares (not necessarily in the same shapes) are reported elsewhere, and it is likely that the source is somewhere in western Morelos or eastern Guerrero. [Cite recent tesis by student of Paul Schmidt] Data fields 279-283 purport to record phase totals (501 pre-Miccaotli, 5,155 Miccaotli, 5,600 Tlamimilolpa, 1,183 Xolalpan, and 9 Metepec). However, the phasing of Granular Ware is highly uncertain, and these numbers should be treated with great caution. Nevertheless, stratigraphic evidence at the Feathered Serpent Pyramid shows that Granular Ware was already being imported at least as early as Early Tlamimilolpa (Cowgill 1998), and various statistical studies suggest that its import began by Tzacualli times and very likely declined in volume by the Xolalpan phase or even earlier. The spatial distribution of highest proportions relative to total Miccaotli-Metepec ceramics is rather unusual – it is above 3.5% in a broad zone in the northwest running from N6W3 to N6W1 and south to N3W3, in the far south from S4E1 to S7E1, and in a few other places; and above 7% in a strip running northeast from N5W3 to N6W1 (Figure 3.x). Proportions are only average (1-3%) in most of the central part of the city and below 1% in collections from the Ciudadela, the Great Compound, and much of the easternmost parts of the city. These spatial variations in proportions of Granular Ware relative to total Miccaotli-Metepec ceramics make some sense if we assume that much of the Granular Ware total was imported in Tzacualli and Miccaotli times. Ceramic roof ornaments (almenas), data field 28, appear visually to have also been made of Granular Ware, although some almenas are made of stone (probably counted under data field 135 or 146). [Granular Ware doesn't appear in the reanalysis file. It surely must be on the reanalysis data sheets, but probably wasn't phased, and Cowgill probably felt there was no strong need to check the Granular totals in the original analyses.]","A new variable called ‘granular’ was generated by merging 5 previous variables: ‘granPMic,’ ‘granMicc,’ ‘granTlam,’ ‘granXola,’ and ‘granMete.’ Huster advised that ‘ceramic phasing of granular ware is unreliable today’ so all previous granular ware variables have been merged.",FALSE,TRUE,FALSE,TRUE,FALSE,FALSE,
280,MICCGRAN,granMicc,granular,granMicc,V219,cerVessel,Data_cerVessel,,Archaeology,Artifact Counts,Ceramics,-1,FALSE,Integer,Count,FALSE,,,Miccaotli,,,"Use with great caution, if at all.","Mic Granular Ware. Var.278 is good. The phasing for granular ware is now considered uncertain, so vars.279-283 should be used with great caution, if at all. Note that granular ware almenas are recorded separately, as var.28.",,"Granular Ware. This is a very distinctive foreign ware, easily recognized by appearance and feel. DF9 data field 278 records a total of 12,592 (Figure 3.x). Next to Thin Orange Ware, it is the second most abundant foreign ceramic at Teotihuacan, and far more abundant than ceramics from any other non-local source. Nearly all examples are in the form of sizable amphoras, often with three loop handles (Figure 3.x). Surfaces are matte, and there is often rather bold, sloppy decoration in reddish, pinkish, or black paint that is dull rather than lustrous, with styles and motifs untypical of locally made wares. They have the look of quite utilitarian vessels for transporting or storing liquids. It has been suggested that they were a preferred kind of vessel for storing drinking water because the fabric may be porous enough to allow some water to seep through, evaporate from the exterior, and hence cool the contents (since considerable heat energy is absorbed by the evaporation of water). This suggestion is plausible enough, especially since slightly porous vessels are used in this way today in Mexico and in many other parts of the world, but, so far as I know, it has not been tested experimentally. If it is confirmed that the fabric works better for this purpose than do fabrics of vessels made from Teotihuacan Valley clays, it would explain why this utilitarian form was imported in such quantities. Neutron activation analysis (e.g., Cowgill and Neff 2001) and other studies confirm unequivocally that Granular Ware is of foreign origin. The exact source has not been identified, but similar wares (not necessarily in the same shapes) are reported elsewhere, and it is likely that the source is somewhere in western Morelos or eastern Guerrero. [Cite recent tesis by student of Paul Schmidt] Data fields 279-283 purport to record phase totals (501 pre-Miccaotli, 5,155 Miccaotli, 5,600 Tlamimilolpa, 1,183 Xolalpan, and 9 Metepec). However, the phasing of Granular Ware is highly uncertain, and these numbers should be treated with great caution. Nevertheless, stratigraphic evidence at the Feathered Serpent Pyramid shows that Granular Ware was already being imported at least as early as Early Tlamimilolpa (Cowgill 1998), and various statistical studies suggest that its import began by Tzacualli times and very likely declined in volume by the Xolalpan phase or even earlier. The spatial distribution of highest proportions relative to total Miccaotli-Metepec ceramics is rather unusual – it is above 3.5% in a broad zone in the northwest running from N6W3 to N6W1 and south to N3W3, in the far south from S4E1 to S7E1, and in a few other places; and above 7% in a strip running northeast from N5W3 to N6W1 (Figure 3.x). Proportions are only average (1-3%) in most of the central part of the city and below 1% in collections from the Ciudadela, the Great Compound, and much of the easternmost parts of the city. These spatial variations in proportions of Granular Ware relative to total Miccaotli-Metepec ceramics make some sense if we assume that much of the Granular Ware total was imported in Tzacualli and Miccaotli times. Ceramic roof ornaments (almenas), data field 28, appear visually to have also been made of Granular Ware, although some almenas are made of stone (probably counted under data field 135 or 146). [Granular Ware doesn't appear in the reanalysis file. It surely must be on the reanalysis data sheets, but probably wasn't phased, and Cowgill probably felt there was no strong need to check the Granular totals in the original analyses.]","A new variable called ‘granular’ was generated by merging 5 previous variables: ‘granPMic,’ ‘granMicc,’ ‘granTlam,’ ‘granXola,’ and ‘granMete.’ Huster advised that ‘ceramic phasing of granular ware is unreliable today’ so all previous granular ware variables have been merged.",FALSE,TRUE,FALSE,TRUE,FALSE,FALSE,
281,TLAMGRAN,granTlam,granular,granTlam,V219,cerVessel,Data_cerVessel,,Archaeology,Artifact Counts,Ceramics,-1,FALSE,Integer,Count,FALSE,,,Tlamimilolpa,,,"Use with great caution, if at all.","Tla Granular Ware. Var.278 is good. The phasing for granular ware is now considered uncertain, so vars.279-283 should be used with great caution, if at all. Note that granular ware almenas are recorded separately, as var.28.",,"Granular Ware. This is a very distinctive foreign ware, easily recognized by appearance and feel. DF9 data field 278 records a total of 12,592 (Figure 3.x). Next to Thin Orange Ware, it is the second most abundant foreign ceramic at Teotihuacan, and far more abundant than ceramics from any other non-local source. Nearly all examples are in the form of sizable amphoras, often with three loop handles (Figure 3.x). Surfaces are matte, and there is often rather bold, sloppy decoration in reddish, pinkish, or black paint that is dull rather than lustrous, with styles and motifs untypical of locally made wares. They have the look of quite utilitarian vessels for transporting or storing liquids. It has been suggested that they were a preferred kind of vessel for storing drinking water because the fabric may be porous enough to allow some water to seep through, evaporate from the exterior, and hence cool the contents (since considerable heat energy is absorbed by the evaporation of water). This suggestion is plausible enough, especially since slightly porous vessels are used in this way today in Mexico and in many other parts of the world, but, so far as I know, it has not been tested experimentally. If it is confirmed that the fabric works better for this purpose than do fabrics of vessels made from Teotihuacan Valley clays, it would explain why this utilitarian form was imported in such quantities. Neutron activation analysis (e.g., Cowgill and Neff 2001) and other studies confirm unequivocally that Granular Ware is of foreign origin. The exact source has not been identified, but similar wares (not necessarily in the same shapes) are reported elsewhere, and it is likely that the source is somewhere in western Morelos or eastern Guerrero. [Cite recent tesis by student of Paul Schmidt] Data fields 279-283 purport to record phase totals (501 pre-Miccaotli, 5,155 Miccaotli, 5,600 Tlamimilolpa, 1,183 Xolalpan, and 9 Metepec). However, the phasing of Granular Ware is highly uncertain, and these numbers should be treated with great caution. Nevertheless, stratigraphic evidence at the Feathered Serpent Pyramid shows that Granular Ware was already being imported at least as early as Early Tlamimilolpa (Cowgill 1998), and various statistical studies suggest that its import began by Tzacualli times and very likely declined in volume by the Xolalpan phase or even earlier. The spatial distribution of highest proportions relative to total Miccaotli-Metepec ceramics is rather unusual – it is above 3.5% in a broad zone in the northwest running from N6W3 to N6W1 and south to N3W3, in the far south from S4E1 to S7E1, and in a few other places; and above 7% in a strip running northeast from N5W3 to N6W1 (Figure 3.x). Proportions are only average (1-3%) in most of the central part of the city and below 1% in collections from the Ciudadela, the Great Compound, and much of the easternmost parts of the city. These spatial variations in proportions of Granular Ware relative to total Miccaotli-Metepec ceramics make some sense if we assume that much of the Granular Ware total was imported in Tzacualli and Miccaotli times. Ceramic roof ornaments (almenas), data field 28, appear visually to have also been made of Granular Ware, although some almenas are made of stone (probably counted under data field 135 or 146). [Granular Ware doesn't appear in the reanalysis file. It surely must be on the reanalysis data sheets, but probably wasn't phased, and Cowgill probably felt there was no strong need to check the Granular totals in the original analyses.]","A new variable called ‘granular’ was generated by merging 5 previous variables: ‘granPMic,’ ‘granMicc,’ ‘granTlam,’ ‘granXola,’ and ‘granMete.’ Huster advised that ‘ceramic phasing of granular ware is unreliable today’ so all previous granular ware variables have been merged.",FALSE,TRUE,FALSE,TRUE,FALSE,FALSE,
282,XOLAGRAN,granXola,granular,granXola,V219,cerVessel,Data_cerVessel,,Archaeology,Artifact Counts,Ceramics,-1,FALSE,Integer,Count,FALSE,,,Xolalpan,,,"Use with great caution, if at all.","Xol Granular Ware. Var.278 is good. The phasing for granular ware is now considered uncertain, so vars.279-283 should be used with great caution, if at all. Note that granular ware almenas are recorded separately, as var.28.",,"Granular Ware. This is a very distinctive foreign ware, easily recognized by appearance and feel. DF9 data field 278 records a total of 12,592 (Figure 3.x). Next to Thin Orange Ware, it is the second most abundant foreign ceramic at Teotihuacan, and far more abundant than ceramics from any other non-local source. Nearly all examples are in the form of sizable amphoras, often with three loop handles (Figure 3.x). Surfaces are matte, and there is often rather bold, sloppy decoration in reddish, pinkish, or black paint that is dull rather than lustrous, with styles and motifs untypical of locally made wares. They have the look of quite utilitarian vessels for transporting or storing liquids. It has been suggested that they were a preferred kind of vessel for storing drinking water because the fabric may be porous enough to allow some water to seep through, evaporate from the exterior, and hence cool the contents (since considerable heat energy is absorbed by the evaporation of water). This suggestion is plausible enough, especially since slightly porous vessels are used in this way today in Mexico and in many other parts of the world, but, so far as I know, it has not been tested experimentally. If it is confirmed that the fabric works better for this purpose than do fabrics of vessels made from Teotihuacan Valley clays, it would explain why this utilitarian form was imported in such quantities. Neutron activation analysis (e.g., Cowgill and Neff 2001) and other studies confirm unequivocally that Granular Ware is of foreign origin. The exact source has not been identified, but similar wares (not necessarily in the same shapes) are reported elsewhere, and it is likely that the source is somewhere in western Morelos or eastern Guerrero. [Cite recent tesis by student of Paul Schmidt] Data fields 279-283 purport to record phase totals (501 pre-Miccaotli, 5,155 Miccaotli, 5,600 Tlamimilolpa, 1,183 Xolalpan, and 9 Metepec). However, the phasing of Granular Ware is highly uncertain, and these numbers should be treated with great caution. Nevertheless, stratigraphic evidence at the Feathered Serpent Pyramid shows that Granular Ware was already being imported at least as early as Early Tlamimilolpa (Cowgill 1998), and various statistical studies suggest that its import began by Tzacualli times and very likely declined in volume by the Xolalpan phase or even earlier. The spatial distribution of highest proportions relative to total Miccaotli-Metepec ceramics is rather unusual – it is above 3.5% in a broad zone in the northwest running from N6W3 to N6W1 and south to N3W3, in the far south from S4E1 to S7E1, and in a few other places; and above 7% in a strip running northeast from N5W3 to N6W1 (Figure 3.x). Proportions are only average (1-3%) in most of the central part of the city and below 1% in collections from the Ciudadela, the Great Compound, and much of the easternmost parts of the city. These spatial variations in proportions of Granular Ware relative to total Miccaotli-Metepec ceramics make some sense if we assume that much of the Granular Ware total was imported in Tzacualli and Miccaotli times. Ceramic roof ornaments (almenas), data field 28, appear visually to have also been made of Granular Ware, although some almenas are made of stone (probably counted under data field 135 or 146). [Granular Ware doesn't appear in the reanalysis file. It surely must be on the reanalysis data sheets, but probably wasn't phased, and Cowgill probably felt there was no strong need to check the Granular totals in the original analyses.]","A new variable called ‘granular’ was generated by merging 5 previous variables: ‘granPMic,’ ‘granMicc,’ ‘granTlam,’ ‘granXola,’ and ‘granMete.’ Huster advised that ‘ceramic phasing of granular ware is unreliable today’ so all previous granular ware variables have been merged.",FALSE,TRUE,FALSE,TRUE,FALSE,FALSE,
283,METEGRAN,granMete,granular,granMete,V219,cerVessel,Data_cerVessel,,Archaeology,Artifact Counts,Ceramics,-1,FALSE,Integer,Count,FALSE,,,Metepec,,,"Use with great caution, if at all.","Met Granular Ware. Var.278 is good. The phasing for granular ware is now considered uncertain, so vars.279-283 should be used with great caution, if at all. Note that granular ware almenas are recorded separately, as var.28.",,"Granular Ware. This is a very distinctive foreign ware, easily recognized by appearance and feel. DF9 data field 278 records a total of 12,592 (Figure 3.x). Next to Thin Orange Ware, it is the second most abundant foreign ceramic at Teotihuacan, and far more abundant than ceramics from any other non-local source. Nearly all examples are in the form of sizable amphoras, often with three loop handles (Figure 3.x). Surfaces are matte, and there is often rather bold, sloppy decoration in reddish, pinkish, or black paint that is dull rather than lustrous, with styles and motifs untypical of locally made wares. They have the look of quite utilitarian vessels for transporting or storing liquids. It has been suggested that they were a preferred kind of vessel for storing drinking water because the fabric may be porous enough to allow some water to seep through, evaporate from the exterior, and hence cool the contents (since considerable heat energy is absorbed by the evaporation of water). This suggestion is plausible enough, especially since slightly porous vessels are used in this way today in Mexico and in many other parts of the world, but, so far as I know, it has not been tested experimentally. If it is confirmed that the fabric works better for this purpose than do fabrics of vessels made from Teotihuacan Valley clays, it would explain why this utilitarian form was imported in such quantities. Neutron activation analysis (e.g., Cowgill and Neff 2001) and other studies confirm unequivocally that Granular Ware is of foreign origin. The exact source has not been identified, but similar wares (not necessarily in the same shapes) are reported elsewhere, and it is likely that the source is somewhere in western Morelos or eastern Guerrero. [Cite recent tesis by student of Paul Schmidt] Data fields 279-283 purport to record phase totals (501 pre-Miccaotli, 5,155 Miccaotli, 5,600 Tlamimilolpa, 1,183 Xolalpan, and 9 Metepec). However, the phasing of Granular Ware is highly uncertain, and these numbers should be treated with great caution. Nevertheless, stratigraphic evidence at the Feathered Serpent Pyramid shows that Granular Ware was already being imported at least as early as Early Tlamimilolpa (Cowgill 1998), and various statistical studies suggest that its import began by Tzacualli times and very likely declined in volume by the Xolalpan phase or even earlier. The spatial distribution of highest proportions relative to total Miccaotli-Metepec ceramics is rather unusual – it is above 3.5% in a broad zone in the northwest running from N6W3 to N6W1 and south to N3W3, in the far south from S4E1 to S7E1, and in a few other places; and above 7% in a strip running northeast from N5W3 to N6W1 (Figure 3.x). Proportions are only average (1-3%) in most of the central part of the city and below 1% in collections from the Ciudadela, the Great Compound, and much of the easternmost parts of the city. These spatial variations in proportions of Granular Ware relative to total Miccaotli-Metepec ceramics make some sense if we assume that much of the Granular Ware total was imported in Tzacualli and Miccaotli times. Ceramic roof ornaments (almenas), data field 28, appear visually to have also been made of Granular Ware, although some almenas are made of stone (probably counted under data field 135 or 146). [Granular Ware doesn't appear in the reanalysis file. It surely must be on the reanalysis data sheets, but probably wasn't phased, and Cowgill probably felt there was no strong need to check the Granular totals in the original analyses.]","A new variable called ‘granular’ was generated by merging 5 previous variables: ‘granPMic,’ ‘granMicc,’ ‘granTlam,’ ‘granXola,’ and ‘granMete.’ Huster advised that ‘ceramic phasing of granular ware is unreliable today’ so all previous granular ware variables have been merged.",FALSE,TRUE,FALSE,TRUE,FALSE,FALSE,
284,CERADISK,ceramicDisk,ceramicDisk,ceramicDisk,V219,cerNonVessel,Data_cerNonVessel,,Archaeology,Artifact Counts,Ceramics,-1,FALSE,Integer,Count,FALSE,,,Ceramic disks,,,,Ceramic disks,"Ceramic disks. 3,924. This is probably a heterogeneous category but probably most are sherds reworked into roughly circular disks. Check Oralia's investigations in search of possible spindle whorls.",,,FALSE,FALSE,FALSE,FALSE,FALSE,FALSE,
285,SOBSIWK1,obsidianSpencePhase1,obsidianSpencePhase1,obsidianSpencePhase1,V219,workshop,Data_workshop,Codes_workshopSpence1,Archaeology,Interpretations,Workshops,-1,TRUE,Integer,Nominal? Ordinal?,TRUE,UNK-TBD,"0=not believed a workshop; 1=present, Patlachique phase; 2=present, Tzacualli phase; 3=present, Miccaotli-Metepec phase; 4=present, Aztec phase",Michael Spence identification of obsidian workshops by phase,Spence identification of obsidian workshop by interval. This is the primary phase/interval associated with obsidian workshops,,These data fields are probably useful indicators of obsidian concentrations (especially those likely to be pre-Miccaotli or Aztec) but otherwise should by used with great caution.,"Michael Spence identification of obsidian workshops by phase. Since providing the above information (in the early 80s), Spence has sharply reduced the number of sites he feels certain contained obsidian workshops.",Michael Spence identifications of obsidian workshops by phase. Spence identification of obsidian workshop by interval. Since providing this information in the early 1980s Spence has sharply reduced the number of TMP cases that he feels certain included obsidian workshops (refs). These data fields are probably useful indicators of obsidian concentrations (especially those likely to be pre-Miccaotli or Aztec) but otherwise should by used with great caution. [[Data fields added to DF8 after the code sheets had been filled out. These were not in DF6 and earlier versions of the datafile. They have been carried over from DF8 into DF9.]],,,FALSE,FALSE,FALSE,FALSE,FALSE,TRUE,"Merge and split;; Merge Spence Obsidian vars 1 and2, then SPLIT into presence/absence by phase"
286,SOBSIWK2,obsidianSpencePhase2,obsidianSpencePhase2,obsidianSpencePhase2,V219,workshop,Data_workshop,Codes_workshopSpence2,Archaeology,Interpretations,Workshops,-1,TRUE,Integer,Nominal? Ordinal?,TRUE,UNK-TBD,0=not a workshop in more than one phase; 1=Patlachique phase; 2=Tzacualli phase; 3=Miccaotli-Metepec phase; 4=Aztec phase,Additional phase for multiphase obsidian workshops (Spence),Spence obsidianworkshopidentification: Additional interval for multi-interval obsidian workshops (spillover variable for sites with obsidian workshops in more than one phase),,These data fields are probably useful indicators of obsidian concentrations (especially those likely to be pre-Miccaotli or Aztec) but otherwise should by used with great caution.,"Additional phase for multiphase obsidian workshops (Spence). Since providing the above information (in the early 80s), Spence has sharply reduced the number of sites he feels certain contained obsidian workshops.",Michael Spence identifications of obsidian workshops by phase. Additional interval for multi-interval obsidian workshops. Since providing this information in the early 1980s Spence has sharply reduced the number of TMP cases that he feels certain included obsidian workshops (refs). These data fields are probably useful indicators of obsidian concentrations (especially those likely to be pre-Miccaotli or Aztec) but otherwise should by used with great caution. [[Data fields added to DF8 after the code sheets had been filled out. These were not in DF6 and earlier versions of the datafile. They have been carried over from DF8 into DF9.]],,,FALSE,FALSE,FALSE,FALSE,FALSE,TRUE,"SPLIT;; Merge Spence Obsidian vars 1 and2, then SPLIT into presence/absence by phase"
287,KCERAWKS,ceramicKrotser,ceramicKrotser,ceramicKrotser,V219,workshop,Data_workshop,Codes_workshopKrotser,Archaeology,Interpretations,Workshops,-1,TRUE,Integer,Nominal,TRUE,Unordered,0=not identified as a workshop; 1=probably or surely a ceramic workshop,Paula Krotser's classification of ceramic workshops,,,,"Paula Krotser's classification of ceramic workshops. Paula was never able to complete examination of all collections for evidence of workshops, so there are probably some not coded as such in DF8. On the other hand, some of those she did identify may need re-evaluation.","Paula Krotser's identifications of ceramic workshops. Krotser was never able to complete her examination of all TMP collections for evidence of workshops, and many of the 210 she did propose as likely workshops (Krotser 1987) need to be re-evaluated. This data field must be used with great caution and only as a guide in further studies of Teotihuacan ceramic industries. [[Data fields added to DF8 after the code sheets had been filled out. These were not in DF6 and earlier versions of the datafile. They have been carried over from DF8 into DF9.]]",,,FALSE,FALSE,FALSE,FALSE,FALSE,FALSE,
288,BFIGCONC,figurineConcBarbour,figurineConcBarbour,figurineConcBarbour,V220,workshop,Data_workshop,Codes_figurineConcBarbour,Archaeology,Interpretations,Workshops,-1,TRUE,Integer,Nominal,TRUE,Unordered,0=not identified as a figurine concentration; 1=identified as a figurine concentration,Figurine concentrations identified by Warren Barbour,,,,Figurine concentrations identified by Warren Barbour,"Figurine concentrations identified by Warren Barbour. DF9 records 125 cases (Figure 3.x). This is probably quite good, if understood as referring to concentrations, which may often prove to be workshops upon further investigation. For later phases in which figurines were often mold-made, concentrations of fragments of molds are one potential clue for the likely existence of a workshop nearby. However, figurines are so easily produced by molds that finds of one or two molds might reflect only part-time household production. [[Data fields added to DF8 after the code sheets had been filled out. These were not in DF6 and earlier versions of the datafile. They have been carried over from DF8 into DF9.]]",,,FALSE,FALSE,FALSE,FALSE,FALSE,FALSE,
289,AREASTRC,areaStruct,areaStruct,areaStruct,V401,description,Data_description,,Archaeology,Interpretations,Architectural Reconstructions,-1,FALSE,Integer,Ratio,FALSE,,,Structure area,,,,"Structure area. Coded ""-1"" or ""0"" if no structure is shown on the red ""Interpretations"" sheet in Millon et al. (1973) or if there are only conventionalized symbols for insubstantial structures. Otherwise, it is a 4-digit variable recording approximately the area (in square meters) of apartment compounds, temples, platforms, and other substantial structures. However, 14 sites are coded ""9999,"" indicating that the actual area was 10,000 square meters or more. The cumulative total is 5,527,199 square meters, or 552.72 hectares, or 5.527 square kilometers, but this does not represent the full area of the 14 largest structures, including the Sun Pyramid, which is far more than 10,000 square meters.","Structure area. This is based on the structures shown in red in the transparent ""interpretations"" overlay sheets in Millon et al. (1973) and is a more meaningful estimate of ancient structure size than is the collection tract area (data field 203). It records the area, in square meters, of substantial structures believed to have been occupied during the Xolalpan phase. it includes civic-ceremonial and other structures as well as substantial residential structures. Insubstantial structure areas are shown as ""missing data"" because the red rectangles for these on the ""interpretations"" sheets are merely conventional symbols. Because of the fixed-field format of early predecessors of DF8, areas only up to 9,999 m2 could be recorded accurately. In DF9, 14 cases are coded ""9999,"" which means that the structure area is some unknown amount greater than 9,999 m2. These include the Sun Pyramid (about 48,870 m2) and the Moon Pyramid (about 21,420 m2), among others. Data field 289 sums to 5,527,199 m2, or 552.72 ha, or 5.527 km2. Including the fractions of the areas of the Sun and Moon in excess of 9,999 m2 brings the total to over 5.577 km2, still a slightly conservative estimate since it does not include the excess over 9,999 m2 of the other 12 cases. This total is considerably less than the meaningful area of the city because it does not include streets and avenues, insubstantial structures, plazas, and other open spaces between structures. Summing the total area of residential structures could be relevant for estimating the city's population, but cannot substitute for more careful consideration of structure layouts in making population estimates. [[Data fields added to DF8 after the code sheets had been filled out. These were not in DF6 and earlier versions of the datafile. They have been carried over from DF8 into DF9.]]",,,FALSE,FALSE,FALSE,FALSE,FALSE,FALSE,
290,INSUBSTR,insubstantialCount,,insubstantialCount,V220,archInterp,Data_archInterp,,Archaeology,Interpretations,Architectural Reconstructions,-1,FALSE,Integer,Count,FALSE,,,Number of insubstantial structures in the site,,,Probably not useful.,"Number of insubstantial structures in the site. This was added to DF8 by a research assistant without consulting GLC. It is probably a count of the number of conventionalized symbols for insubstantial structures shown on the ""Interpretations"" sheets of Millon et al. (1973). Since the number of these symbols mainly reflects the size of the ceramic collection, it does not seem that var.290 is useful.","Number of insubstantial structures in the site.  This data field was added by a research assistant who had not consulted Cowgill and did not realize that the red rectangles in the ""interpretations"" sheets of Millon et al. (1973) are merely conventional symbols.IT SHOULD BE IGNORED!  (Leave it out of online version) [[Data fields added to DF8 after the code sheets had been filled out. These were not in DF6 and earlier versions of the datafile. They have been carried over from DF8 into DF9.]]",,"Variable 290, insubstantial structures count (insubstantialCount) was removed from DF10. This field was accidentally added by a research assistant who did not realize that the red rectangles on the TMP map are conventional symbols and not estimates of the number of structures (Robertson and Cowgill 2012).",TRUE,FALSE,FALSE,FALSE,FALSE,FALSE,
291,QUALBND,boundInfoQual,boundInfoQual,boundInfoQual,V220,archInterp,Data_archInterp,Codes_boundInfoQual,Archaeology,Interpretations,Architectural Reconstructions,-1,TRUE,Integer,Nominal? Ordinal?,TRUE,UNK-TBD,0=boundaries clear; 1=not all boundaries clear; 2=conventional symbols for insubstantial structures,Quality of information on structural boundaries,,,,"Quality of information on structural boundaries. Var.291 is essentially based on whether all the structure boundaries on the ""Interpretations"" sheets of Millon et al. (1973) are shown as solid lines, or some or all as broken lines. It also distinguishes sites considered to have had only insubstantial structures, but vars.44-51 are probably preferable for this purpose.","Quality of information on boundaries of structures. This is essentially based on whether all the structure boundaries on the ""interpretations"" sheets of Millon et al. (1973) are solid lines, or some are broken lines. It also indicates sites considered to have had only insubstantial structures, but data fields 46 and 50 may be better for this. Boundaries were clear for 2,427 cases, at least some boundaries were unclear for 533 cases, and 768 cases had only conventional symbols for insubstantial structures. Except for fully excavated structures, ""Clear"" boundaries rarely means that boundaries could be determined precisely, but rather that it was judged there is a strong probability that boundary locations were correctly estimated to within a few meters. [[Data fields added to DF8 after the code sheets had been filled out. These were not in DF6 and earlier versions of the datafile. They have been carried over from DF8 into DF9.]]",,,FALSE,FALSE,FALSE,FALSE,FALSE,TRUE,"Does 2=""conventional symbols for insubstantial structures"" along this spectrum suggest that this is an ordinal variable? Or is this just nominal?;; "
292,,,unworkedBone,,,,,,,,,,,,,,,,,,,,,,,,FALSE,FALSE,FALSE,TRUE,TRUE,,
